"";"X";"Protein.Acs";"Protein.G";"ID";"Description";"Gene";"Global.Peptide.Count";"Global.Spectra.Count";"Global.DNSAF";"Peptide.Count.P5572";"Spectra.Count.P5572";"DNSAF.P5572";"Unspecific.Spectra.Count";"Go.Cc";"norm.sc"
"2";2;"O00154";"O00154-1,O00154-2,O00154-3,O00154-4,O00154-6";"BACH_HUMAN";"Cytosolic acyl coenzyme A thioester hydrolase";"ACOT7";4;6;"2.45870862184113E-4";4;6;"0";0;"cell body, cytosol, neuron projection, mitochondrion, extracellular vesicular exosome";0,00134983127109111
"4";4;"O00299";"O00299";"CLIC1_HUMAN";"Chloride intracellular channel protein 1";"CLIC1";3;5;"0.00161533415681125";3;5;"0.00204536898991903";0;"brush border, mitochondrion, nuclear envelope, perinuclear region of cytoplasm, plasma membrane, blood microparticle, nuclear membrane, extracellular vesicular exosome, chloride channel complex";0,00112485939257593
"5";5;"O00422";"O00422";"SAP18_HUMAN";"Histone deacetylase complex subunit SAP18";"SAP18";4;5;"0.0025444152404674";4;5;"0.00322179036974174";0;"histone deacetylase complex, ASAP complex, nuclear speck, cytoplasm, plasma membrane";0,00112485939257593
"6";6;"O00571";"O00571-1,O00571-2";"DDX3X_HUMAN";"ATP-dependent RNA helicase DDX3X";"DDX3X";14;20;"0.00123592211434655";14;20;"0";3;"mitochondrial outer membrane, cytoplasmic stress granule, extracellular vesicular exosome, nucleus, nuclear speck";0,00449943757030371
"8";8;"O14737";"O14737";"PDCD5_HUMAN";"Programmed cell death protein 5";"PDCD5";5;5;"0.0031143642543321";5;5;"0.00394347141256389";0;"cytoplasm, nucleus, extracellular vesicular exosome";0,00112485939257593
"9";9;"O14818";"O14818-1,O14818-2";"PSA7_HUMAN";"Proteasome subunit alpha type-7";"PSMA7";2;4;"6.27896019018568E-4";2;4;"0";0;"extracellular vesicular exosome, cytosol, proteasome core complex, nucleoplasm, proteasome core complex, alpha-subunit complex";0,000899887514060742
"11";11;"O15143";"O15143";"ARC1B_HUMAN";"Actin-related protein 2/3 complex subunit 1B";"ARPC1B";2;2;"4.18597346012379E-4";2;2;"5.30036480183319E-4";0;"Arp2/3 protein complex, cytoplasm, extracellular vesicular exosome";0,000449943757030371
"12";12;"O15372";"O15372";"EIF3H_HUMAN";"Eukaryotic translation initiation factor 3 subunit H";"EIF3H";2;2;"4.42381286126719E-4";2;2;"5.60152189284644E-4";0;"cytosol, eukaryotic 48S preinitiation complex, eukaryotic 43S preinitiation complex, extracellular vesicular exosome, eukaryotic translation initiation factor 3 complex";0,000449943757030371
"14";14;"O43175";"O43175";"SERA_HUMAN";"D-3-phosphoglycerate dehydrogenase";"PHGDH";5;9;"0.00131469410361111";5;9;"0.00166469243494723";0;"extracellular vesicular exosome, cytosol";0,00202474690663667
"18";18;"O43707";"O43707";"ACTN4_HUMAN";"Alpha-actinin-4";"ACTN4";7;8;"8.35663051534409E-4";7;8;"0.0010581335660008";2;"platelet alpha granule lumen, protein complex, nucleus, neuron projection, Z disc, extracellular vesicular exosome, cell-cell junction, stress fiber, cortical cytoskeleton, ribonucleoprotein complex, perinuclear region of cytoplasm, pseudopodium";0,00179977502812148
"26";26;"O75083";"O75083-1";"WDR1_HUMAN";"WD repeat-containing protein 1";"WDR1";5;6;"7.70882241171312E-4";5;6;"0";0;"podosome, cell junction, extracellular vesicular exosome, cytosol, cell projection";0,00134983127109111
"27";27;"O75348";"O75348";"VATG1_HUMAN";"V-type proton ATPase subunit G 1";"ATP6V1G1";2;2;"0.0013196458704797";2;2;"0.0016709624629508";0;"vacuolar proton-transporting V-type ATPase complex, lysosomal membrane, plasma membrane, extracellular vesicular exosome, cytosol";0,000449943757030371
"28";28;"O75369";"O75369-1,O75369-2,O75369-7,O75369-8,O75369-9";"FLNB_HUMAN";"Filamin-B";"FLNB";5;6;"3.59073511260426E-5";5;6;"0";0;"extracellular vesicular exosome, cell cortex, cytosol, plasma membrane, focal adhesion, actin cytoskeleton, integral component of membrane, Z disc, stress fiber";0,00134983127109111
"35";35;"O94804";"O94804";"STK10_HUMAN";"Serine/threonine-protein kinase 10";"STK10";4;4;"3.21731844455795E-4";4;4;"4.07383410388832E-4";0;"extracellular vesicular exosome, cytoplasm, plasma membrane";0,000899887514060742
"38";38;"O95336";"O95336";"6PGL_HUMAN";"6-phosphogluconolactonase";"PGLS";1;1;"3.01779482008924E-4";1;1;"3.82119322922858E-4";0;"cytosol, extracellular vesicular exosome";0,000224971878515186
"39";39;"O95347";"O95347-1,O95347-2";"SMC2_HUMAN";"Structural maintenance of chromosomes protein 2";"SMC2";7;8;"2.60180806544035E-4";7;8;"0";0;"extracellular vesicular exosome, cytosol, condensin complex, nuclear chromosome";0,00179977502812148
"40";40;"O95721";"O95721";"SNP29_HUMAN";"Synaptosomal-associated protein 29";"SNAP29";3;3;"9.05338446026773E-4";3;3;"0.00114635796876857";0;"SNARE complex, nucleus, synapse, plasma membrane, cell junction, neuron projection";0,000674915635545557
"45";45;"P00338";"P00338-1,P00338-3";"LDHA_HUMAN";"L-lactate dehydrogenase A chain";"LDHA";5;8;"0.00104229058043243";5;8;"0";2;"extracellular vesicular exosome, cilium, mitochondrion, cytosol";0,00179977502812148
"47";47;"P00558";"P00558";"PGK1_HUMAN";"Phosphoglycerate kinase 1";"PGK1";21;46;"0.00858877432249859";21;46;"0.0108752808739772";0;"extracellular vesicular exosome, cytosol";0,0103487064116985
"48";48;"P01892";"P01892";"1A02_HUMAN";"HLA class I histocompatibility antigen, A-2 alpha chain";"HLA-A";2;4;"0.0026308556486367";2;4;"0.00333124297408365";10;"cell surface, early endosome membrane, integral component of lumenal side of endoplasmic reticulum membrane, ER to Golgi transport vesicle membrane, Golgi membrane, phagocytic vesicle membrane, MHC class I protein complex";0,000899887514060742
"50";50;"P02786";"P02786";"TFR1_HUMAN";"Transferrin receptor protein 1";"TFRC";2;2;"2.04892385153428E-4";2;2;"2.59438908721309E-4";0;"extracellular vesicular exosome, blood microparticle, integral component of plasma membrane, endosome, external side of plasma membrane, coated pit, perinuclear region of cytoplasm, cytoplasmic membrane-bounded vesicle, melanosome";0,000449943757030371
"51";51;"P04075";"P04075";"ALDOA_HUMAN";"Fructose-bisphosphate aldolase A";"ALDOA";10;17;"0.00380943299031988";10;17;"0.00482358159438414";1;"extracellular space, extracellular vesicular exosome, I band, actin cytoskeleton, cytosol, platelet alpha granule lumen";0,00382452193475816
"52";52;"P04259";"P04259";"K2C6B_HUMAN";"Keratin, type II cytoskeletal 6B";"KRT6B";0;0;"0";0;0;"0";2;"keratin filament, extracellular vesicular exosome";0
"53";53;"P04264";"P04264";"K2C1_HUMAN";"Keratin, type II cytoskeletal 1";"KRT1";7;10;"0.00153139029069125";7;10;"0.00193907755793773";3;"extracellular vesicular exosome, keratin filament, plasma membrane, cytoskeleton, membrane, blood microparticle";0,00224971878515186
"54";54;"P04350";"P04350";"TBB4A_HUMAN";"Tubulin beta-4A chain";"TUBB4A";1;2;"0.00160939994624519";1;2;"0.00203785497170782";46;"internode region of axon, plasma membrane, neuronal cell body, cilium, myelin sheath, cytosol, microtubule";0,000449943757030371
"55";55;"P04406";"P04406";"G3P_HUMAN";"Glyceraldehyde-3-phosphate dehydrogenase";"GAPDH";10;18;"0.00418347437149088";10;18;"0.00529720040493657";0;"perinuclear region of cytoplasm, extracellular vesicular exosome, lipid particle, nucleus, GAIT complex, cytosol, ribonucleoprotein complex, microtubule cytoskeleton, plasma membrane";0,00404949381327334
"56";56;"P04439";"P04439,P13746-1,P13746-2,P16188";"1A03_HUMAN, 1A11_HUMAN, 1A30_HUMAN";"HLA class I histocompatibility antigen, A-11 alpha chain, HLA class I histocompatibility antigen, A-3 alpha chain, HLA class I histocompatibility antigen, A-30 alpha chain";"HLA-A";0;0;"0";0;0;"0";8;"MHC class I protein complex, integral component of lumenal side of endoplasmic reticulum membrane, phagocytic vesicle membrane, early endosome membrane, integral component of plasma membrane, ER to Golgi transport vesicle membrane, Golgi membrane";0
"57";57;"P04792";"P04792";"HSPB1_HUMAN";"Heat shock protein beta-1";"HSPB1";7;9;"0.00341820466938889";7;9;"0.00432820033086281";0;"spindle, Z disc, extracellular vesicular exosome, cytoskeleton, proteasome complex, cytosol, nucleus, plasma membrane, extracellular space";0,00202474690663667
"59";59;"P04908";"P04908,Q7L7L0,Q93077";"H2A1B_HUMAN, H2A1C_HUMAN, H2A3_HUMAN";"Histone H2A type 1-B/E, Histone H2A type 1-C, Histone H2A type 3";"HIST1H2AB,HIST1H2AE, HIST1H2AC, HIST3H2A";1;3;"0.00253936082304128";1;3;"0.00321539036351275";37;"nucleus, nucleosome, extracellular vesicular exosome";0,000674915635545557
"61";61;"P05141";"P05141";"ADT2_HUMAN";"ADP/ATP translocase 2";"SLC25A5";9;14;"0.00365781036582629";9;14;"0.00463159394093075";0;"MMXD complex, mitochondrial nucleoid, integral component of plasma membrane, mitochondrial inner membrane";0,0031496062992126
"63";63;"P05387";"P05387";"RLA2_HUMAN";"60S acidic ribosomal protein P2";"RPLP2";3;5;"0.0033851785373175";3;5;"0.00428638197017814";0;"extracellular vesicular exosome, cytosolic large ribosomal subunit";0,00112485939257593
"64";64;"P05388";"P05388,Q8NHW5";"RLA0L_HUMAN, RLA0_HUMAN";"60S acidic ribosomal protein P0, 60S acidic ribosomal protein P0-like";"RPLP0, RPLP0P6";5;8;"9.82449291587413E-4";5;8;"0.00124399729102962";0;"extracellular vesicular exosome, nucleus, cytosolic large ribosomal subunit";0,00179977502812148
"66";66;"P06493";"P06493-1";"CDK1_HUMAN";"Cyclin-dependent kinase 1";"CDK1";3;4;"0.00146805049025755";3;4;"0";2;"midbody, cytosol, extracellular vesicular exosome, nucleoplasm, mitochondrion, microtubule organizing center, spindle microtubule";0,000899887514060742
"67";67;"P06576";"P06576";"ATPB_HUMAN";"ATP synthase subunit beta, mitochondrial";"ATP5B";20;50;"0.00735908377677717";20;50;"0.00931822167430031";0;"mitochondrial nucleoid, cell surface, mitochondrial proton-transporting ATP synthase, catalytic core, extracellular vesicular exosome, plasma membrane";0,0112485939257593
"68";68;"P06730";"P06730-1,P06730-2,P06730-3";"IF4E_HUMAN";"Eukaryotic translation initiation factor 4E";"EIF4E";2;2;"2.39198483435645E-4";2;2;"0";0;"chromatoid body, eukaryotic translation initiation factor 4F complex, cytoplasmic mRNA processing body, cytosol, RISC complex, mRNA cap binding complex, cytoplasmic stress granule, extracellular vesicular exosome";0,000449943757030371
"69";69;"P06733";"P06733-1";"ENOA_HUMAN";"Alpha-enolase";"ENO1";15;27;"0.00484376928957181";15;27;"0";0;"M band, cytosol, phosphopyruvate hydratase complex, plasma membrane, nucleus, extracellular vesicular exosome, extracellular space";0,00607424071991001
"70";70;"P06744";"P06744-1,P06744-2";"G6PI_HUMAN";"Glucose-6-phosphate isomerase";"GPI";3;3;"2.09298673006189E-4";3;3;"0";0;"neuron projection, cytosol, nucleus, extracellular space, extracellular vesicular exosome, plasma membrane";0,000674915635545557
"72";72;"P06753";"P06753-1,P06753-2,P06753-3,P07951-1,P07951-2,P07951-3,P09493-1,P09493-2,P09493-3,P09493-4,P09493-5,P09493-6,P09493-7,P67936-1,P67936-2";"TPM1_HUMAN, TPM2_HUMAN, TPM3_HUMAN, TPM4_HUMAN";"Tropomyosin alpha-1 chain, Tropomyosin alpha-3 chain, Tropomyosin alpha-4 chain, Tropomyosin beta chain";"TPM1, TPM2, TPM3, TPM4";2;2;"3.71819992159993E-5";2;2;"0";0;"cytosol, stress fiber, extracellular vesicular exosome, muscle thin filament tropomyosin";0,000449943757030371
"73";73;"P07195";"P07195";"LDHB_HUMAN";"L-lactate dehydrogenase B chain";"LDHB";5;10;"0.00259012329867939";5;10;"0.00327966684344968";2;"extracellular vesicular exosome, cytosol, mitochondrion";0,00224971878515186
"74";74;"P07237";"P07237";"PDIA1_HUMAN";"Protein disulfide-isomerase";"P4HB";4;4;"6.13063829592933E-4";4;4;"7.76273900111002E-4";0;"procollagen-proline 4-dioxygenase complex, plasma membrane, melanosome, endoplasmic reticulum-Golgi intermediate compartment, endoplasmic reticulum lumen, extracellular vesicular exosome";0,000899887514060742
"75";75;"P07437";"P07437";"TBB5_HUMAN";"Tubulin beta chain";"TUBB";5;11;"0.00925637281431894";5;11;"0.0117206076734683";57;"extracellular vesicular exosome, cytosol, cell body, plasma membrane, microtubule, nuclear envelope lumen";0,00247469066366704
"76";76;"P07737";"P07737";"PROF1_HUMAN";"Profilin-1";"PFN1";5;7;"0.00389295531791512";5;7;"0.00492933926570487";0;"synapse, extracellular vesicular exosome, cytoplasm, blood microparticle, neuron projection, cytoskeleton, nucleus";0,0015748031496063
"78";78;"P07900";"P07900-1,P07900-2";"HS90A_HUMAN";"Heat shock protein HSP 90-alpha";"HSP90AA1";11;14;"0.00113595838550508";11;14;"0";24;"extracellular vesicular exosome, mitochondrion, apical plasma membrane, basolateral plasma membrane, neuron projection, cell surface, extracellular matrix, perinuclear region of cytoplasm, neuronal cell body, brush border membrane, cytosol, protein complex, endocytic vesicle lumen, melanosome, plasma membrane";0,0031496062992126
"79";79;"P07910";"P07910-2";"HNRPC_HUMAN";"Heterogeneous nuclear ribonucleoproteins C1/C2";"HNRNPC";14;26;"0.00712436267330872";14;26;"0";2;"catalytic step 2 spliceosome, nucleoplasm, extracellular vesicular exosome";0,00584926884139483
"81";81;"P07954";"P07954-1,P07954-2";"FUMH_HUMAN";"Fumarate hydratase, mitochondrial";"FH";4;5;"3.8166228607011E-4";4;5;"0";0;"tricarboxylic acid cycle enzyme complex, extracellular vesicular exosome, mitochondrial matrix";0,00112485939257593
"82";82;"P08107";"P08107-1";"HSP71_HUMAN";"Heat shock 70 kDa protein 1A/1B";"HSPA1B,HSPA1A";11;27;"0.00612437448547105";11;27;"0";31;"blood microparticle, mitochondrion, ribonucleoprotein complex, perinuclear region of cytoplasm, endoplasmic reticulum, extracellular vesicular exosome, aggresome, cytosol, nuclear speck";0,00607424071991001
"83";83;"P08238";"P08238";"HS90B_HUMAN";"Heat shock protein HSP 90-beta";"HSP90AB1";13;31;"0.00565924803499185";13;31;"0.00716585505743445";31;"basolateral plasma membrane, extracellular vesicular exosome, brush border membrane, apical plasma membrane, mitochondrion, melanosome, cell surface, cytosol, inclusion body";0,00697412823397075
"84";84;"P08670";"P08670";"VIME_HUMAN";"Vimentin";"VIM";28;46;"0.00768566285940325";28;46;"0.0097317427563272";0;"cell projection, peroxisome, cytosol, extracellular vesicular exosome, intermediate filament, cell leading edge";0,0103487064116985
"86";86;"P08865";"P08865";"RSSA_HUMAN";"40S ribosomal protein SA";"RPSA";2;3;"7.91787522287822E-4";2;3;"0.00100257747777048";0;"cytosolic small ribosomal subunit, 90S preribosome, nucleus, plasma membrane, extracellular vesicular exosome";0,000674915635545557
"87";87;"P09651";"P09651-1,P09651-2,P09651-3";"ROA1_HUMAN";"Heterogeneous nuclear ribonucleoprotein A1";"HNRNPA1";12;19;"0.00144170975463192";12;19;"0";4;"extracellular vesicular exosome, intermediate filament cytoskeleton, nucleolus, catalytic step 2 spliceosome, cytoplasm, nucleoplasm";0,00427446569178853
"89";89;"P09972";"P09972";"ALDOC_HUMAN";"Fructose-bisphosphate aldolase C";"ALDOC";2;4;"8.96337174192912E-4";2;4;"0.00113496037514921";1;"mitochondrion, cytoskeleton, axon, extracellular vesicular exosome, cytosol";0,000899887514060742
"91";91;"P0C0S8";"P0C0S8,P20671,Q16777,Q6FI13,Q96KK5,Q99878,Q9BTM1-1";"H2A1D_HUMAN, H2A1H_HUMAN, H2A1J_HUMAN, H2A1_HUMAN, H2A2A_HUMAN, H2A2C_HUMAN, H2AJ_HUMAN";"Histone H2A type 1, Histone H2A type 1-D, Histone H2A type 1-H, Histone H2A type 1-J, Histone H2A type 2-A, Histone H2A type 2-C, Histone H2A.J";"H2AFJ, HIST1H2AD, HIST1H2AH, HIST1H2AJ, HIST1H2AM,HIST1H2AL,HIST1H2AG,HIST1H2AI,HIST1H2AK, HIST2H2AA3,HIST2H2AA4, HIST2H2AC";1;4;"0.00146069427874056";1;4;"0.00215742321164727";37;"extracellular vesicular exosome, nucleosome, nucleus";0,000899887514060742
"92";92;"P0CG47";"P0CG47,P0CG48,P62979,P62987";"RL40_HUMAN, RS27A_HUMAN, UBB_HUMAN, UBC_HUMAN";"Polyubiquitin-B, Polyubiquitin-C, Ubiquitin-40S ribosomal protein S27a, Ubiquitin-60S ribosomal protein L40";"RPS27A, UBA52, UBB, UBC";5;10;"6.49909068099353E-4";5;10;"8.22928091102649E-4";0;"cytosol, nucleoplasm, endocytic vesicle membrane, endosome membrane, plasma membrane";0,00224971878515186
"93";93;"P10319";"P10319,P18465";"1B57_HUMAN, 1B58_HUMAN";"HLA class I histocompatibility antigen, B-57 alpha chain, HLA class I histocompatibility antigen, B-58 alpha chain";"HLA-B";1;1;"2.72435178785957E-4";1;1;"3.4496296887069E-4";4;"phagocytic vesicle membrane, ER to Golgi transport vesicle membrane, early endosome membrane, Golgi membrane, MHC class I protein complex, integral component of lumenal side of endoplasmic reticulum membrane, cell surface";0,000224971878515186
"95";95;"P10809";"P10809";"CH60_HUMAN";"60 kDa heat shock protein, mitochondrial";"HSPD1";27;51;"0.00692986810518923";27;51;"0.00877474005413431";0;"coated vesicle, mitochondrial matrix, extracellular vesicular exosome, mitochondrial inner membrane, cell surface, early endosome, plasma membrane, secretory granule, lipopolysaccharide receptor complex, coated pit, extracellular space, cytosol";0,0114735658042745
"96";96;"P11021";"P11021";"GRP78_HUMAN";"78 kDa glucose-regulated protein";"HSPA5";26;53;"0.00658420514787931";26;53;"0.0083370545815253";6;"extracellular vesicular exosome, cell surface, endoplasmic reticulum lumen, midbody, integral component of endoplasmic reticulum membrane, melanosome, endoplasmic reticulum-Golgi intermediate compartment, endoplasmic reticulum chaperone complex, nucleus";0,0119235095613048
"97";97;"P11142";"P11142-1";"HSP7C_HUMAN";"Heat shock cognate 71 kDa protein";"HSPA8";25;77;"0.0108801712605685";25;77;"0";18;"clathrin-sculpted gamma-aminobutyric acid transport vesicle membrane, nucleolus, ribonucleoprotein complex, extracellular vesicular exosome, Prp19 complex, cytosol, melanosome, spliceosomal complex, plasma membrane, blood microparticle";0,0173228346456693
"100";100;"P11586";"P11586";"C1TC_HUMAN";"C-1-tetrahydrofolate synthase, cytoplasmic";"MTHFD1";6;8;"6.66174172049647E-4";6;8;"8.43523296805111E-4";0;"extracellular vesicular exosome, mitochondrion, cytosol";0,00179977502812148
"102";102;"P12268";"P12268";"IMDH2_HUMAN";"Inosine-5'-monophosphate dehydrogenase 2";"IMPDH2";7;10;"0.00151476860619265";7;10;"0.00191803084268672";0;"nucleus, peroxisomal membrane, extracellular vesicular exosome, cytosol";0,00224971878515186
"104";104;"P12814";"P12814-1,P12814-2,P12814-3";"ACTN1_HUMAN";"Alpha-actinin-1";"ACTN1";1;1;"3.55609603862036E-5";1;1;"0";2;"fascia adherens, ruffle, pseudopodium, Z disc, plasma membrane, extracellular vesicular exosome, focal adhesion, cytosol, nucleus, cytoskeleton, platelet alpha granule lumen, dendritic spine";0,000224971878515186
"106";106;"P13639";"P13639";"EF2_HUMAN";"Elongation factor 2";"EEF2";18;33;"0.00299458101378086";18;33;"0.00379179943515759";0;"polysome, ribonucleoprotein complex, extracellular vesicular exosome, cytosol";0,00742407199100112
"107";107;"P13645";"P13645";"K1C10_HUMAN";"Keratin, type I cytoskeletal 10";"KRT10";6;9;"0.0011998834883985";6;9;"0.00151931689696383";0;"cytoplasm, extracellular space, keratin filament, intermediate filament, extracellular vesicular exosome";0,00202474690663667
"108";108;"P13667";"P13667";"PDIA4_HUMAN";"Protein disulfide-isomerase A4";"PDIA4";1;1;"1.2071179280357E-4";1;1;"1.52847729169143E-4";0;"melanosome, endoplasmic reticulum lumen, cell surface";0,000224971878515186
"109";109;"P13796";"P13796";"PLSL_HUMAN";"Plastin-2";"LCP1";6;10;"0.00124177203123289";6;10;"0.00157235702255339";0;"extracellular vesicular exosome, actin filament, actin filament bundle, ruffle membrane, phagocytic cup, plasma membrane, filopodium, focal adhesion, cytosol, ruffle, extracellular space";0,00224971878515186
"111";111;"P13861";"P13861";"KAP2_HUMAN";"cAMP-dependent protein kinase type II-alpha regulatory subunit";"PRKAR2A";3;4;"7.70882241171312E-4";3;4;"9.76106785288092E-4";0;"extracellular vesicular exosome, plasma membrane, cAMP-dependent protein kinase complex, centrosome, AMP-activated protein kinase complex, cytosol";0,000899887514060742
"113";113;"P14618";"P14618-1";"KPYM_HUMAN";"Pyruvate kinase isozymes M1/M2";"PKM";22;45;"0.00731542819505053";22;45;"0";5;"cytosol, mitochondrion, plasma membrane, nucleus, extracellular vesicular exosome, cilium";0,0101237345331834
"114";114;"P14625";"P14625";"ENPL_HUMAN";"Endoplasmin";"HSP90B1";20;33;"0.0033496747384458";20;33;"0.00424142633735735";3;"cytosol, melanosome, midbody, extracellular vesicular exosome, perinuclear region of cytoplasm, endoplasmic reticulum membrane, endocytic vesicle lumen, endoplasmic reticulum lumen, plasma membrane";0,00742407199100112
"115";115;"P14866";"P14866-1";"HNRPL_HUMAN";"Heterogeneous nuclear ribonucleoprotein L";"HNRNPL";6;6;"7.93131813497139E-4";6;6;"0";0;"extracellular vesicular exosome, pronucleus, ribonucleoprotein complex, cytoplasm, nucleoplasm";0,00134983127109111
"116";116;"P14868";"P14868";"SYDC_HUMAN";"Aspartate--tRNA ligase, cytoplasmic";"DARS";4;4;"6.21629591683054E-4";4;4;"7.87120042427922E-4";0;"extracellular vesicular exosome, cytosol";0,000899887514060742
"118";118;"P15311";"P15311";"EZRI_HUMAN";"Ezrin";"EZR";6;8;"0.00133570849048645";6;8;"0.00169130127936233";29;"cortical cytoskeleton, astrocyte projection, Schwann cell microvillus, nucleolus, cytosol, actin filament, uropod, microvillus, T-tubule, cell body, microspike, extracellular vesicular exosome, extrinsic component of membrane, ruffle membrane, ruffle, filopodium, microvillus membrane, apical plasma membrane, membrane raft, basolateral plasma membrane, cell tip, apical part of cell";0,00179977502812148
"119";119;"P15880";"P15880";"RS2_HUMAN";"40S ribosomal protein S2";"RPS2";3;3;"7.97192215272721E-4";3;3;"0.00100942101004195";0;"cytosolic small ribosomal subunit, extracellular vesicular exosome, nucleoplasm";0,000674915635545557
"120";120;"P16152";"P16152";"CBR1_HUMAN";"Carbonyl reductase [NADPH] 1";"CBR1";5;6;"0.00168647883808597";5;6;"0.00213545383351835";0;"extracellular vesicular exosome, cytosol";0,00134983127109111
"122";122;"P16949";"P16949-1,P16949-2";"STMN1_HUMAN";"Stathmin";"STMN1";7;15;"0.00391908253481388";7;15;"0";0;"membrane, microtubule, intracellular, cytosol, extracellular vesicular exosome";0,00337457817772778
"123";123;"P17066";"P17066";"HSP76_HUMAN";"Heat shock 70 kDa protein 6";"HSPA6";0;0;"0";0;0;"0";24;"blood microparticle, extracellular vesicular exosome";0
"124";124;"P17844";"P17844";"DDX5_HUMAN";"Probable ATP-dependent RNA helicase DDX5";"DDX5";15;24;"0.00405648096693686";15;24;"0.0051363987711051";14;"catalytic step 2 spliceosome, extracellular vesicular exosome, nucleolus";0,00539932508436445
"126";126;"P17987";"P17987";"TCPA_HUMAN";"T-complex protein 1 subunit alpha";"TCP1";8;11;"0.0015403780034916";8;11;"0.00195045798283286";0;"cell body, plasma membrane, Golgi apparatus, chaperonin-containing T-complex, extracellular vesicular exosome, nuclear heterochromatin, nucleus, microtubule, zona pellucida receptor complex, cytosol, cell junction, centrosome, acrosomal vesicle, pericentriolar material";0,00247469066366704
"127";127;"P18077";"P18077";"RL35A_HUMAN";"60S ribosomal protein L35a";"RPL35A";3;4;"0.002831240231211";3;4;"0.00358497401142172";0;"cytosolic large ribosomal subunit, extracellular vesicular exosome";0,000899887514060742
"128";128;"P18669";"P18669";"PGAM1_HUMAN";"Phosphoglycerate mutase 1";"PGAM1";8;16;"0.00490451063674346";8;16;"0.00621019120088802";0;"cytosol, extracellular vesicular exosome";0,00359955005624297
"131";131;"P19338";"P19338";"NUCL_HUMAN";"Nucleolin";"NCL";12;19;"0.00208355355043345";12;19;"0.00263823791685612";0;"ribonucleoprotein complex, nucleoplasm, extracellular vesicular exosome, nucleolus, cell cortex";0,00427446569178853
"132";132;"P20231";"P20231,Q15661-1,Q15661-2";"TRYB1_HUMAN, TRYB2_HUMAN";"Tryptase alpha/beta-1, Tryptase beta-2";"TPSAB1, TPSB2";4;5;"4.718733718685E-4";4;5;"0.00179248700571086";0;"extracellular region";0,00112485939257593
"135";135;"P21281";"P21281";"VATB2_HUMAN";"V-type proton ATPase subunit B, brain isoform";"ATP6V1B2";1;1;"1.52366157256952E-4";1;1;"1.92929129773185E-4";0;"integral component of membrane, microvillus, cytosol, lysosomal membrane, melanosome, extracellular vesicular exosome, plasma membrane, proton-transporting V-type ATPase, V1 domain, Golgi apparatus";0,000224971878515186
"136";136;"P21333";"P21333-1,P21333-2";"FLNA_HUMAN";"Filamin-A";"FLNA";11;15;"2.20605703697495E-4";11;15;"0";0;"cytosol, plasma membrane, dendritic shaft, nucleus, cortical cytoskeleton, actin filament, perinuclear region of cytoplasm, apical dendrite, extracellular vesicular exosome, trans-Golgi network, Myb complex, actin cytoskeleton, neuronal cell body";0,00337457817772778
"137";137;"P21796";"P21796";"VDAC1_HUMAN";"Voltage-dependent anion-selective channel protein 1";"VDAC1";11;17;"0.00545655692381507";11;17;"0.0069092034466299";3;"mitochondrial outer membrane, mitochondrial inner membrane, pore complex, extracellular vesicular exosome, mitochondrial nucleoid, plasma membrane";0,00382452193475816
"138";138;"P22087";"P22087";"FBRL_HUMAN";"rRNA 2'-O-methyltransferase fibrillarin";"FBL";5;6;"0.00145531039922061";5;6;"0.00184274365073079";0;"box C/D snoRNP complex, extracellular vesicular exosome, granular component, Cajal body";0,00134983127109111
"139";139;"P22102";"P22102-1,P22102-2";"PUR2_HUMAN";"Trifunctional purine biosynthetic protein adenosine-3";"GART";2;2;"7.70882241171312E-5";2;2;"0";0;"cytosol, extracellular vesicular exosome";0,000449943757030371
"140";140;"P22234";"P22234-1,P22234-2";"PUR6_HUMAN";"Multifunctional protein ADE2";"PAICS";3;3;"2.74796845970479E-4";3;3;"0";0;"extracellular vesicular exosome, cytosol";0,000674915635545557
"142";142;"P22314";"P22314";"UBA1_HUMAN";"Ubiquitin-like modifier-activating enzyme 1";"UBA1";9;16;"0.00117745340428435";9;16;"0.00149091546788805";0;"extracellular vesicular exosome";0,00359955005624297
"143";143;"P22392";"P22392-1,P22392-2";"NDKB_HUMAN";"Nucleoside diphosphate kinase B";"NME2";7;12;"0.00307338577730141";7;12;"0";0;"ruffle, extracellular vesicular exosome, cytosol, nucleus, lamellipodium, cell periphery";0,00269966254218223
"149";149;"P23284";"P23284";"PPIB_HUMAN";"Peptidyl-prolyl cis-trans isomerase B";"PPIB";11;18;"0.00648825886319187";11;18;"0.00821556544284144";0;"endoplasmic reticulum lumen, extracellular vesicular exosome, melanosome, macromolecular complex";0,00404949381327334
"150";150;"P23396";"P23396";"RS3_HUMAN";"40S ribosomal protein S3";"RPS3";6;7;"0.00224285491567126";6;7;"0.00283994854814272";0;"ruffle membrane, nucleus, extracellular vesicular exosome, cytosolic small ribosomal subunit";0,0015748031496063
"152";152;"P23528";"P23528";"COF1_HUMAN";"Cofilin-1";"CFL1";5;7;"0.00328321532836215";5;7;"0.00415727407951013";0;"ruffle membrane, extracellular space, cytoplasm, extracellular vesicular exosome, nucleus, cortical actin cytoskeleton, lamellipodium membrane, nuclear matrix";0,0015748031496063
"155";155;"P24752";"P24752";"THIL_HUMAN";"Acetyl-CoA acetyltransferase, mitochondrial";"ACAT1";7;10;"0.00182339827537008";7;10;"0.00230882401203975";0;"mitochondrial matrix, mitochondrial inner membrane, extracellular vesicular exosome";0,00224971878515186
"158";158;"P25705";"P25705";"ATPA_HUMAN";"ATP synthase subunit alpha, mitochondrial";"ATP5A1";33;78;"0.0109819354357099";33;78;"0.0139055501889685";0;"mitochondrial matrix, plasma membrane, mitochondrial proton-transporting ATP synthase complex, proton-transporting ATP synthase complex, catalytic core F(1), extracellular vesicular exosome";0,0175478065241845
"159";159;"P25787";"P25787";"PSA2_HUMAN";"Proteasome subunit alpha type-2";"PSMA2";2;2;"6.65462447506859E-4";2;2;"8.42622096701686E-4";0;"nucleoplasm, cytoplasmic mRNA processing body, proteasome core complex, alpha-subunit complex, proteasome core complex, extracellular vesicular exosome, cytosol";0,000449943757030371
"160";160;"P25789";"P25789-1";"PSA4_HUMAN";"Proteasome subunit alpha type-4";"PSMA4";3;3;"8.94932256991982E-4";3;3;"0";0;"nucleoplasm, cytosol, proteasome core complex, extracellular vesicular exosome, cytoplasmic mRNA processing body, proteasome core complex, alpha-subunit complex";0,000674915635545557
"161";161;"P26038";"P26038";"MOES_HUMAN";"Moesin";"MSN";38;105;"0.0178046237910813";38;105;"0.0225445770622106";29;"apical plasma membrane, apical part of cell, basolateral plasma membrane, filopodium, microvillus membrane, extracellular vesicular exosome, cytoskeleton, cytoplasm, nucleolus, uropod, extrinsic component of membrane, plasma membrane, microvillus, blood microparticle";0,0236220472440945
"164";164;"P27348";"P27348";"1433T_HUMAN";"14-3-3 protein theta";"YWHAQ";2;3;"0.00134664474772778";2;3;"0.00170514899089178";6;"cytosol, protein complex, extracellular vesicular exosome, cytoplasmic vesicle membrane";0,000674915635545557
"165";165;"P27797";"P27797";"CALR_HUMAN";"Calreticulin";"CALR";4;4;"7.46849941086834E-4";4;4;"9.45676597737144E-4";0;"endocytic vesicle lumen, acrosomal vesicle, nucleus, cytosol, extracellular space, endoplasmic reticulum lumen, perinuclear region of cytoplasm, Golgi apparatus, external side of plasma membrane, sarcoplasmic reticulum lumen, proteinaceous extracellular matrix, polysome, MHC class I peptide loading complex, extracellular vesicular exosome, cell surface, integral component of lumenal side of endoplasmic reticulum membrane";0,000899887514060742
"166";166;"P27816";"P27816-1,P27816-6";"MAP4_HUMAN";"Microtubule-associated protein 4";"MAP4";11;15;"5.06895223686865E-4";11;15;"0";0;"microtubule associated complex, microtubule, mitotic spindle, cytoplasm, plasma membrane";0,00337457817772778
"167";167;"P28066";"P28066";"PSA5_HUMAN";"Proteasome subunit alpha type-5";"PSMA5";2;2;"6.46133662724502E-4";2;2;"8.18147595967612E-4";0;"extracellular vesicular exosome, nucleoplasm, proteasome core complex, cytosol, proteasome core complex, alpha-subunit complex";0,000449943757030371
"168";168;"P28070";"P28070";"PSB4_HUMAN";"Proteasome subunit beta type-4";"PSMB4";2;2;"5.89841714835625E-4";2;2;"7.46869585712858E-4";0;"proteasome core complex, cytosol, extracellular vesicular exosome, nucleoplasm";0,000449943757030371
"169";169;"P28072";"P28072";"PSB6_HUMAN";"Proteasome subunit beta type-6";"PSMB6";2;2;"6.51540638981611E-4";2;2;"8.24994019364831E-4";0;"nucleoplasm, extracellular vesicular exosome, proteasome core complex, cytosol";0,000449943757030371
"171";171;"P29401";"P29401";"TKT_HUMAN";"Transketolase";"TKT";16;24;"0.00299938772487843";16;24;"0.00379788579059123";0;"extracellular vesicular exosome, cytosol, nucleus, peroxisome";0,00539932508436445
"174";174;"P30040";"P30040";"ERP29_HUMAN";"Endoplasmic reticulum resident protein 29";"ERP29";4;7;"0.00208817526631463";4;7;"0.00264409002758115";0;"melanosome, cell surface, endoplasmic reticulum lumen, endoplasmic reticulum";0,0015748031496063
"175";175;"P30041";"P30041";"PRDX6_HUMAN";"Peroxiredoxin-6";"PRDX6";3;6;"0.00208551177745453";3;6;"0.00264071746377046";0;"extracellular space, cytosol, extracellular vesicular exosome, cytoplasmic membrane-bounded vesicle, lysosome";0,00134983127109111
"178";178;"P30050";"P30050-1";"RL12_HUMAN";"60S ribosomal protein L12";"RPL12";7;14;"0.006606227206159";7;14;"0";0;"extracellular vesicular exosome, cytosolic large ribosomal subunit";0,0031496062992126
"179";179;"P30101";"P30101";"PDIA3_HUMAN";"Protein disulfide-isomerase A3";"PDIA3";17;24;"0.0037002347576223";17;24;"0.00468531256938284";0;"endoplasmic reticulum lumen, cell surface, melanosome, extracellular vesicular exosome";0,00539932508436445
"181";181;"P30613";"P30613-1,P30613-2";"KPYR_HUMAN";"Pyruvate kinase isozymes R/L";"PKLR";1;1;"7.51934256982545E-5";1;1;"0";5;"extracellular vesicular exosome, cytosol";0,000224971878515186
"183";183;"P31146";"P31146";"COR1A_HUMAN";"Coronin-1A";"CORO1A";7;9;"0.00152002593758074";7;9;"0.00192468778270472";0;"phagocytic cup, immunological synapse, phagocytic vesicle, extracellular vesicular exosome, phagocytic vesicle membrane, cortical actin cytoskeleton, lamellipodium, actin filament";0,00202474690663667
"185";185;"P31689";"P31689";"DNJA1_HUMAN";"DnaJ homolog subfamily A member 1";"DNAJA1";3;5;"9.8059327907182E-4";3;5;"0.00124164717020274";0;"extracellular vesicular exosome, membrane";0,00112485939257593
"187";187;"P31939";"P31939";"PUR9_HUMAN";"Bifunctional purine biosynthesis protein PURH";"ATIC";4;7;"9.20631325182631E-4";4;7;"0.00116572212364642";0;"cytosol, extracellular vesicular exosome, mitochondrion";0,0015748031496063
"190";190;"P31946";"P31946-1,P31946-2";"1433B_HUMAN";"14-3-3 protein beta/alpha";"YWHAB";1;2;"5.26181968783243E-4";1;2;"0";7;"melanosome, perinuclear region of cytoplasm, extracellular vesicular exosome, cytosol, cytoplasmic vesicle membrane, transcriptional repressor complex";0,000449943757030371
"192";192;"P32119";"P32119-1";"PRDX2_HUMAN";"Peroxiredoxin-2";"PRDX2";3;5;"0.00215339038749514";3;5;"0";2;"cytosol, cytoplasm, extracellular vesicular exosome";0,00112485939257593
"194";194;"P33316";"P33316-2,P33316-3";"DUT_HUMAN";"Deoxyuridine 5'-triphosphate nucleotidohydrolase, mitochondrial";"DUT";5;11;"0.00169930589274073";5;11;"0";0;"nucleoplasm, extracellular vesicular exosome, mitochondrion";0,00247469066366704
"197";197;"P34897";"P34897-1,P34897-3";"GLYM_HUMAN";"Serine hydroxymethyltransferase, mitochondrial";"SHMT2";9;12;"9.26894123313125E-4";9;12;"0";0;"extracellular vesicular exosome, microtubule cytoskeleton, mitochondrial inner membrane, mitochondrial intermembrane space, mitochondrial nucleoid";0,00269966254218223
"199";199;"P35232";"P35232";"PHB_HUMAN";"Prohibitin";"PHB";14;30;"0.00858740143657748";14;30;"0.0108735424978784";0;"mitochondrial inner membrane, extracellular vesicular exosome, integral component of plasma membrane, nucleoplasm";0,00674915635545557
"201";201;"P35527";"P35527";"K1C9_HUMAN";"Keratin, type I cytoskeletal 9";"KRT9";7;10;"0.00124974488536601";7;10;"0.00158245241274634";0;"intermediate filament, extracellular vesicular exosome, extracellular space";0,00224971878515186
"203";203;"P35908";"P35908";"K22E_HUMAN";"Keratin, type II cytoskeletal 2 epidermal";"KRT2";2;2;"4.06150789558177E-4";2;2;"5.14276397047978E-4";3;"keratin filament, intermediate filament, extracellular vesicular exosome, extracellular space, Golgi apparatus";0,000449943757030371
"204";204;"P36507";"P36507";"MP2K2_HUMAN";"Dual specificity mitogen-activated protein kinase kinase 2";"MAP2K2";1;1;"3.89295531791512E-4";1;1;"4.92933926570487E-4";2;"endoplasmic reticulum, early endosome, cytosol, late endosome, focal adhesion, Golgi apparatus, cell cortex, microtubule, extracellular region, mitochondrion, nucleus, cytoplasmic side of plasma membrane, perinuclear region of cytoplasm, cell-cell junction, peroxisomal membrane";0,000224971878515186
"206";206;"P36543";"P36543-1,P36543-2";"VATE1_HUMAN";"V-type proton ATPase subunit E 1";"ATP6V1E1";2;2;"3.4450932016948E-4";2;2;"0";0;"proton-transporting two-sector ATPase complex, proton-transporting two-sector ATPase complex, catalytic domain, extracellular vesicular exosome, microvillus, mitochondrion, apical plasma membrane, endosome, lysosomal membrane, cytosol";0,000449943757030371
"207";207;"P36578";"P36578";"RL4_HUMAN";"60S ribosomal protein L4";"RPL4";3;3;"5.47019482611024E-4";3;3;"6.92647203611925E-4";0;"cytosolic large ribosomal subunit, extracellular vesicular exosome, nucleolus";0,000674915635545557
"209";209;"P37802";"P37802";"TAGL2_HUMAN";"Transgelin-2";"TAGLN2";5;9;"0.00352126611670715";5;9;"0.00445869883330088";0;"extracellular vesicular exosome";0,00202474690663667
"211";211;"P38159";"P38159-1";"RBMX_HUMAN";"RNA-binding motif protein, X chromosome";"RBMX";10;14;"0.00278779408955559";10;14;"0";0;"nucleoplasm, extracellular vesicular exosome, extracellular space, catalytic step 2 spliceosome, supraspliceosomal complex, nuclear euchromatin";0,0031496062992126
"212";212;"P38606";"P38606";"VATA_HUMAN";"V-type proton ATPase catalytic subunit A";"ATP6V1A";1;2;"2.5237959921654E-4";1;2;"3.19568185783135E-4";0;"proton-transporting two-sector ATPase complex, proton-transporting V-type ATPase, V1 domain, microvillus, mitochondrion, lysosomal membrane, cytosol, apical plasma membrane, integral component of plasma membrane, extracellular vesicular exosome";0,000449943757030371
"213";213;"P38646";"P38646";"GRP75_HUMAN";"Stress-70 protein, mitochondrial";"HSPA9";17;29;"0.00332535211250482";17;29;"0.00421062853329723";0;"nucleolus, extracellular vesicular exosome, mitochondrial nucleoid";0,00652418447694038
"215";215;"P39019";"P39019";"RS19_HUMAN";"40S ribosomal protein S19";"RPS19";15;34;"0.0182566180426364";15;34;"0.0231169013839952";0;"nucleolus, extracellular vesicular exosome, cytosolic small ribosomal subunit";0,00764904386951631
"216";216;"P39023";"P39023";"RL3_HUMAN";"60S ribosomal protein L3";"RPL3";1;1;"1.93198775082636E-4";1;1;"2.4463222162307E-4";0;"nucleolus, extracellular vesicular exosome, cytosolic large ribosomal subunit";0,000224971878515186
"218";218;"P40227";"P40227";"TCPZ_HUMAN";"T-complex protein 1 subunit zeta";"CCT6A";9;13;"0.00190615514624846";9;13;"0.00241361244648449";0;"cytosol, chaperonin-containing T-complex, zona pellucida receptor complex, acrosomal vesicle, extracellular vesicular exosome, cell body, microtubule";0,00292463442069741
"219";219;"P40926";"P40926";"MDHM_HUMAN";"Malate dehydrogenase, mitochondrial";"MDH2";11;19;"0.00437669532783357";11;19;"0.00554186071292263";0;"plasma membrane, mitochondrial matrix, nucleus, mitochondrial inner membrane, extracellular vesicular exosome";0,00427446569178853
"221";221;"P41091";"P41091";"IF2G_HUMAN";"Eukaryotic translation initiation factor 2 subunit 3";"EIF2S3";3;4;"6.59822935239851E-4";3;4;"8.35481231475401E-4";0;"cytosol, extracellular vesicular exosome";0,000899887514060742
"228";228;"P42768";"P42768";"WASP_HUMAN";"Wiskott-Aldrich syndrome protein";"WAS";4;5;"7.75489107154407E-4";4;5;"9.81940092769893E-4";0;"actin cytoskeleton, extracellular vesicular exosome, vesicle membrane, cytosol";0,00112485939257593
"229";229;"P43034";"P43034-1";"LIS1_HUMAN";"Platelet-activating factor acetylhydrolase IB subunit alpha";"PAFAH1B1";1;1;"1.89900259410494E-4";1;1;"0";0;"cytosol, growth cone, kinetochore, kinesin complex, motile primary cilium, nuclear membrane, astral microtubule, cell leading edge, neuronal cell body, centrosome, extracellular vesicular exosome, nuclear envelope, microtubule associated complex, perinuclear region of cytoplasm, cell cortex";0,000224971878515186
"237";237;"P47756";"P47756-1,P47756-2";"CAPZB_HUMAN";"F-actin-capping protein subunit beta";"CAPZB";3;4;"5.62159612695325E-4";3;4;"0";0;"F-actin capping protein complex, Z disc, extracellular vesicular exosome, cortical cytoskeleton, cytosol, lamellipodium, intercalated disc, acrosomal vesicle, WASH complex, membrane";0,000899887514060742
"239";239;"P48047";"P48047";"ATPO_HUMAN";"ATP synthase subunit O, mitochondrial";"ATP5O";9;19;"0.00694517850144482";9;19;"0.00879412638952042";0;"plasma membrane, mitochondrial proton-transporting ATP synthase complex";0,00427446569178853
"240";240;"P48059";"P48059-1,P48059-2,P48059-3,P48059-4,P48059-5";"LIMS1_HUMAN";"LIM and senescent cell antigen-like-containing domain protein 1";"LIMS1";1;1;"4.79132962204938E-5";1;1;"0";0;"perinuclear region of cytoplasm, protein complex, focal adhesion, plasma membrane, cytosol";0,000224971878515186
"242";242;"P48643";"P48643";"TCPE_HUMAN";"T-complex protein 1 subunit epsilon";"CCT5";5;6;"8.63502103788937E-4";5;6;"0.00109338394063694";0;"zona pellucida receptor complex, centrosome, extracellular vesicular exosome, cytosol, chaperonin-containing T-complex, nucleolus, cell body, microtubule";0,00134983127109111
"244";244;"P49006";"P49006";"MRP_HUMAN";"MARCKS-related protein";"MARCKSL1";4;6;"0.00239566481102469";4;6;"0.00303343954812607";0;"cytoplasm, extracellular vesicular exosome, plasma membrane";0,00134983127109111
"246";246;"P49327";"P49327";"FAS_HUMAN";"Fatty acid synthase";"FASN";23;34;"0.00105424516773488";23;34;"0.00133490669083206";0;"mitochondrion, plasma membrane, Golgi apparatus, glycogen granule, cytosol, extracellular vesicular exosome, melanosome";0,00764904386951631
"247";247;"P49368";"P49368-1";"TCPG_HUMAN";"T-complex protein 1 subunit gamma";"CCT3";8;13;"0.00185718969295033";8;13;"0";0;"cytosol, chaperonin-containing T-complex, cell body, microtubule, plasma membrane, extracellular vesicular exosome, zona pellucida receptor complex";0,00292463442069741
"248";248;"P49411";"P49411";"EFTU_HUMAN";"Elongation factor Tu, mitochondrial";"TUFM";13;22;"0.00378960252186428";13;22;"0.00479847185157111";0;"mitochondrial nucleoid, extracellular vesicular exosome";0,00494938132733408
"250";250;"P49588";"P49588";"SYAC_HUMAN";"Alanine--tRNA ligase, cytoplasmic";"AARS";1;1;"8.04329611139488E-5";1;1;"1.01845852597208E-4";0;"cytosol, extracellular vesicular exosome";0,000224971878515186
"256";256;"P50454";"P50454";"SERPH_HUMAN";"Serpin H1";"SERPINH1";4;6;"0.0011175948281096";4;6;"0.00141512132029805";0;"endoplasmic reticulum lumen, endoplasmic reticulum-Golgi intermediate compartment, extracellular space";0,00134983127109111
"257";257;"P50502";"P50502,Q8IZP2";"F10A1_HUMAN, ST134_HUMAN";"Hsc70-interacting protein, Putative protein FAM10A4";"ST13, ST13P4";3;5;"6.39237326422845E-4";3;5;"8.09415314565659E-4";0;"protein complex, cytosol, cytoplasm, extracellular vesicular exosome";0,00112485939257593
"258";258;"P50552";"P50552";"VASP_HUMAN";"Vasodilator-stimulated phosphoprotein";"VASP";10;15;"0.00307338577730141";10;15;"0.00389158363081963";0;"tight junction, actin cytoskeleton, plasma membrane, extracellular vesicular exosome, lamellipodium membrane, filopodium membrane, cytosol, focal adhesion";0,00337457817772778
"259";259;"P50570";"P50570-1,P50570-2,P50570-3";"DYN2_HUMAN";"Dynamin-2";"DNM2";5;5;"1.4915537616533E-4";5;5;"0";0;"cell junction, midbody, Golgi membrane, extracellular vesicular exosome, postsynaptic membrane, endocytic vesicle membrane, cytosol, microtubule, postsynaptic density";0,00112485939257593
"260";260;"P50914";"P50914";"RL14_HUMAN";"60S ribosomal protein L14";"RPL14";2;4;"0.00144854151364284";2;4;"0.00183417275002972";0;"cytosolic large ribosomal subunit, extracellular vesicular exosome";0,000899887514060742
"261";261;"P50990";"P50990";"TCPQ_HUMAN";"T-complex protein 1 subunit theta";"CCT8";6;11;"0.00156286527361556";6;11;"0.0019789318219983";0;"microtubule, intermediate filament cytoskeleton, extracellular vesicular exosome, zona pellucida receptor complex, aggresome, cell body, chaperonin-containing T-complex, cytosol, centrosome";0,00247469066366704
"262";262;"P50991";"P50991";"TCPD_HUMAN";"T-complex protein 1 subunit delta";"CCT4";3;3;"4.33353096613928E-4";3;3;"5.48720511952304E-4";0;"cell body, chaperonin-containing T-complex, extracellular vesicular exosome, zona pellucida receptor complex, cytosol, centrosome, melanosome, microtubule, nucleus";0,000674915635545557
"263";263;"P51571";"P51571";"SSRD_HUMAN";"Translocon-associated protein subunit delta";"SSR4";3;6;"0.00270031582745558";3;6;"0.00341919486638488";0;"Sec61 translocon complex, extracellular vesicular exosome, integral component of membrane";0,00134983127109111
"264";264;"P51572";"P51572-1,P51572-2";"BAP31_HUMAN";"B-cell receptor-associated protein 31";"BCAP31";2;2;"3.16500432350823E-4";2;2;"0";0;"Golgi membrane, integral component of plasma membrane, lipid particle, endoplasmic reticulum-Golgi intermediate compartment membrane, integral component of lumenal side of endoplasmic reticulum membrane, cytosol";0,000449943757030371
"268";268;"P52272";"P52272-1,P52272-2";"HNRPM_HUMAN";"Heterogeneous nuclear ribonucleoprotein M";"HNRNPM";36;68;"0.00362631454271546";36;68;"0";0;"catalytic step 2 spliceosome, nuclear matrix, integral component of plasma membrane, paraspeckles";0,0152980877390326
"270";270;"P52566";"P52566";"GDIR2_HUMAN";"Rho GDP-dissociation inhibitor 2";"ARHGDIB";4;6;"0.00232415242860604";4;6;"0.00294288911385365";0;"cytosol, cytoskeleton, extracellular vesicular exosome, cytoplasmic membrane-bounded vesicle";0,00134983127109111
"273";273;"P52907";"P52907";"CAZA1_HUMAN";"F-actin-capping protein subunit alpha-1";"CAPZA1";3;5;"0.00136117318808221";3;5;"0.0017235451977989";0;"F-actin capping protein complex, WASH complex, extracellular vesicular exosome, cytosol";0,00112485939257593
"274";274;"P54105";"P54105";"ICLN_HUMAN";"Methylosome subunit pICln";"CLNS1A";1;1;"3.28519436110981E-4";1;1;"4.15977997105896E-4";0;"pICln-Sm protein complex, methylosome, nucleus, plasma membrane, cytoskeleton, cytosol";0,000224971878515186
"275";275;"P54819";"P54819-1,P54819-2,P54819-3,P54819-5";"KAD2_HUMAN";"Adenylate kinase 2, mitochondrial";"AK2";3;3;"2.44327739618104E-4";3;3;"0";0;"mitochondrial intermembrane space, mitochondrial inner membrane, sperm mitochondrial sheath, cytosol, extracellular vesicular exosome";0,000674915635545557
"278";278;"P55072";"P55072";"TERA_HUMAN";"Transitional endoplasmic reticulum ATPase";"VCP";9;11;"0.0010625932629545";9;11;"0.00134547721892689";0;"site of double-strand break, proteasome complex, lipid particle, extracellular vesicular exosome, endoplasmic reticulum, nucleus, cytosol, perinuclear region of cytoplasm";0,00247469066366704
"286";286;"P55884";"P55884-1,P55884-2";"EIF3B_HUMAN";"Eukaryotic translation initiation factor 3 subunit B";"EIF3B";7;9;"4.30425035150321E-4";7;9;"0";0;"eukaryotic translation initiation factor 3 complex, extracellular vesicular exosome, eukaryotic 48S preinitiation complex, eukaryotic 43S preinitiation complex, cytosol";0,00202474690663667
"289";289;"P58876";"P58876,P62807,Q5QNW6-1,Q5QNW6-2,Q93079,Q99877,Q99879,Q99880";"H2B1C_HUMAN, H2B1D_HUMAN, H2B1H_HUMAN, H2B1L_HUMAN, H2B1M_HUMAN, H2B1N_HUMAN, H2B2F_HUMAN";"Histone H2B type 1-C/E/F/G/I, Histone H2B type 1-D, Histone H2B type 1-H, Histone H2B type 1-L, Histone H2B type 1-M, Histone H2B type 1-N, Histone H2B type 2-F";"HIST1H2BD, HIST1H2BF,HIST1H2BE,HIST1H2BC,HIST1H2BG,HIST1H2BI, HIST1H2BH, HIST1H2BL, HIST1H2BM, HIST1H2BN, HIST2H2BF";2;4;"0.00191558118818046";2;4;"0.00323406385686457";26;"nucleus, extracellular vesicular exosome, nucleosome";0,000899887514060742
"290";290;"P60174";"P60174-1,P60174-3";"TPIS_HUMAN";"Triosephosphate isomerase";"TPI1";5;5;"6.80586594041106E-4";5;5;"0";0;"cytosol, extracellular space, extracellular vesicular exosome";0,00112485939257593
"291";291;"P60660";"P60660-1,P60660-2";"MYL6_HUMAN";"Myosin light polypeptide 6";"MYL6";5;10;"0.00257811610457955";5;10;"0";0;"extracellular vesicular exosome, unconventional myosin complex, cytosol";0,00224971878515186
"292";292;"P60709";"P60709,P63261";"ACTB_HUMAN, ACTG_HUMAN";"Actin, cytoplasmic 1, Actin, cytoplasmic 2";"ACTB, ACTG1";9;22;"0.00515984793742429";9;22;"0.00653350448847005";34;"ribonucleoprotein complex, MLL5-L complex, cortical cytoskeleton, cytosol, blood microparticle, NuA4 histone acetyltransferase complex, cytoskeleton, extracellular vesicular exosome, postsynaptic density, axon";0,00494938132733408
"293";293;"P60842";"P60842";"IF4A1_HUMAN";"Eukaryotic initiation factor 4A-I";"EIF4A1";14;26;"0.00554005682899799";14;26;"0.00701493272623571";3;"cytosol, eukaryotic translation initiation factor 4F complex, extracellular vesicular exosome";0,00584926884139483
"294";294;"P60866";"P60866-1,P60866-2";"RS20_HUMAN";"40S ribosomal protein S20";"RPS20";4;11;"0.0035985301258039";4;11;"0";0;"extracellular vesicular exosome, cytosolic small ribosomal subunit";0,00247469066366704
"295";295;"P61006";"P61006";"RAB8A_HUMAN";"Ras-related protein Rab-8A";"RAB8A";2;2;"7.52261897181666E-4";2;2;"9.52529326706254E-4";0;"neuronal cell body, extracellular vesicular exosome, Golgi membrane, dendrite, phagocytic vesicle, postsynaptic density, phagocytic vesicle membrane, recycling endosome membrane, nonmotile primary cilium, cytoplasmic vesicle membrane, plasma membrane";0,000449943757030371
"296";296;"P61019";"P61019-1,P61019-2";"RAB2A_HUMAN";"Ras-related protein Rab-2A";"RAB2A";1;1;"1.83629967826185E-4";1;1;"0";0;"endoplasmic reticulum-Golgi intermediate compartment membrane, extracellular vesicular exosome, lysosomal membrane, endoplasmic reticulum membrane, melanosome, Golgi membrane";0,000224971878515186
"297";297;"P61247";"P61247";"RS3A_HUMAN";"40S ribosomal protein S3a";"RPS3A";4;4;"0.00117968342967125";4;4;"0.00149373917142572";0;"extracellular vesicular exosome, cytosolic small ribosomal subunit, nucleolus";0,000899887514060742
"299";299;"P61353";"P61353";"RL27_HUMAN";"60S ribosomal protein L27";"RPL27";2;2;"0.00114498685821033";2;2;"0.00144980566638378";0;"extracellular vesicular exosome, cytosolic large ribosomal subunit";0,000449943757030371
"300";300;"P61604";"P61604";"CH10_HUMAN";"10 kDa heat shock protein, mitochondrial";"HSPE1";9;14;"0.0106865440099631";9;14;"0.0135315195529153";0;"extracellular vesicular exosome, mitochondrion, mitochondrial matrix";0,0031496062992126
"301";301;"P61769";"P61769";"B2MG_HUMAN";"Beta-2-microglobulin";"B2M";2;4;"0.00261711281876647";2;4;"0.00331384152316293";0;"endoplasmic reticulum lumen, plasma membrane, ER to Golgi transport vesicle membrane, phagocytic vesicle membrane, early endosome lumen, MHC class I protein complex, external side of plasma membrane, Golgi membrane, early endosome membrane, extracellular space, extracellular vesicular exosome";0,000899887514060742
"303";303;"P61978";"P61978-1,P61978-2,P61978-3";"HNRPK_HUMAN";"Heterogeneous nuclear ribonucleoprotein K";"HNRNPK";13;25;"0.00140135180630494";13;25;"0";0;"extracellular vesicular exosome, podosome, nucleoplasm, nuclear chromatin, cytoplasm, cell projection, cell junction, catalytic step 2 spliceosome";0,00562429696287964
"304";304;"P61981";"P61981";"1433G_HUMAN";"14-3-3 protein gamma";"YWHAG";2;2;"9.85059544006863E-4";2;2;"0.00124730244577552";6;"extracellular vesicular exosome, cytosol, cytoplasmic vesicle membrane";0,000449943757030371
"305";305;"P62136";"P62136-1";"PP1A_HUMAN";"Serine/threonine-protein phosphatase PP1-alpha catalytic subunit";"PPP1CA";4;4;"9.43746743737E-4";4;4;"0";0;"perikaryon, glycogen granule, nucleolus, dendritic spine, PTW/PP1 phosphatase complex, MLL5-L complex, cytosol, extracellular vesicular exosome, protein phosphatase type 1 complex";0,000899887514060742
"307";307;"P62195";"P62195";"PRS8_HUMAN";"26S protease regulatory subunit 8";"PSMC5";3;3;"8.05439031292784E-4";3;3;"0.00101986329635273";2;"cytoplasmic vesicle, nucleoplasm, proteasome accessory complex, cytosolic proteasome complex, inclusion body, blood microparticle, extracellular vesicular exosome, nuclear proteasome complex, cytosol";0,000674915635545557
"308";308;"P62244";"P62244";"RS15A_HUMAN";"40S ribosomal protein S15a";"RPS15A";3;3;"0.00179674860826852";3;3;"0.00227507966109455";0;"cytosolic small ribosomal subunit, extracellular vesicular exosome";0,000674915635545557
"309";309;"P62249";"P62249";"RS16_HUMAN";"40S ribosomal protein S16";"RPS16";4;4;"0.00213312620159733";4;4;"0.00270100781682458";0;"extracellular vesicular exosome, cytosolic small ribosomal subunit";0,000899887514060742
"310";310;"P62258";"P62258-1";"1433E_HUMAN";"14-3-3 protein epsilon";"YWHAE";3;4;"0.00160298160149446";3;4;"0";5;"mitochondrion, cytosol, extracellular vesicular exosome, kinesin complex, cytoplasmic vesicle membrane, melanosome";0,000899887514060742
"311";311;"P62263";"P62263";"RS14_HUMAN";"40S ribosomal protein S14";"RPS14";8;18;"0.00928121797648639";8;18;"0.0117520671235348";0;"extracellular vesicular exosome, nucleolus, mitochondrion, cytosolic small ribosomal subunit";0,00404949381327334
"313";313;"P62269";"P62269";"RS18_HUMAN";"40S ribosomal protein S18";"RPS18";2;2;"0.00102446192576714";2;2;"0.00129719454360654";0;"cytosolic small ribosomal subunit, extracellular vesicular exosome";0,000449943757030371
"314";314;"P62273";"P62273-1";"RS29_HUMAN";"40S ribosomal protein S29";"RPS29";4;7;"0.00973238829478781";4;7;"0";0;"cytosolic small ribosomal subunit, extracellular vesicular exosome";0,0015748031496063
"315";315;"P62280";"P62280";"RS11_HUMAN";"40S ribosomal protein S11";"RPS11";2;2;"9.85558308332943E-4";2;2;"0.00124793399131769";0;"cytosolic small ribosomal subunit, extracellular vesicular exosome";0,000449943757030371
"318";318;"P62333";"P62333";"PRS10_HUMAN";"26S protease regulatory subunit 10B";"PSMC6";1;1;"2.00151944365816E-4";1;1;"2.53436466103078E-4";0;"plasma membrane, cytosolic proteasome complex, extracellular vesicular exosome, cytosol, inclusion body, proteasome accessory complex, nucleoplasm";0,000224971878515186
"319";319;"P62491";"P62491,Q15907";"RB11A_HUMAN, RB11B_HUMAN";"Ras-related protein Rab-11A, Ras-related protein Rab-11B";"RAB11A, RAB11B";4;6;"0.0010763931754604";4;6;"0.00136295094904282";0;"extracellular vesicular exosome, cytoplasmic vesicle membrane, protein complex, plasma membrane, cleavage furrow, perinuclear region of cytoplasm, mitochondrion, trans-Golgi network, transport vesicle, phagocytic vesicle, axon, recycling endosome membrane, phagocytic vesicle membrane, recycling endosome";0,00134983127109111
"321";321;"P62701";"P62701";"RS4X_HUMAN";"40S ribosomal protein S4, X isoform";"RPS4X";3;5;"0.00148021114749624";3;5;"0.00187427348505888";0;"cytosolic small ribosomal subunit, extracellular vesicular exosome, polysome";0,00112485939257593
"322";322;"P62750";"P62750";"RL23A_HUMAN";"60S ribosomal protein L23a";"RPL23A";3;3;"0.00149729050689043";3;3;"0.00189589971757879";0;"extracellular vesicular exosome, nucleus, TORC2 complex, cytosolic large ribosomal subunit";0,000674915635545557
"324";324;"P62805";"P62805";"H4_HUMAN";"Histone H4";"HIST1H4J,HIST1H4D,HIST1H4K,HIST1H4C,HIST2H4A,HIST4H4,HIST1H4E,HIST1H4A,HIST1H4B,HIST1H4I,HIST2H4B,HIST1H4H,HIST1H4L,HIST1H4F";9;19;"0.0143623594253179";9;19;"0.0181859118540568";0;"nucleosome, nucleolus, extracellular vesicular exosome, actin cytoskeleton, nucleoplasm";0,00427446569178853
"325";325;"P62826";"P62826";"RAN_HUMAN";"GTP-binding nuclear protein Ran";"RAN";9;16;"0.00576734121172611";9;16;"0.00730272483808128";0;"melanosome, nucleoplasm, nuclear pore, extracellular vesicular exosome, cytosol";0,00359955005624297
"326";326;"P62857";"P62857";"RS28_HUMAN";"40S ribosomal protein S28";"RPS28";4;8;"0.00902714276618";4;8;"0.011430351920475";0;"extracellular vesicular exosome, cytosolic small ribosomal subunit";0,00179977502812148
"327";327;"P62873";"P62873";"GBB1_HUMAN";"Guanine nucleotide-binding protein G(I)/G(S)/G(T) subunit beta-1";"GNB1";5;9;"0.00206097634477859";5;9;"0.00260965019949081";0;"heterotrimeric G-protein complex, photoreceptor inner segment, lysosomal membrane, extracellular vesicular exosome, dendrite, cell body, photoreceptor outer segment membrane, photoreceptor disc membrane";0,00202474690663667
"328";328;"P62888";"P62888";"RL30_HUMAN";"60S ribosomal protein L30";"RPL30";3;3;"0.00253888390298812";3;3;"0.00321478647763361";1;"extracellular vesicular exosome, cytosolic large ribosomal subunit";0,000674915635545557
"329";329;"P62913";"P62913-1,P62913-2";"RL11_HUMAN";"60S ribosomal protein L11";"RPL11";6;12;"0.00262446425926862";6;12;"0";0;"extracellular vesicular exosome, cytosolic large ribosomal subunit, nucleolus";0,00269966254218223
"330";330;"P62937";"P62937";"PPIA_HUMAN";"Peptidyl-prolyl cis-trans isomerase A";"PPIA";9;20;"0.01025811677975";9;20;"0.0129890362732671";2;"cytosol, nucleus, extracellular vesicular exosome";0,00449943757030371
"331";331;"P63104";"P63104";"1433Z_HUMAN";"14-3-3 protein zeta/delta";"YWHAZ";4;5;"0.00224440791287964";4;5;"0.00284191498481964";6;"cytosol, blood microparticle, protein complex, mast cell granule, perinuclear region of cytoplasm, postsynaptic density, melanosome, nucleoplasm, mitochondrion, cell leading edge, extracellular vesicular exosome, cytoplasmic vesicle membrane";0,00112485939257593
"335";335;"P63244";"P63244";"GBLP_HUMAN";"Guanine nucleotide-binding protein subunit beta-2-like 1";"GNB2L1";7;15;"0.0036841848434528";7;15;"0.00466498984136107";0;"neuronal cell body, mitochondrion, cytoskeleton, phagocytic cup, cytosol, nucleus, perinuclear region of cytoplasm, dendrite, perikaryon, midbody, small ribosomal subunit, extracellular vesicular exosome";0,00337457817772778
"336";336;"P68032";"P68032,P68133";"ACTC_HUMAN, ACTS_HUMAN";"Actin, alpha cardiac muscle 1, Actin, alpha skeletal muscle";"ACTA1, ACTC1";1;5;"0.00116647153154938";1;5;"0.00147700999709204";34;"I band, cytosol, extracellular vesicular exosome, actomyosin, actin portion, blood microparticle";0,00112485939257593
"337";337;"P68104";"P68104";"EF1A1_HUMAN";"Elongation factor 1-alpha 1";"EEF1A1";20;54;"0.0091004150288925";20;54;"0.0115231307509984";0;"extracellular space, eukaryotic translation elongation factor 1 complex, nucleus, cytosol, plasma membrane, extracellular vesicular exosome";0,01214848143982
"339";339;"P68366";"P68366";"TBA4A_HUMAN";"Tubulin alpha-4A chain";"TUBA4A";1;2;"0.00217240810151514";1;2;"0.00275074735809423";19;"microtubule, cytosol, extracellular vesicular exosome";0,000449943757030371
"340";340;"P68371";"P68371";"TBB4B_HUMAN";"Tubulin beta-4B chain";"TUBB4B";1;2;"0.00207684100471354";1;2;"0.00262973835482989";58;"cytosol, extracellular vesicular exosome, nucleus, microtubule, plasma membrane";0,000449943757030371
"341";341;"P68431";"P68431,P84243,Q16695,Q71DI3";"H31T_HUMAN, H31_HUMAN, H32_HUMAN, H33_HUMAN";"Histone H3.1, Histone H3.1t, Histone H3.2, Histone H3.3";"H3F3A,H3F3B, HIST1H3C,HIST1H3G,HIST1H3I,HIST1H3F,HIST1H3H,HIST1H3D,HIST1H3E,HIST1H3J,HIST1H3B,HIST1H3A, HIST2H3A,HIST2H3C,HIST2H3D, HIST3H3";6;15;"0.00214685035914437";6;15;"0.00271838562446959";0;"nucleosome, nucleoplasm, extracellular vesicular exosome";0,00337457817772778
"342";342;"P69905";"P69905";"HBA_HUMAN";"Hemoglobin subunit alpha";"HBA2,HBA1";3;7;"0.00383812496132477";3;7;"0.00485991195210339";0;"cytosolic small ribosomal subunit, hemoglobin complex, haptoglobin-hemoglobin complex, endocytic vesicle lumen, blood microparticle, extracellular vesicular exosome";0,0015748031496063
"344";344;"P78371";"P78371-1";"TCPB_HUMAN";"T-complex protein 1 subunit beta";"CCT2";12;21;"0.00305615183836327";12;21;"0";0;"zona pellucida receptor complex, cell body, chaperonin-containing T-complex, nucleus, extracellular vesicular exosome, microtubule, cytosol";0,0047244094488189
"353";353;"Q00341";"Q00341";"VIGLN_HUMAN";"Vigilin";"HDLBP";4;4;"2.45612322896853E-4";4;4;"3.10999322757405E-4";0;"plasma membrane, high-density lipoprotein particle, nucleus, cytoplasm";0,000899887514060742
"355";355;"Q00839";"Q00839-1,Q00839-2";"HNRPU_HUMAN";"Heterogeneous nuclear ribonucleoprotein U";"HNRNPU";10;17;"8.0218473217645E-4";10;17;"0";0;"cell surface, catalytic step 2 spliceosome, CRD-mediated mRNA stability complex, nucleoplasm";0,00382452193475816
"357";357;"Q01518";"Q01518-1,Q01518-2";"CAP1_HUMAN";"Adenylyl cyclase-associated protein 1";"CAP1";13;16;"0.00131131126498194";13;16;"0";0;"cortical actin cytoskeleton, plasma membrane, extracellular vesicular exosome";0,00359955005624297
"358";358;"Q02750";"Q02750-1,Q02750-2";"MP2K1_HUMAN";"Dual specificity mitogen-activated protein kinase kinase 1";"MAP2K1";1;1;"1.98114774448607E-4";1;1;"0";2;"cell cortex, cytosol, spindle pole body, perinuclear region of cytoplasm, early endosome, focal adhesion, late endosome, Golgi apparatus, nucleus, plasma membrane, perikaryon, dendrite cytoplasm, mitochondrion";0,000224971878515186
"359";359;"Q02790";"Q02790";"FKBP4_HUMAN";"Peptidyl-prolyl cis-trans isomerase FKBP4";"FKBP4";5;5;"8.48138413489134E-4";5;5;"0.00107393012324725";0;"perinuclear region of cytoplasm, microtubule, axonal growth cone, extracellular vesicular exosome, neuronal cell body, cytosol, mitochondrion, nucleus, membrane";0,00112485939257593
"363";363;"Q04837";"Q04837";"SSBP_HUMAN";"Single-stranded DNA-binding protein, mitochondrial";"SSBP1";4;8;"0.00420860034369203";4;8;"0.00532901542238364";0;"mitochondrial nucleoid, extracellular vesicular exosome";0,00179977502812148
"364";364;"Q06323";"Q06323";"PSME1_HUMAN";"Proteasome activator complex subunit 1";"PSME1";4;4;"0.00125074869651892";4;4;"0.001583723458861";0;"extracellular vesicular exosome, cytosol, nucleoplasm, proteasome complex, proteasome activator complex";0,000899887514060742
"365";365;"Q06830";"Q06830";"PRDX1_HUMAN";"Peroxiredoxin-1";"PRDX1";10;16;"0.00850359781790153";10;16;"0.0107674286500655";7;"extracellular space, nuclear euchromatin, melanosome, mitochondrial matrix, mitochondrion, nucleus, cytosol, extracellular vesicular exosome, peroxisomal matrix, nucleolus";0,00359955005624297
"369";369;"Q12904";"Q12904-1,Q12904-2";"AIMP1_HUMAN";"Aminoacyl tRNA synthase complex-interacting multifunctional protein 1";"AIMP1";3;3;"3.74322626722608E-4";3;3;"0";0;"transport vesicle, cell surface, aminoacyl-tRNA synthetase multienzyme complex, nucleus, Golgi apparatus, cytosol, endoplasmic reticulum, extracellular space";0,000674915635545557
"377";377;"Q13162";"Q13162";"PRDX4_HUMAN";"Peroxiredoxin-4";"PRDX4";2;3;"0.0010887270650219";2;3;"0.00137856837106526";5;"mitochondrion, extracellular space, extracellular vesicular exosome";0,000674915635545557
"380";380;"Q13283";"Q13283";"G3BP1_HUMAN";"Ras GTPase-activating protein-binding protein 1";"G3BP1";6;9;"0.00164041815971453";6;9;"0.00207713086498683";1;"cytoplasm, plasma membrane, cytosol, cytoplasmic stress granule, nucleus";0,00202474690663667
"382";382;"Q13347";"Q13347";"EIF3I_HUMAN";"Eukaryotic translation initiation factor 3 subunit I";"EIF3I";4;4;"9.58265924409877E-4";4;4;"0.00121337581925043";0;"eukaryotic 48S preinitiation complex, eukaryotic 43S preinitiation complex, extracellular vesicular exosome, cytosol, eukaryotic translation initiation factor 3 complex";0,000899887514060742
"384";384;"Q13509";"Q13509";"TBB3_HUMAN";"Tubulin beta-3 chain";"TUBB3";0;0;"0";0;0;"0";39;"microtubule, axon, cytoplasm, plasma membrane";0
"388";388;"Q13765";"Q13765";"NACA_HUMAN";"Nascent polypeptide-associated complex subunit alpha";"NACA";3;4;"0.00144854151364284";3;4;"0.00183417275002972";0;"nucleus, nascent polypeptide-associated complex, extracellular vesicular exosome";0,000899887514060742
"389";389;"Q13885";"Q13885,Q9BVA1";"TBB2A_HUMAN, TBB2B_HUMAN";"Tubulin beta-2A chain, Tubulin beta-2B chain";"TUBB2A, TUBB2B";0;0;"0";0;0;"0";49;"microtubule, extracellular vesicular exosome, cytoplasm, plasma membrane";0
"392";392;"Q14444";"Q14444-1,Q14444-2";"CAPR1_HUMAN";"Caprin-1";"CAPRIN1";3;6;"3.29446148201562E-4";3;6;"0";0;"cytosol, cytoplasmic mRNA processing body, dendrite, cytoplasmic stress granule, integral component of plasma membrane";0,00134983127109111
"394";394;"Q14696";"Q14696";"MESD_HUMAN";"LDLR chaperone MESD";"MESDC2";3;3;"9.98193671260288E-4";3;3;"0.00126393314505253";0;"plasma membrane, endoplasmic reticulum";0,000674915635545557
"395";395;"Q14697";"Q14697-1,Q14697-2";"GANAB_HUMAN";"Neutral alpha-glucosidase AB";"GANAB";3;3;"1.23716800357472E-4";3;3;"0";0;"glucosidase II complex, melanosome, extracellular vesicular exosome, endoplasmic reticulum lumen, Golgi apparatus";0,000674915635545557
"401";401;"Q15019";"Q15019-1,Q15019-2";"SEPT2_HUMAN";"Septin-2";"SEPT2";6;10;"0.00107838097449172";6;10;"0";0;"septin complex, ciliary membrane, cell surface, midbody, exocyst, cytoplasm, spindle, condensed chromosome kinetochore, extracellular vesicular exosome, synapse, nucleolus, actin cytoskeleton, cleavage furrow, perinuclear region of cytoplasm";0,00224971878515186
"404";404;"Q15084";"Q15084-1,Q15084-2";"PDIA6_HUMAN";"Protein disulfide-isomerase A6";"PDIA6";7;10;"8.84762572253437E-4";7;10;"0";0;"melanosome, extracellular vesicular exosome, endoplasmic reticulum lumen, endoplasmic reticulum membrane, plasma membrane, endoplasmic reticulum-Golgi intermediate compartment";0,00224971878515186
"405";405;"Q15181";"Q15181";"IPYR_HUMAN";"Inorganic pyrophosphatase";"PPA1";4;4;"0.00107763469008031";4;4;"0.00136452298012591";0;"cytosol, extracellular vesicular exosome";0,000899887514060742
"407";407;"Q15365";"Q15365";"PCBP1_HUMAN";"Poly(rC)-binding protein 1";"PCBP1";4;6;"0.0020995714074149";4;6;"0.00265852005341386";6;"nucleoplasm, cytoplasm, extracellular vesicular exosome, ribonucleoprotein complex";0,00134983127109111
"416";416;"Q15942";"Q15942";"ZYX_HUMAN";"Zyxin";"ZYX";3;4;"5.44469275232884E-4";3;4;"6.89418079119562E-4";0;"focal adhesion, nucleus, cytoplasm, integral component of plasma membrane, stress fiber, cell-cell adherens junction";0,000899887514060742
"417";417;"Q16181";"Q16181-1,Q16181-2";"SEPT7_HUMAN";"Septin-7";"SEPT7";1;1;"1.33625468578322E-4";1;1;"0";2;"stress fiber, septin complex, extracellular vesicular exosome, synapse, axoneme, microtubule cytoskeleton, cleavage furrow, condensed chromosome kinetochore, nucleolus, midbody, spindle, plasma membrane, axon terminus";0,000224971878515186
"419";419;"Q16555";"Q16555";"DPYL2_HUMAN";"Dihydropyrimidinase-related protein 2";"DPYSL2";7;11;"0.00149729050689043";7;11;"0.00189589971757879";0;"membrane, cytosol, dendrite, extracellular vesicular exosome, growth cone, mitochondrion, axon, protein complex, neuronal cell body, cytoskeleton";0,00247469066366704
"430";430;"Q71U36";"Q71U36";"TBA1A_HUMAN";"Tubulin alpha-1A chain";"TUBA1A";1;2;"0.00371168688847783";1;2;"0.00469981349058335";28;"cytosol, microtubule, cytoplasmic microtubule, extracellular vesicular exosome";0,000449943757030371
"431";431;"Q7KZF4";"Q7KZF4";"SND1_HUMAN";"Staphylococcal nuclease domain-containing protein 1";"SND1";5;5;"4.27797287682981E-4";5;5;"5.41685633593941E-4";0;"mitochondrion, nucleus, melanosome, extracellular vesicular exosome, RISC complex, cytoplasm";0,00112485939257593
"432";432;"Q7L7X3";"Q7L7X3-1,Q7L7X3-3,Q9H2K8";"TAOK1_HUMAN, TAOK3_HUMAN";"Serine/threonine-protein kinase TAO1, Serine/threonine-protein kinase TAO3";"TAOK1, TAOK3";1;1;"2.68479677097595E-5";1;1;"1.09784838879841E-4";0;"extracellular vesicular exosome, cytosol";0,000224971878515186
"433";433;"Q7Z2W4";"Q7Z2W4-1,Q7Z2W4-2,Q7Z2W4-3";"ZCCHV_HUMAN";"Zinc finger CCCH-type antiviral protein 1";"ZC3HAV1";2;2;"5.75455331546951E-5";2;2;"0";0;"nucleus, plasma membrane, Golgi apparatus, cytoplasm";0,000449943757030371
"435";435;"Q86V81";"Q86V81";"THOC4_HUMAN";"THO complex subunit 4";"ALYREF";4;8;"0.00242362976990825";4;8;"0.00306884934829875";0;"transcription export complex, cytosol, nuclear speck, nucleoplasm, extracellular vesicular exosome, catalytic step 2 spliceosome";0,00179977502812148
"438";438;"Q8IUE6";"Q8IUE6";"H2A2B_HUMAN";"Histone H2A type 2-B";"HIST2H2AB";1;1;"0.00161246669972816";1;1;"0.00204173815739255";22;"extracellular vesicular exosome, nucleosome, nucleus";0,000224971878515186
"445";445;"Q8NC51";"Q8NC51-1";"PAIRB_HUMAN";"Plasminogen activator inhibitor 1 RNA-binding protein";"SERBP1";14;23;"0.00438911628980627";14;23;"0";0;"nucleus, extracellular vesicular exosome, cytoplasm, perinuclear region of cytoplasm, plasma membrane";0,00517435320584927
"451";451;"Q92598";"Q92598-1,Q92598-2,Q92598-3";"HS105_HUMAN";"Heat shock protein 105 kDa";"HSPH1";4;4;"1.45191806728769E-4";4;4;"0";1;"endocytic vesicle lumen, extracellular vesicular exosome, nucleus, microtubule";0,000899887514060742
"453";453;"Q92688";"Q92688-1,Q92688-2";"AN32B_HUMAN";"Acidic leucine-rich nuclear phosphoprotein 32 family member B";"ANP32B";2;2;"3.10195642861763E-4";2;2;"0";0;"nucleus, extracellular vesicular exosome, cytoplasm";0,000449943757030371
"454";454;"Q92820";"Q92820";"GGH_HUMAN";"Gamma-glutamyl hydrolase";"GGH";1;1;"2.4483995710158E-4";1;1;"3.10021337465715E-4";0;"extracellular vesicular exosome, lysosome, extracellular space, melanosome, cytosol";0,000224971878515186
"458";458;"Q95604";"Q95604";"1C17_HUMAN";"HLA class I histocompatibility antigen, Cw-17 alpha chain";"HLA-C";1;1;"4.46503835746537E-4";1;1;"5.65372245528873E-4";6;"MHC class I protein complex, phagocytic vesicle membrane, ER to Golgi transport vesicle membrane, early endosome membrane, Golgi membrane, integral component of lumenal side of endoplasmic reticulum membrane, cell surface";0,000224971878515186
"467";467;"Q99653";"Q99653";"CHP1_HUMAN";"Calcineurin B homologous protein 1";"CHP1";4;7;"0.00279494227952881";4;7;"0.00353901280614708";0;"endoplasmic reticulum-Golgi intermediate compartment, transport vesicle, plasma membrane, endoplasmic reticulum, cytosol, microtubule cytoskeleton, Golgi membrane, nucleus, extracellular vesicular exosome";0,0015748031496063
"468";468;"Q99714";"Q99714-1";"HCD2_HUMAN";"3-hydroxyacyl-CoA dehydrogenase type-2";"HSD17B10";7;10;"0.00298310752330661";7;10;"0";0;"endoplasmic reticulum, mitochondrial inner membrane, mitochondrial matrix, plasma membrane";0,00224971878515186
"471";471;"Q99832";"Q99832-1,Q99832-3";"TCPH_HUMAN";"T-complex protein 1 subunit eta";"CCT7";6;7;"5.01854276710974E-4";6;7;"0";0;"extracellular vesicular exosome, mitochondrion, chaperonin-containing T-complex, zona pellucida receptor complex, cell body, cytosol, microtubule";0,0015748031496063
"474";474;"Q9BUF5";"Q9BUF5";"TBB6_HUMAN";"Tubulin beta-6 chain";"TUBB6";2;3;"0.0010765272553278";2;3;"0.00136312072370015";19;"plasma membrane, extracellular vesicular exosome, cytoplasm, microtubule";0,000674915635545557
"481";481;"Q9H2G2";"Q9H2G2-1,Q9H2G2-2";"SLK_HUMAN";"STE20-like serine/threonine-protein kinase";"SLK";2;2;"6.30438108164392E-5";2;2;"0";0;"extracellular vesicular exosome, plasma membrane, cytoplasm";0,000449943757030371
"483";483;"Q9H444";"Q9H444";"CHM4B_HUMAN";"Charged multivesicular body protein 4b";"CHMP4B";4;7;"0.00243309707369695";4;7;"0.00308083704106554";0;"midbody, late endosome membrane, cytosol, extracellular vesicular exosome";0,0015748031496063
"484";484;"Q9H4G4";"Q9H4G4";"GAPR1_HUMAN";"Golgi-associated plant pathogenesis-related protein 1";"GLIPR2";1;2;"0.0010111572254325";1;2;"0.00128034786122204";0;"Golgi membrane, extracellular vesicular exosome";0,000449943757030371
"485";485;"Q9H910";"Q9H910-1,Q9H910-2";"HN1L_HUMAN";"Hematological and neurological expressed 1-like protein";"HN1L";2;2;"4.09784770306855E-4";2;2;"0";0;"plasma membrane, cytoplasm, nucleus";0,000449943757030371
"487";487;"Q9HB71";"Q9HB71-1";"CYBP_HUMAN";"Calcyclin-binding protein";"CACYBP";6;11;"0.0037563603944795";6;11;"0";0;"nuclear envelope lumen, cell body, neuron projection, extracellular vesicular exosome, beta-catenin destruction complex";0,00247469066366704
"488";488;"Q9HBL7";"Q9HBL7";"PLRKT_HUMAN";"Plasminogen receptor (KT)";"PLGRKT";2;2;"0.00105930756950071";2;2;"0.00134131680699452";0;"integral component of plasma membrane, mitochondrion";0,000449943757030371
"492";492;"Q9NTK5";"Q9NTK5-1";"OLA1_HUMAN";"Obg-like ATPase 1";"OLA1";2;2;"3.93227809890417E-4";2;2;"0";0;"extracellular vesicular exosome, cytoplasm, nucleolus";0,000449943757030371
"495";495;"Q9NX63";"Q9NX63";"CHCH3_HUMAN";"Coiled-coil-helix-coiled-coil-helix domain-containing protein 3, mitochondrial";"CHCHD3";9;11;"0.00377290823762699";9;11;"0.00477733320905317";0;"mitochondrial inner membrane, extracellular vesicular exosome, nucleus";0,00247469066366704
"506";506;"Q9UJU6";"Q9UJU6-1,Q9UJU6-2,Q9UJU6-3";"DBNL_HUMAN";"Drebrin-like protein";"DBNL";3;4;"2.41423585607139E-4";3;4;"0";0;"plasma membrane, Golgi membrane, lamellipodium, postsynaptic density, cell cortex, ruffle, extracellular vesicular exosome, podosome, cytosol, dendrite, cell junction, clathrin-coated vesicle membrane";0,000899887514060742
"507";507;"Q9UJZ1";"Q9UJZ1";"STML2_HUMAN";"Stomatin-like protein 2";"STOML2";7;10;"0.00218705354939052";7;10;"0.0027692917223061";0;"mitochondrial intermembrane space, cytoskeleton, extrinsic component of plasma membrane, mitochondrial inner membrane, membrane raft";0,00224971878515186
"511";511;"Q9UL46";"Q9UL46";"PSME2_HUMAN";"Proteasome activator complex subunit 2";"PSME2";2;2;"6.51540638981611E-4";2;2;"8.24994019364831E-4";0;"cytosol, proteasome activator complex, extracellular vesicular exosome, proteasome complex, nucleoplasm";0,000449943757030371
"514";514;"Q9UQ80";"Q9UQ80";"PA2G4_HUMAN";"Proliferation-associated protein 2G4";"PA2G4";8;8;"0.00158089556057467";8;8;"0.00200176213835731";0;"ribonucleoprotein complex, nucleolus, cytoplasm, extracellular vesicular exosome";0,00179977502812148
"517";517;"Q9Y230";"Q9Y230";"RUVB2_HUMAN";"RuvB-like 2";"RUVBL2";10;13;"0.00218610881783571";10;13;"0.00276809548398113";0;"NuA4 histone acetyltransferase complex, extracellular vesicular exosome, membrane, nuclear matrix, MLL1 complex, Ino80 complex, cytoplasm, ribonucleoprotein complex";0,00292463442069741
"519";519;"Q9Y265";"Q9Y265-1";"RUVB1_HUMAN";"RuvB-like 1";"RUVBL1";10;12;"0.00204892385153428";10;12;"0";0;"microtubule organizing center, MLL1 complex, extracellular vesicular exosome, membrane, Ino80 complex, NuA4 histone acetyltransferase complex, Golgi apparatus, nuclear matrix";0,00269966254218223
"521";521;"Q9Y277";"Q9Y277-1,Q9Y277-2";"VDAC3_HUMAN";"Voltage-dependent anion-selective channel protein 3";"VDAC3";1;1;"1.60486968347502E-4";1;1;"0";3;"pore complex, mitochondrial outer membrane, extracellular vesicular exosome";0,000224971878515186
"526";526;"Q9Y3F4";"Q9Y3F4";"STRAP_HUMAN";"Serine-threonine kinase receptor-associated protein";"STRAP";2;2;"4.449091791903E-4";2;2;"5.63353058937699E-4";0;"cell junction, SMN complex, plasma membrane, SMN-Sm protein complex, cytosol, nucleus, spliceosomal complex, mitochondrion";0,000449943757030371
"528";528;"Q9Y490";"Q9Y490";"TLN1_HUMAN";"Talin-1";"TLN1";31;45;"0.00137885076195341";31;45;"0.00174592890166642";0;"cytosol, actin cytoskeleton, ruffle, intracellular membrane-bounded organelle, centrosome, focal adhesion, cell-cell junction, extracellular vesicular exosome, plasma membrane, cell surface, ruffle membrane";0,0101237345331834
"529";529;"Q9Y4L1";"Q9Y4L1";"HYOU1_HUMAN";"Hypoxia up-regulated protein 1";"HYOU1";9;11;"8.57307477418746E-4";9;11;"0.0010855401786337";0;"extracellular vesicular exosome, endocytic vesicle lumen, endoplasmic reticulum lumen";0,00247469066366704
