"";"X";"protein.acs";"protein.g";"ID";"Description";"Gene";"global.peptide.count";"global.spectra.count";"global.dNSAF";"peptide.count.P6287.1.id.csv";"peptide.count.P6287.2.id.csv";"spectra.count.P6287.1.id.csv";"spectra.count.P6287.2.id.csv";"dNSAF.P6287.1.id.csv";"dNSAF.P6287.2.id.csv";"Go.Cc";"norm.sc"
"1";1;"A6NIZ1";"A6NIZ1,P61224-1,P61224-2,P61224-3,P61224-4,P62834";"RAP1A_HUMAN, RAP1B_HUMAN, RP1BL_HUMAN";"Ras-related protein Rap-1A, Ras-related protein Rap-1b, Ras-related protein Rap-1b-like protein";"RAP1A, RAP1B";1;1;6,04399418732911e-05;1;NA;1;NA;0,000454047123874575;NA;"plasma membrane, cytosol";0,000191644308164048
"5";5;"O00299";"O00299";"CLIC1_HUMAN";"Chloride intracellular channel protein 1";"CLIC1";5;5;0,00138435053585297;NA;5;NA;5;NA;0,00411618114587637;"nucleus, extracellular space, extracellular vesicular exosome, nuclear envelope, cytoplasm, perinuclear region of cytoplasm, nuclear membrane, plasma membrane, brush border, blood microparticle, mitochondrion, chloride channel complex";0,000958221540820238
"10";10;"O00592";"O00592-1,O00592-2";"PODXL_HUMAN";"Podocalyxin";"PODXL";3;5;0,000298950250125956;2;3;2;3;NA;NA;"lamellipodium, ruffle, plasma membrane, extracellular vesicular exosome, slit diaphragm, cell body, microvillus membrane, filopodium, integral component of plasma membrane, membrane raft, apical plasma membrane, cytoplasm";0,000958221540820238
"11";11;"O14672";"O14672";"ADA10_HUMAN";"Disintegrin and metalloproteinase domain-containing protein 10";"ADAM10";11;19;0,00169490403841464;10;6;12;7;0,00268057767250017;0,00185668384842071;"extracellular vesicular exosome, tetraspanin-enriched microdomain, Golgi-associated vesicle, postsynaptic density, plasma membrane, cytoplasm, nucleus, cell surface, integral component of membrane, perinuclear endoplasmic reticulum, Golgi apparatus";0,0036412418551169
"17";17;"O15031";"O15031";"PLXB2_HUMAN";"Plexin-B2";"PLXNB2";11;12;0,000435641104427291;4;8;4;8;0,000363632952308691;0,000863547034738808;"extracellular vesicular exosome, integral component of plasma membrane, intracellular";0,00229973169796857
"20";20;"O15427";"O15427";"MOT4_HUMAN";"Monocarboxylate transporter 4";"SLC16A3";3;4;0,000573984480241835;NA;3;NA;4;NA;0,00170666607510745;"plasma membrane, actin cytoskeleton, membrane, nuclear membrane, integral component of plasma membrane";0,00076657723265619
"35";35;"O75348";"O75348";"VATG1_HUMAN";"V-type proton ATPase subunit G 1";"ATP6V1G1";1;2;0,00113094399708667;1;1;1;1;0,00141601136937156;0,0016813553494173;"vacuolar proton-transporting V-type ATPase complex, plasma membrane, cytosol, extracellular vesicular exosome, lysosomal membrane";0,000383288616328095
"36";36;"O75369";"O75369-1,O75369-2,O75369-3,O75369-6,O75369-8,O75369-9";"FLNB_HUMAN";"Filamin-B";"FLNB";5;5;2,36194764551961e-05;5;NA;5;NA;NA;NA;"cytoplasm, focal adhesion, cytosol, cell cortex, stress fiber, actin cytoskeleton, plasma membrane, extracellular vesicular exosome, integral component of membrane, Z disc";0,000958221540820238
"45";45;"O94804";"O94804";"STK10_HUMAN";"Serine/threonine-protein kinase 10";"STK10";2;2;0,000137863007909325;NA;2;NA;2;NA;0,000409917213287688;"cytoplasm, extracellular vesicular exosome, plasma membrane";0,000383288616328095
"50";50;"O95297";"O95297-1,O95297-2,O95297-3";"MPZL1_HUMAN";"Myelin protein zero-like protein 1";"MPZL1";2;4;0,00033073455181221;2;NA;4;NA;NA;NA;"integral component of plasma membrane";0,00076657723265619
"56";56;"P00505";"P00505";"AATM_HUMAN";"Aspartate aminotransferase, mitochondrial";"GOT2";7;10;0,00155176036809566;5;5;5;5;0,00194289932076562;0,00230697594454931;"extracellular vesicular exosome, mitochondrial inner membrane, mitochondrial matrix, plasma membrane, mitochondrion";0,00191644308164048
"58";58;"P00813";"P00813";"ADA_HUMAN";"Adenosine deaminase";"ADA";2;4;0,0007352693755164;2;1;3;1;0,00138090364946978;0,000546556284383584;"cytosol, dendrite cytoplasm, membrane, lysosome, neuronal cell body, cell surface, external side of plasma membrane, cytoplasmic membrane-bounded vesicle lumen, cytoplasm, plasma membrane, cell junction, extracellular space";0,00076657723265619
"59";59;"P01889";"P01889";"1B07_HUMAN";"HLA class I histocompatibility antigen, B-7 alpha chain";"HLA-B";1;1;0,00374794424080563;0;1;0;1;NA;0,00548066108373594;"integral component of plasma membrane, extracellular vesicular exosome, Golgi apparatus, ER to Golgi transport vesicle membrane, MHC class I protein complex, early endosome membrane, integral component of lumenal side of endoplasmic reticulum membrane, endoplasmic reticulum, plasma membrane, cell surface, phagocytic vesicle membrane, Golgi membrane";0,000191644308164048
"60";60;"P01892";"P01892";"1A02_HUMAN";"HLA class I histocompatibility antigen, A-2 alpha chain";"HLA-A";1;2;0,0110904809504261;1;1;1;1;0,0155644866134759;0,0146761592965576;"MHC class I protein complex, integral component of lumenal side of endoplasmic reticulum membrane, phagocytic vesicle membrane, early endosome membrane, Golgi medial cisterna, ER to Golgi transport vesicle membrane, endoplasmic reticulum exit site, Golgi membrane, endoplasmic reticulum, plasma membrane, cell surface, Golgi apparatus";0,000383288616328095
"61";61;"P01903";"P01903";"DRA_HUMAN";"HLA class II histocompatibility antigen, DR alpha chain";"HLA-DRA";6;11;0,00288969548861908;4;6;5;6;0,00328916026743787;0,00468661254876947;"trans-Golgi network membrane, Golgi membrane, integral component of lumenal side of endoplasmic reticulum membrane, plasma membrane, clathrin-coated endocytic vesicle membrane, ER to Golgi transport vesicle membrane, transport vesicle membrane, integral component of plasma membrane, endocytic vesicle membrane, MHC class II protein complex, extracellular vesicular exosome, cell surface, late endosome membrane, lysosomal membrane, lysosome";0,00210808738980452
"62";62;"P01912";"P01912";"2B13_HUMAN";"HLA class II histocompatibility antigen, DRB1-3 chain";"HLA-DRB1";0;0;NA;0;0;0;0;NA;0;"Golgi membrane, endocytic vesicle membrane, lysosomal membrane, ER to Golgi transport vesicle membrane, transport vesicle membrane, trans-Golgi network membrane, late endosome membrane, clathrin-coated endocytic vesicle membrane, MHC class II protein complex, plasma membrane, integral component of lumenal side of endoplasmic reticulum membrane";0
"67";67;"P02786";"P02786";"TFR1_HUMAN";"Transferrin receptor protein 1";"TFRC";14;22;0,00193153330028749;8;10;10;12;0,00219854396823479;0,00313263049312486;"external side of plasma membrane, cell surface, intracellular membrane-bounded organelle, melanosome, extracellular vesicular exosome, membrane, cytoplasmic membrane-bounded vesicle, coated pit, perinuclear region of cytoplasm, integral component of plasma membrane, extracellular space, blood microparticle, endosome, plasma membrane, extracellular region";0,00421617477960905
"69";69;"P03989";"P03989";"1B27_HUMAN";"HLA class I histocompatibility antigen, B-27 alpha chain";"HLA-B";0;0;NA;0;0;0;0;NA;NA;"ER to Golgi transport vesicle membrane, Golgi apparatus, integral component of lumenal side of endoplasmic reticulum membrane, early endosome membrane, extracellular vesicular exosome, plasma membrane, Golgi membrane, membrane, MHC class I protein complex, endoplasmic reticulum, cell surface, phagocytic vesicle membrane";0
"70";70;"P04040";"P04040";"CATA_HUMAN";"Catalase";"CAT";17;25;0,00316535558956894;13;11;14;11;0,00443880603833361;0,0041411750351872;"plasma membrane, membrane, Golgi apparatus, peroxisomal membrane, peroxisomal matrix, intracellular membrane-bounded organelle, cytosol, endoplasmic reticulum, peroxisome, mitochondrial intermembrane space, lysosome";0,00479110770410119
"72";72;"P04222";"P04222";"1C03_HUMAN";"HLA class I histocompatibility antigen, Cw-3 alpha chain";"HLA-C";0;0;NA;0;0;0;0;NA;NA;"integral component of lumenal side of endoplasmic reticulum membrane, cell surface, Golgi membrane, ER to Golgi transport vesicle membrane, early endosome membrane, phagocytic vesicle membrane, MHC class I protein complex, plasma membrane, Golgi apparatus, endoplasmic reticulum";0
"74";74;"P04264";"P04264";"K2C1_HUMAN";"Keratin, type II cytoskeletal 1";"KRT1";9;17;0,00242806346573221;9;8;9;8;0,0031134659922828;0,00353943286565051;"blood microparticle, cytoskeleton, membrane, nucleus, plasma membrane, extracellular vesicular exosome, extracellular space, keratin filament";0,00325795323878881
"75";75;"P04406";"P04406-1,P04406-2";"G3P_HUMAN";"Glyceraldehyde-3-phosphate dehydrogenase";"GAPDH";16;48;0,00478034835783498;15;14;25;23;NA;NA;"perinuclear region of cytoplasm, cytoplasm, nucleus, extracellular vesicular exosome, ribonucleoprotein complex, GAIT complex, lipid particle, microtubule cytoskeleton, plasma membrane, cytosol";0,00919892679187428
"76";76;"P04439";"P04439";"1A03_HUMAN";"HLA class I histocompatibility antigen, A-3 alpha chain";"HLA-A";0;0;0;0;0;0;0;NA;0;"ER to Golgi transport vesicle membrane, Golgi membrane, MHC class I protein complex, Golgi apparatus, early endosome membrane, integral component of lumenal side of endoplasmic reticulum membrane, endoplasmic reticulum, integral component of plasma membrane, phagocytic vesicle membrane, cell surface, plasma membrane";0
"77";77;"P04792";"P04792";"HSPB1_HUMAN";"Heat shock protein beta-1";"HSPB1";3;6;0,00195294719496917;3;3;3;3;0,00244520987686601;0,00290341362777426;"Z disc, spindle, cytosol, proteasome complex, cytoskeleton, plasma membrane, extracellular space, extracellular vesicular exosome, cytoplasm, nucleus";0,00114986584898429
"80";80;"P04899";"P04899-1,P04899-2,P04899-3,P04899-4";"GNAI2_HUMAN";"Guanine nucleotide-binding protein G(i) subunit alpha-2";"GNAI2";3;3;0,000140969779918549;NA;3;NA;3;NA;NA;"membrane raft, centrosome, extracellular vesicular exosome, heterotrimeric G-protein complex, cytosol, midbody, plasma membrane, cytoplasm, nucleus, extrinsic component of cytoplasmic side of plasma membrane";0,000574932924492143
"81";81;"P05023";"P05023-1,P05023-3,P05023-4";"AT1A1_HUMAN";"Sodium/potassium-transporting ATPase subunit alpha-1";"ATP1A1";7;8;0,000173934690982374;4;4;4;4;NA;NA;"integral component of membrane, endoplasmic reticulum, T-tubule, membrane, plasma membrane, sodium:potassium-exchanging ATPase complex, melanosome, endosome, caveola, basolateral plasma membrane, extracellular vesicular exosome, Golgi apparatus";0,00153315446531238
"82";82;"P05026";"P05026-1,P05026-2";"AT1B1_HUMAN";"Sodium/potassium-transporting ATPase subunit beta-1";"ATP1B1";3;3;0,000330325226871848;3;NA;3;NA;NA;NA;"caveola, extracellular vesicular exosome, basolateral plasma membrane, plasma membrane, sodium:potassium-exchanging ATPase complex, apical plasma membrane";0,000574932924492143
"83";83;"P05107";"P05107";"ITB2_HUMAN";"Integrin beta-2";"ITGB2";19;29;0,00251631362680791;14;15;14;15;0,00304193859844189;0,00386995964690327;"integrin complex, receptor complex, extracellular vesicular exosome, plasma membrane, cell surface";0,00555768493675738
"85";85;"P05141";"P05141";"ADT2_HUMAN";"ADP/ATP translocase 2";"SLC25A5";4;8;0,00303142035770468;4;4;4;4;0,00411181824931606;0,00418484993968102;"integral component of plasma membrane, mitochondrial nucleoid, nucleus, MMXD complex, mitochondrial inner membrane, mitochondrion";0,00153315446531238
"88";88;"P05362";"P05362";"ICAM1_HUMAN";"Intercellular adhesion molecule 1";"ICAM1";4;5;0,000627121201392043;1;4;1;4;0,000314077709747826;0,00149172880624993;"extracellular space, external side of plasma membrane, immunological synapse, plasma membrane, integral component of plasma membrane, extracellular vesicular exosome";0,000958221540820238
"92";92;"P05556";"P05556-1";"ITB1_HUMAN";"Integrin beta-1";"ITGB1";15;29;0,00242486864538256;13;13;16;13;NA;NA;"plasma membrane, recycling endosome, ruffle, external side of plasma membrane, hemidesmosome, receptor complex, filopodium, sarcolemma, alpha9-beta1 integrin complex, focal adhesion, lamellipodium, extracellular vesicular exosome, membrane raft, intercalated disc, melanosome, myelin sheath abaxonal region, cytoplasm, alpha8-beta1 integrin complex, integrin complex, acrosomal vesicle, cleavage furrow, neuromuscular junction, basement membrane, alpha3-beta1 integrin complex, cell surface, alpha7-beta1 integrin complex";0,00555768493675738
"94";94;"P06213";"P06213-1,P06213-2";"INSR_HUMAN";"Insulin receptor";"INSR";1;1;2,41409898075663e-05;1;NA;1;NA;NA;NA;"caveola, integral component of plasma membrane, endosome membrane, insulin receptor complex, membrane, extracellular vesicular exosome, receptor complex, plasma membrane";0,000191644308164048
"96";96;"P06576";"P06576";"ATPB_HUMAN";"ATP synthase subunit beta, mitochondrial";"ATP5B";13;18;0,00227043955558798;12;6;12;6;0,00379030642538776;0,00225028277388931;"membrane, cell surface, mitochondrial nucleoid, mitochondrial proton-transporting ATP synthase, catalytic core, mitochondrial membrane, plasma membrane, extracellular vesicular exosome, mitochondrial matrix, mitochondrial proton-transporting ATP synthase complex, nucleus, mitochondrion";0,00344959754695286
"97";97;"P06733";"P06733-1";"ENOA_HUMAN";"Alpha-enolase";"ENO1";19;33;0,00608833537970804;13;16;15;18;NA;NA;"phosphopyruvate hydratase complex, plasma membrane, extracellular space, M band, extracellular vesicular exosome, nucleus, cytosol, cytoplasm";0,00632426216941357
"98";98;"P06744";"P06744-1,P06744-2";"G6PI_HUMAN";"Glucose-6-phosphate isomerase";"GPI";1;2;0,000119580100050382;1;1;1;1;NA;NA;"plasma membrane, cytoplasm, neuron projection, extracellular space, extracellular vesicular exosome, cytosol, nucleus";0,000383288616328095
"103";103;"P07237";"P07237";"PDIA1_HUMAN";"Protein disulfide-isomerase";"P4HB";15;28;0,00367779425824247;15;11;17;11;0,00559157245464438;0,00429606150303868;"melanosome, endoplasmic reticulum lumen, procollagen-proline 4-dioxygenase complex, endoplasmic reticulum, plasma membrane, extracellular vesicular exosome, endoplasmic reticulum-Golgi intermediate compartment, extracellular region";0,00536604062859333
"107";107;"P07900";"P07900-1,P07900-2";"HS90A_HUMAN";"Heat shock protein HSP 90-alpha";"HSP90AA1";16;25;0,00173026305969986;13;8;16;9;NA;NA;"cytoplasm, nucleus, plasma membrane, extracellular region, melanosome, extracellular vesicular exosome, mitochondrion, cytosol, endocytic vesicle lumen";0,00479110770410119
"112";112;"P08195";"P08195-1,P08195-2,P08195-3,P08195-4";"4F2_HUMAN";"4F2 cell-surface antigen heavy chain";"SLC3A2";27;55;0,0014563147898993;20;24;24;31;NA;NA;"cell junction, extracellular vesicular exosome, integral component of membrane, nucleus, apical plasma membrane, plasma membrane, cytoplasm, melanosome";0,0105404369490226
"113";113;"P08238";"P08238";"HS90B_HUMAN";"Heat shock protein HSP 90-beta";"HSP90AB1";16;29;0,00413834873088656;11;14;13;16;0,00444860649392678;0,0071055940547442;"cytoplasm, melanosome, mitochondrion, inclusion body, cytosol, brush border membrane, extracellular vesicular exosome, cell surface, apical plasma membrane, basolateral plasma membrane";0,00555768493675738
"114";114;"P08575";"P08575-1,P08575-2";"PTPRC_HUMAN";"Receptor-type tyrosine-protein phosphatase C";"PTPRC";42;81;0,00207238549159401;33;29;40;41;NA;NA;"focal adhesion, plasma membrane, integral component of plasma membrane, membrane raft, extracellular vesicular exosome, external side of plasma membrane";0,0155231889612878
"117";117;"P08648";"P08648";"ITA5_HUMAN";"Integrin alpha-5";"ITGA5";6;11;0,000699697477701856;4;6;4;7;0,000637137622824952;0,00132392709115223;"ruffle, integrin complex, external side of plasma membrane, alphav-beta3 integrin-vitronectin complex, plasma membrane, cytoplasm, synapse";0,00210808738980452
"120";120;"P08865";"P08865";"RSSA_HUMAN";"40S ribosomal protein SA";"RPSA";5;7;0,00158332159592133;3;4;3;4;0,00169921364324587;0,00269016855906768;"plasma membrane, 90S preribosome, extracellular vesicular exosome, cytosolic small ribosomal subunit, cytosol, nucleus, cytoplasm";0,00134151015714833
"123";123;"P09211";"P09211";"GSTP1_HUMAN";"Glutathione S-transferase P";"GSTP1";1;1;0,000317741408705302;1;NA;1;NA;0,000795663531361161;NA;"TRAF2-GSTP1 complex, extracellular space, mitochondrion, nucleus, cytosol, plasma membrane, cytoplasm, extracellular vesicular exosome, intracellular";0,000191644308164048
"124";124;"P09382";"P09382";"LEG1_HUMAN";"Galectin-1";"LGALS1";4;4;0,00197705765416632;4;NA;4;NA;0,00495079530624722;NA;"proteinaceous extracellular matrix, extracellular space, cytoplasm, nucleus, cell surface, intracellular";0,00076657723265619
"125";125;"P09429";"P09429";"HMGB1_HUMAN";"High mobility group protein B1";"HMGB1";7;16;0,00514954551782856;6;5;9;7;0,007253490797525;0,0066987745945432;"extracellular space, condensed chromosome, extracellular region, nucleus, cell surface, nucleoplasm";0,00306630893062476
"134";134;"P10316";"P10316";"1A69_HUMAN";"HLA class I histocompatibility antigen, A-69 alpha chain";"HLA-A";0;0;0;0;0;0;0;NA;0;"Golgi membrane, integral component of lumenal side of endoplasmic reticulum membrane, extracellular vesicular exosome, MHC class I protein complex, phagocytic vesicle membrane, endoplasmic reticulum, Golgi apparatus, early endosome membrane, plasma membrane, cell surface, ER to Golgi transport vesicle membrane";0
"135";135;"P10319";"P10319";"1B58_HUMAN";"HLA class I histocompatibility antigen, B-58 alpha chain";"HLA-B";0;0;NA;0;0;0;0;NA;NA;"cell surface, endoplasmic reticulum, phagocytic vesicle membrane, plasma membrane, MHC class I protein complex, early endosome membrane, Golgi membrane, Golgi apparatus, ER to Golgi transport vesicle membrane, integral component of lumenal side of endoplasmic reticulum membrane";0
"136";136;"P10321";"P10321";"1C07_HUMAN";"HLA class I histocompatibility antigen, Cw-7 alpha chain";"HLA-C";0;0;0;0;0;0;0;NA;0;"Golgi apparatus, endoplasmic reticulum, extracellular vesicular exosome, early endosome membrane, ER to Golgi transport vesicle membrane, Golgi membrane, plasma membrane, cell surface, integral component of lumenal side of endoplasmic reticulum membrane, phagocytic vesicle membrane, MHC class I protein complex";0
"137";137;"P10586";"P10586-1,P10586-2";"PTPRF_HUMAN";"Receptor-type tyrosine-protein phosphatase F";"PTPRF";1;1;1,74949386020224e-05;NA;1;NA;1;NA;NA;"integral component of plasma membrane, extracellular vesicular exosome";0,000191644308164048
"139";139;"P10809";"P10809";"CH60_HUMAN";"60 kDa heat shock protein, mitochondrial";"HSPD1";30;60;0,00698698385634695;25;21;31;29;0,00903973750289905;0,0100411832560314;"secretory granule, coated vesicle, protein complex, cytosol, cytoplasm, mitochondrial matrix, early endosome, mitochondrial inner membrane, coated pit, mitochondrion, extracellular space, cell surface, plasma membrane, lipopolysaccharide receptor complex, extracellular vesicular exosome";0,0114986584898429
"140";140;"P11021";"P11021";"GRP78_HUMAN";"78 kDa glucose-regulated protein";"HSPA5";24;36;0,00382966964937615;16;16;16;20;0,00420804242166183;0,00640460736998587;"endoplasmic reticulum chaperone complex, midbody, extracellular vesicular exosome, cell surface, endoplasmic reticulum membrane, melanosome, endoplasmic reticulum lumen, integral component of endoplasmic reticulum membrane, endoplasmic reticulum-Golgi intermediate compartment, endoplasmic reticulum, nucleus";0,00689919509390571
"141";141;"P11142";"P11142-1";"HSP7C_HUMAN";"Heat shock cognate 71 kDa protein";"HSPA8";17;33;0,00404094574213506;16;10;18;15;NA;NA;"Prp19 complex, blood microparticle, spliceosomal complex, nucleus, intracellular, plasma membrane, nucleolus, cytosol, clathrin-sculpted gamma-aminobutyric acid transport vesicle membrane, melanosome, extracellular vesicular exosome, ribonucleoprotein complex";0,00632426216941357
"150";150;"P12814";"P12814-1,P12814-2,P12814-3,P12814-4";"ACTN1_HUMAN";"Alpha-actinin-1";"ACTN1";2;2;0,000121557461570274;1;1;1;1;NA;NA;"focal adhesion, Z disc, platelet alpha granule lumen, ruffle, cytoskeleton, fascia adherens, cell projection, nucleus, extracellular vesicular exosome, pseudopodium, cytosol, plasma membrane, extracellular region, cytoplasm, dendritic spine";0,000383288616328095
"153";153;"P13598";"P13598";"ICAM2_HUMAN";"Intercellular adhesion molecule 2";"ICAM2";2;2;0,000485277787840824;2;NA;2;NA;0,00121519521153341;NA;"uropod, plasma membrane, integral component of plasma membrane";0,000383288616328095
"154";154;"P13612";"P13612";"ITA4_HUMAN";"Integrin alpha-4";"ITGA4";19;29;0,00187504377811559;13;14;15;14;0,00242862415095703;0,00269147193530753;"external side of plasma membrane, cell surface, integrin complex, extracellular vesicular exosome, plasma membrane";0,00555768493675738
"157";157;"P13667";"P13667";"PDIA4_HUMAN";"Protein disulfide-isomerase A4";"PDIA4";6;7;0,000724154838444641;6;NA;7;NA;0,00181337269938125;NA;"endoplasmic reticulum, melanosome, cell surface, endoplasmic reticulum lumen";0,00134151015714833
"158";158;"P13760";"P13760";"2B14_HUMAN";"HLA class II histocompatibility antigen, DRB1-4 beta chain";"HLA-DRB1";0;0;NA;0;0;0;0;NA;NA;"endocytic vesicle membrane, plasma membrane, external side of plasma membrane, MHC class II protein complex, integral component of plasma membrane, lysosomal membrane, Golgi membrane, trans-Golgi network membrane, clathrin-coated endocytic vesicle membrane, ER to Golgi transport vesicle membrane, integral component of lumenal side of endoplasmic reticulum membrane, transport vesicle membrane, late endosome membrane";0
"159";159;"P13796";"P13796";"PLSL_HUMAN";"Plastin-2";"LCP1";11;17;0,0018091496476522;11;4;13;4;0,00346437231358209;0,00126570929015146;"focal adhesion, filopodium, extracellular vesicular exosome, actin filament, plasma membrane, ruffle membrane, cytoplasm, phagocytic cup, cytosol, extracellular space, actin cytoskeleton, ruffle, actin filament bundle";0,00325795323878881
"160";160;"P13929";"P13929-1,P13929-2,P13929-3";"ENOB_HUMAN";"Beta-enolase";"ENO3";1;2;0,000122996674337536;1;1;1;1;NA;NA;"extracellular space, cytoplasm, plasma membrane, cytosol, phosphopyruvate hydratase complex";0,000383288616328095
"161";161;"P13987";"P13987";"CD59_HUMAN";"CD59 glycoprotein";"CD59";4;11;0,00573423948522849;4;4;5;6;0,00652692740569702;0,00929999677646443;"extracellular space, plasma membrane, extracellular vesicular exosome, anchored component of external side of plasma membrane, cell surface, sarcolemma, compact myelin, membrane, extracellular region";0,00210808738980452
"162";162;"P14174";"P14174";"MIF_HUMAN";"Macrophage migration inhibitory factor";"MIF";1;4;0,00232089376793438;1;1;2;2;0,00290590159279728;0,00345043358663028;"extracellular region, cell surface, extracellular space, cytoplasm, extracellular vesicular exosome";0,00076657723265619
"163";163;"P14209";"P14209-1,P14209-3";"CD99_HUMAN";"CD99 antigen";"CD99";2;4;0,000721358873817441;2;2;2;2;NA;NA;"integral component of plasma membrane, cytoplasm, plasma membrane";0,00076657723265619
"165";165;"P14618";"P14618-1";"KPYM_HUMAN";"Pyruvate kinase PKM";"PKM";27;49;0,0061573617619163;21;22;25;24;NA;NA;"cytosol, cytoplasm, cilium, plasma membrane, mitochondrion, extracellular vesicular exosome, nucleus";0,00939057110003833
"166";166;"P14625";"P14625";"ENPL_HUMAN";"Endoplasmin";"HSP90B1";24;38;0,00325188703669659;18;16;21;17;0,00436970880859616;0,00445480807134565;"endoplasmic reticulum, endoplasmic reticulum membrane, perinuclear region of cytoplasm, midbody, endoplasmic reticulum lumen, melanosome, extracellular vesicular exosome, extracellular region, nucleus, cytosol, plasma membrane, endocytic vesicle lumen";0,00728248371023381
"170";170;"P15144";"P15144";"AMPN_HUMAN";"Aminopeptidase N";"ANPEP";3;5;0,00034501393913192;2;3;2;3;0,000345582919515706;0,000615511679104161;"lysosomal membrane, integral component of plasma membrane, endoplasmic reticulum-Golgi intermediate compartment, cytosol, external side of plasma membrane, extracellular vesicular exosome";0,000958221540820238
"171";171;"P15151";"P15151-1,P15151-2,P15151-3,P15151-4";"PVR_HUMAN";"Poliovirus receptor";"PVR";1;2;8,00068295301119e-05;1;1;1;1;NA;NA;"integral component of membrane, plasma membrane, extracellular space, cytoplasm, cell surface";0,000383288616328095
"172";172;"P15153";"P15153";"RAC2_HUMAN";"Ras-related C3 botulinum toxin substrate 2";"RAC2";5;9;0,00336836445286149;5;4;5;4;0,00483476104125705;0,00413333190065086;"extracellular vesicular exosome, cytosol, plasma membrane, nuclear envelope";0,00172479877347643
"173";173;"P15311";"P15311";"EZRI_HUMAN";"Ezrin";"EZR";3;4;0,000632074572168518;2;1;2;2;0,000802603334630522;0,000923363006040526;"cell tip, microspike, actin cytoskeleton, astrocyte projection, basolateral plasma membrane, microvillus membrane, cortical cytoskeleton, ruffle, ruffle membrane, actin filament, apical part of cell, cell body, cytosol, T-tubule, membrane raft, extracellular vesicular exosome, filopodium, extrinsic component of membrane, uropod, plasma membrane, apical plasma membrane, nucleolus, Schwann cell microvillus, microvillus";0,00076657723265619
"175";175;"P16070";"P16070-1,P16070-10,P16070-11,P16070-12,P16070-13,P16070-14,P16070-16,P16070-17,P16070-18,P16070-3,P16070-4,P16070-5,P16070-6,P16070-7,P16070-8";"CD44_HUMAN";"CD44 antigen";"CD44";9;26;0,000155873143893167;9;9;14;12;NA;NA;"plasma membrane, basolateral plasma membrane, Golgi apparatus, extracellular vesicular exosome, cytoplasm, cell surface, integral component of plasma membrane, external side of plasma membrane";0,00498275201226524
"177";177;"P16150";"P16150";"LEUK_HUMAN";"Leukosialin";"SPN";5;12;0,0020017708748434;5;3;7;5;0,00292406347775227;0,00247999914039051;"plasma membrane, cell surface, uropod, extracellular space, external side of plasma membrane, basement membrane, extracellular vesicular exosome, integral component of plasma membrane";0,00229973169796857
"178";178;"P16188";"P16188";"1A30_HUMAN";"HLA class I histocompatibility antigen, A-30 alpha chain";"HLA-A";0;0;0;0;0;0;0;NA;0;"cell surface, endoplasmic reticulum, integral component of plasma membrane, extracellular vesicular exosome, plasma membrane, ER to Golgi transport vesicle membrane, MHC class I protein complex, Golgi membrane, phagocytic vesicle membrane, integral component of lumenal side of endoplasmic reticulum membrane, Golgi apparatus, early endosome membrane";0
"179";179;"P16190";"P16190";"1A33_HUMAN";"HLA class I histocompatibility antigen, A-33 alpha chain";"HLA-A";0;0;NA;0;0;0;0;NA;NA;"MHC class I protein complex, endoplasmic reticulum, phagocytic vesicle membrane, ER to Golgi transport vesicle membrane, cell surface, plasma membrane, Golgi apparatus, integral component of lumenal side of endoplasmic reticulum membrane, early endosome membrane, Golgi membrane";0
"180";180;"P16284";"P16284-1,P16284-2,P16284-3";"PECA1_HUMAN";"Platelet endothelial cell adhesion molecule";"PECAM1";3;4;0,000120552295985751;2;2;2;2;NA;NA;"extracellular vesicular exosome, plasma membrane, extracellular space, cell junction, integral component of membrane, platelet alpha granule membrane";0,00076657723265619
"187";187;"P17301";"P17301";"ITA2_HUMAN";"Integrin alpha-2";"ITGA2";1;1;5,64993190754558e-05;NA;1;NA;1;NA;0,000167993167850331;"cell outer membrane, nucleus, basal part of cell, axon terminus, perinuclear region of cytoplasm, cell surface, focal adhesion, external side of plasma membrane, plasma membrane, integrin complex";0,000191644308164048
"188";188;"P17813";"P17813-1,P17813-2";"EGLN_HUMAN";"Endoglin";"ENG";10;17;0,000861958076806935;9;7;9;8;NA;NA;"transforming growth factor beta receptor homodimeric complex, cell surface, external side of plasma membrane, cytoplasm, nucleus, extracellular space, endothelial microparticle";0,00325795323878881
"194";194;"P18463";"P18463";"1B37_HUMAN";"HLA class I histocompatibility antigen, B-37 alpha chain";"HLA-B";0;0;NA;0;0;0;0;NA;NA;"ER to Golgi transport vesicle membrane, integral component of lumenal side of endoplasmic reticulum membrane, endoplasmic reticulum, cell surface, Golgi apparatus, phagocytic vesicle membrane, plasma membrane, early endosome membrane, MHC class I protein complex, Golgi membrane";0
"195";195;"P18465";"P18465";"1B57_HUMAN";"HLA class I histocompatibility antigen, B-57 alpha chain";"HLA-B";0;0;NA;0;0;0;0;NA;NA;"plasma membrane, Golgi membrane, MHC class I protein complex, ER to Golgi transport vesicle membrane, endoplasmic reticulum, phagocytic vesicle membrane, Golgi apparatus, integral component of lumenal side of endoplasmic reticulum membrane, early endosome membrane, cell surface";0
"199";199;"P19013";"P19013";"K2C4_HUMAN";"Keratin, type II cytoskeletal 4";"KRT4";1;1;0,000180489813933723;0;1;0;1;0;0,000536662319185629;"keratin filament, intermediate filament, intermediate filament cytoskeleton, nucleus, cell surface";0,000191644308164048
"200";200;"P19256";"P19256-1,P19256-2,P19256-3";"LFA3_HUMAN";"Lymphocyte function-associated antigen 3";"CD58";1;1;8,89675944374844e-05;1;NA;1;NA;NA;NA;"extracellular vesicular exosome, plasma membrane, cell surface, anchored component of membrane, integral component of plasma membrane";0,000191644308164048
"202";202;"P20039";"P20039";"2B1B_HUMAN";"HLA class II histocompatibility antigen, DRB1-11 beta chain";"HLA-DRB1";0;0;NA;0;0;0;0;NA;NA;"MHC class II protein complex, late endosome membrane, integral component of plasma membrane, Golgi membrane, trans-Golgi network membrane, ER to Golgi transport vesicle membrane, transport vesicle membrane, plasma membrane, integral component of lumenal side of endoplasmic reticulum membrane, endocytic vesicle membrane, clathrin-coated endocytic vesicle membrane, lysosomal membrane";0
"205";205;"P20645";"P20645";"MPRD_HUMAN";"Cation-dependent mannose-6-phosphate receptor";"M6PR";2;2;0,000481773977098291;2;NA;2;NA;0,00120642123888696;NA;"lysosomal membrane, late endosome, integral component of plasma membrane, endosome";0,000383288616328095
"208";208;"P20701";"P20701-1,P20701-2";"ITAL_HUMAN";"Integrin alpha-L";"ITGAL";18;31;0,000883972893449365;16;14;16;15;NA;NA;"plasma membrane, external side of plasma membrane, immunological synapse, extracellular vesicular exosome, integrin complex";0,00594097355308547
"209";209;"P21333";"P21333-1,P21333-2";"FLNA_HUMAN";"Filamin-A";"FLNA";10;14;0,000195030666031707;7;6;8;6;NA;NA;"actin filament, plasma membrane, nucleus, apical dendrite, neuronal cell body, dendritic shaft, extracellular region, cortical cytoskeleton, Myb complex, cytosol, trans-Golgi network, extracellular vesicular exosome, actin cytoskeleton, perinuclear region of cytoplasm, cytoplasm";0,00268302031429667
"210";210;"P21796";"P21796";"VDAC1_HUMAN";"Voltage-dependent anion-selective channel protein 1";"VDAC1";6;11;0,0027300824032332;5;6;5;6;0,00328012056509312;0,00420635896603338;"nucleus, mitochondrial outer membrane, extracellular vesicular exosome, membrane, plasma membrane, mitochondrial inner membrane, pore complex, mitochondrion, mitochondrial nucleoid";0,00210808738980452
"229";229;"P25445";"P25445-1,P25445-6";"TNR6_HUMAN";"Tumor necrosis factor receptor superfamily member 6";"FAS";2;6;0,000597543544729373;2;2;3;3;NA;NA;"extracellular vesicular exosome, cytoplasm, integral component of membrane, cytosol, nucleus, death-inducing signaling complex, external side of plasma membrane, plasma membrane, CD95 death-inducing signaling complex, cell surface, membrane raft";0,00114986584898429
"231";231;"P25705";"P25705-1,P25705-2";"ATPA_HUMAN";"ATP synthase subunit alpha, mitochondrial";"ATP5A1";16;28;0,00168925812223072;16;11;17;11;NA;NA;"mitochondrion, extracellular vesicular exosome, mitochondrial matrix, mitochondrial inner membrane, plasma membrane, mitochondrial proton-transporting ATP synthase complex, proton-transporting ATP synthase complex, catalytic core F(1)";0,00536604062859333
"234";234;"P26038";"P26038";"MOES_HUMAN";"Moesin";"MSN";25;45;0,00722175323573822;21;19;25;20;0,0101890284682298;0,00937765548595751;"filopodium, cytoplasm, apical plasma membrane, uropod, plasma membrane, microvillus, extracellular vesicular exosome, basolateral plasma membrane, extrinsic component of membrane, apical part of cell, blood microparticle, microvillus membrane, cytoskeleton";0,00862399386738214
"244";244;"P27797";"P27797";"CALR_HUMAN";"Calreticulin";"CALR";22;46;0,0073606283167703;20;16;26;20;0,0104180404825706;0,0095155842317142;"perinuclear region of cytoplasm, cytoplasm, integral component of lumenal side of endoplasmic reticulum membrane, endoplasmic reticulum lumen, polysome, sarcoplasmic reticulum lumen, cell surface, proteinaceous extracellular matrix, cytosol, nucleus, acrosomal vesicle, endocytic vesicle lumen, MHC class I peptide loading complex, Golgi apparatus, intracellular, extracellular region, extracellular vesicular exosome, endoplasmic reticulum, extracellular space, external side of plasma membrane";0,00881563817554619
"245";245;"P27816";"P27816-5";"MAP4_HUMAN";"Microtubule-associated protein 4";"MAP4";1;2;0,00038614407307936;1;1;1;1;NA;NA;"mitotic spindle, microtubule cytoskeleton, plasma membrane, microtubule, microtubule associated complex, cytoplasm";0,000383288616328095
"246";246;"P27816";"P27816-1,P27816-6";"MAP4_HUMAN";"Microtubule-associated protein 4";"MAP4";1;1;9,65360182698399e-05;1;0;1;0;NA;NA;"mitotic spindle, microtubule cytoskeleton, plasma membrane, microtubule, microtubule associated complex, cytoplasm";0,000191644308164048
"254";254;"P29966";"P29966";"MARCS_HUMAN";"Myristoylated alanine-rich C-kinase substrate";"MARCKS";2;3;0,000602943034591386;2;1;2;1;0,0010065622987099;0,000597590154310967;"germinal vesicle, cell cortex, plasma membrane, extracellular vesicular exosome, centrosome, actin cytoskeleton";0,000574932924492143
"259";259;"P30101";"P30101";"PDIA3_HUMAN";"Protein disulfide-isomerase A3";"PDIA3";17;31;0,00409603281321092;15;11;18;13;0,00595565970008948;0,00510732496238838;"endoplasmic reticulum lumen, extracellular vesicular exosome, endoplasmic reticulum, melanosome, cell surface, nucleus";0,00594097355308547
"262";262;"P30419";"P30419-1,P30419-2";"NMT1_HUMAN";"Glycylpeptide N-tetradecanoyltransferase 1";"NMT1";5;8;0,00053811045022672;5;3;5;3;NA;NA;"cytosol, cell junction, actin cytoskeleton, plasma membrane, cytoplasm";0,00153315446531238
"263";263;"P30447";"P30447";"1A23_HUMAN";"HLA class I histocompatibility antigen, A-23 alpha chain";"HLA-A";0;0;NA;0;0;0;0;NA;NA;"plasma membrane, cell surface, endoplasmic reticulum, MHC class I protein complex, phagocytic vesicle membrane, ER to Golgi transport vesicle membrane, Golgi apparatus, early endosome membrane, integral component of lumenal side of endoplasmic reticulum membrane, Golgi membrane";0
"264";264;"P30453";"P30453";"1A34_HUMAN";"HLA class I histocompatibility antigen, A-34 alpha chain";"HLA-A";0;0;NA;0;0;0;0;NA;0;"ER to Golgi transport vesicle membrane, MHC class I protein complex, early endosome membrane, Golgi membrane, endoplasmic reticulum, Golgi apparatus, integral component of lumenal side of endoplasmic reticulum membrane, cell surface, plasma membrane, phagocytic vesicle membrane";0
"265";265;"P30459";"P30459";"1A74_HUMAN";"HLA class I histocompatibility antigen, A-74 alpha chain";"HLA-A";0;0;NA;0;0;0;0;NA;NA;"MHC class I protein complex, integral component of lumenal side of endoplasmic reticulum membrane, endoplasmic reticulum, cell surface, Golgi membrane, ER to Golgi transport vesicle membrane, Golgi apparatus, phagocytic vesicle membrane, early endosome membrane, plasma membrane";0
"266";266;"P30460";"P30460,P30480";"1B08_HUMAN, 1B42_HUMAN";"HLA class I histocompatibility antigen, B-42 alpha chain, HLA class I histocompatibility antigen, B-8 alpha chain";"HLA-B";0;0;NA;0;0;0;0;NA;NA;"integral component of lumenal side of endoplasmic reticulum membrane, MHC class I protein complex, ER to Golgi transport vesicle membrane, Golgi apparatus, cell surface, endoplasmic reticulum, early endosome membrane, phagocytic vesicle membrane, plasma membrane, integral component of plasma membrane, Golgi membrane";0
"267";267;"P30464";"P30464";"1B15_HUMAN";"HLA class I histocompatibility antigen, B-15 alpha chain";"HLA-B";0;0;NA;0;0;0;0;NA;NA;"early endosome membrane, ER to Golgi transport vesicle membrane, phagocytic vesicle membrane, Golgi apparatus, MHC class I protein complex, integral component of lumenal side of endoplasmic reticulum membrane, plasma membrane, cell surface, Golgi membrane, endoplasmic reticulum";0
"268";268;"P30466";"P30466";"1B18_HUMAN";"HLA class I histocompatibility antigen, B-18 alpha chain";"HLA-B";0;0;NA;0;0;0;0;NA;NA;"integral component of lumenal side of endoplasmic reticulum membrane, MHC class I protein complex, cell surface, endoplasmic reticulum, Golgi membrane, ER to Golgi transport vesicle membrane, phagocytic vesicle membrane, Golgi apparatus, early endosome membrane, plasma membrane";0
"269";269;"P30479";"P30479";"1B41_HUMAN";"HLA class I histocompatibility antigen, B-41 alpha chain";"HLA-B";0;0;NA;0;0;0;0;NA;NA;"early endosome membrane, phagocytic vesicle membrane, integral component of lumenal side of endoplasmic reticulum membrane, MHC class I protein complex, Golgi membrane, ER to Golgi transport vesicle membrane, cell surface, Golgi apparatus, plasma membrane, endoplasmic reticulum";0
"270";270;"P30481";"P30481";"1B44_HUMAN";"HLA class I histocompatibility antigen, B-44 alpha chain";"HLA-B";0;0;NA;0;0;0;0;NA;NA;"MHC class I protein complex, endoplasmic reticulum, Golgi membrane, ER to Golgi transport vesicle membrane, integral component of lumenal side of endoplasmic reticulum membrane, cell surface, plasma membrane, early endosome membrane, phagocytic vesicle membrane, Golgi apparatus";0
"271";271;"P30486";"P30486";"1B48_HUMAN";"HLA class I histocompatibility antigen, B-48 alpha chain";"HLA-B";0;0;NA;0;0;0;0;NA;NA;"Golgi apparatus, integral component of membrane, MHC class I protein complex, cell surface, endoplasmic reticulum";0
"272";272;"P30490";"P30490";"1B52_HUMAN";"HLA class I histocompatibility antigen, B-52 alpha chain";"HLA-B";0;0;NA;0;0;0;0;NA;NA;"phagocytic vesicle membrane, integral component of lumenal side of endoplasmic reticulum membrane, ER to Golgi transport vesicle membrane, cell surface, MHC class I protein complex, Golgi apparatus, plasma membrane, Golgi membrane, endoplasmic reticulum, early endosome membrane";0
"273";273;"P30499";"P30499";"1C01_HUMAN";"HLA class I histocompatibility antigen, Cw-1 alpha chain";"HLA-C";0;0;NA;0;0;0;0;NA;NA;"Golgi apparatus, early endosome membrane, Golgi membrane, ER to Golgi transport vesicle membrane, MHC class I protein complex, plasma membrane, integral component of lumenal side of endoplasmic reticulum membrane, endoplasmic reticulum, cell surface, integral component of plasma membrane, phagocytic vesicle membrane";0
"274";274;"P30501";"P30501";"1C02_HUMAN";"HLA class I histocompatibility antigen, Cw-2 alpha chain";"HLA-C";0;0;NA;0;0;0;0;NA;NA;"Golgi apparatus, early endosome membrane, endoplasmic reticulum, Golgi membrane, phagocytic vesicle membrane, integral component of lumenal side of endoplasmic reticulum membrane, ER to Golgi transport vesicle membrane, integral component of plasma membrane, MHC class I protein complex, cell surface, plasma membrane";0
"275";275;"P30685";"P30491,P30685";"1B35_HUMAN, 1B53_HUMAN";"HLA class I histocompatibility antigen, B-35 alpha chain, HLA class I histocompatibility antigen, B-53 alpha chain";"HLA-B";0;0;NA;0;0;0;0;NA;NA;"MHC class I protein complex, cell surface, ER to Golgi transport vesicle membrane, plasma membrane, integral component of lumenal side of endoplasmic reticulum membrane, early endosome membrane, endoplasmic reticulum, phagocytic vesicle membrane, Golgi apparatus, Golgi membrane";0
"277";277;"P31146";"P31146";"COR1A_HUMAN";"Coronin-1A";"CORO1A";5;7;0,00101318843990628;4;3;4;3;0,00144979905931318;0,00129110584315341;"phagocytic vesicle membrane, plasma membrane, actin filament, phagocytic vesicle, protein complex, cortical actin cytoskeleton, immunological synapse, cytoplasm, phagocytic cup, extracellular vesicular exosome, lamellipodium";0,00134151015714833
"285";285;"P32942";"P32942";"ICAM3_HUMAN";"Intercellular adhesion molecule 3";"ICAM3";7;11;0,00134183300568418;4;6;4;7;0,00122185990190745;0,0025389387908934;"extracellular vesicular exosome, integral component of plasma membrane, plasma membrane";0,00210808738980452
"294";294;"P35232";"P35232";"PHB_HUMAN";"Prohibitin";"PHB";3;3;0,000735945174574779;3;NA;3;NA;0,00184289714984386;NA;"cytoplasm, mitochondrion, mitochondrial inner membrane, membrane, extracellular vesicular exosome, nucleoplasm, integral component of plasma membrane, nucleus";0,000574932924492143
"297";297;"P35579";"P35579-1";"MYH9_HUMAN";"Myosin-9";"MYH9";22;32;0,00108939911556103;14;14;15;17;NA;NA;"cytosol, protein complex, uropod, cortical cytoskeleton, spindle, actin cytoskeleton, cytoplasm, myosin II filament, stress fiber, neuromuscular junction, actomyosin contractile ring, cleavage furrow, plasma membrane, extracellular vesicular exosome, actomyosin, nucleus, immunological synapse, myosin II complex, cell-cell adherens junction, ruffle, cell leading edge";0,00613261786124952
"298";298;"P35613";"P35613-1,P35613-2";"BASI_HUMAN";"Basigin";"BSG";7;16;0,0013865079652595;6;6;8;8;NA;NA;"extracellular vesicular exosome, integral component of plasma membrane, plasma membrane, mitochondrion, Golgi membrane, melanosome, membrane raft, sarcolemma, acrosomal membrane";0,00306630893062476
"308";308;"P38606";"P38606";"VATA_HUMAN";"V-type proton ATPase catalytic subunit A";"ATP6V1A";2;2;0,000216290748227272;2;NA;2;NA;0,000541618611299331;NA;"microvillus, mitochondrion, integral component of plasma membrane, lysosomal membrane, extracellular vesicular exosome, cytosol, plasma membrane, apical plasma membrane, proton-transporting two-sector ATPase complex, proton-transporting V-type ATPase, V1 domain";0,000383288616328095
"317";317;"P40926";"P40926";"MDHM_HUMAN";"Malate dehydrogenase, mitochondrial";"MDH2";13;25;0,00493533253166519;11;12;12;13;0,00593216597346191;0,00763076658581697;"mitochondrial matrix, mitochondrion, mitochondrial inner membrane, nucleus, extracellular vesicular exosome, plasma membrane";0,00479110770410119
"320";320;"P42081";"P42081-1,P42081-3,P42081-4";"CD86_HUMAN";"T-lymphocyte activation antigen CD86";"CD86";8;12;0,000811254660524174;7;5;7;5;NA;NA;"plasma membrane, intracellular membrane-bounded organelle, external side of plasma membrane, integral component of membrane, extracellular vesicular exosome";0,00229973169796857
"325";325;"P43121";"P43121-1";"MUC18_HUMAN";"Cell surface glycoprotein MUC18";"MCAM";5;8;0,000826324406540103;5;3;5;3;NA;NA;"plasma membrane, integral component of membrane, external side of plasma membrane";0,00153315446531238
"340";340;"P48047";"P48047";"ATPO_HUMAN";"ATP synthase subunit O, mitochondrial";"ATP5O";5;9;0,00281939559837099;5;4;5;4;0,0039222850137522;0,00372582030481204;"mitochondrion, mitochondrial inner membrane, plasma membrane, mitochondrial proton-transporting ATP synthase complex, nucleus";0,00172479877347643
"343";343;"P48960";"P48960-1,P48960-2,P48960-3";"CD97_HUMAN";"CD97 antigen";"CD97";3;4;0,000106548017290401;1;3;1;3;NA;NA;"extracellular vesicular exosome, integral component of plasma membrane, plasma membrane, extracellular space";0,00076657723265619
"345";345;"P49327";"P49327";"FAS_HUMAN";"Fatty acid synthase";"FASN";12;14;0,000372026977934523;8;6;8;6;0,000532343581316906;0,000474073909752069;"cytosol, mitochondrion, extracellular vesicular exosome, membrane, Golgi apparatus, plasma membrane, glycogen granule, melanosome, cytoplasm";0,00268302031429667
"346";346;"P49368";"P49368-1";"TCPG_HUMAN";"T-complex protein 1 subunit gamma";"CCT3";10;14;0,00171405457173135;8;6;8;6;NA;NA;"microtubule, zona pellucida receptor complex, cytoplasm, chaperonin-containing T-complex, cell body, cytoskeleton, plasma membrane, cytosol, extracellular vesicular exosome";0,00268302031429667
"354";354;"P49755";"P49755";"TMEDA_HUMAN";"Transmembrane emp24 domain-containing protein 10";"TMED10";1;2;0,00060936708518825;1;1;1;1;0,000762965030072346;0,000905935759046763;"secretory granule membrane, gamma-secretase complex, trans-Golgi network transport vesicle, transport vesicle membrane, cis-Golgi network, endoplasmic reticulum-Golgi intermediate compartment membrane, endoplasmic reticulum-Golgi intermediate compartment, endoplasmic reticulum, Golgi apparatus, melanosome, Golgi membrane, zymogen granule membrane, COPI-coated vesicle, endoplasmic reticulum membrane, integral component of membrane, plasma membrane";0,000383288616328095
"359";359;"P50552";"P50552";"VASP_HUMAN";"Vasodilator-stimulated phosphoprotein";"VASP";3;5;0,00087796968194886;3;2;3;2;0,00131912638094087;0,00104421016437495;"plasma membrane, filopodium membrane, focal adhesion, lamellipodium membrane, tight junction, extracellular vesicular exosome, cytosol, actin cytoskeleton, cytoplasm";0,000958221540820238
"360";360;"P50895";"P50895";"BCAM_HUMAN";"Basal cell adhesion molecule";"BCAM";5;9;0,000956259972058949;5;3;6;3;0,00159639498330424;0,000947770372123763;"extracellular vesicular exosome, external side of plasma membrane, plasma membrane, integral component of plasma membrane";0,00172479877347643
"365";365;"P51572";"P51572-1,P51572-2";"BAP31_HUMAN";"B-cell receptor-associated protein 31";"BCAP31";3;5;0,000678106664919851;3;2;3;2;NA;NA;"cytosol, lipid particle, Golgi membrane, endoplasmic reticulum membrane, endoplasmic reticulum-Golgi intermediate compartment membrane, integral component of lumenal side of endoplasmic reticulum membrane, endoplasmic reticulum, integral component of plasma membrane";0,000958221540820238
"368";368;"P52272";"P52272-1,P52272-2";"HNRPM_HUMAN";"Heterogeneous nuclear ribonucleoprotein M";"HNRNPM";14;24;0,00109686075333885;12;10;13;11;NA;NA;"nuclear matrix, nucleoplasm, integral component of plasma membrane, paraspeckles, nucleus, catalytic step 2 spliceosome, spliceosomal complex";0,00459946339593714
"374";374;"P53396";"P53396-1,P53396-2";"ACLY_HUMAN";"ATP-citrate synthase";"ACLY";1;1;3,03023141817045e-05;1;NA;1;NA;NA;NA;"extracellular vesicular exosome, citrate lyase complex, plasma membrane, cytoplasm, mitochondrion, cytosol, nucleus";0,000191644308164048
"375";375;"P53985";"P53985";"MOT1_HUMAN";"Monocarboxylate transporter 1";"SLC16A1";2;3;0,00040035417496868;2;NA;3;NA;0,00100253604951506;NA;"mitochondrion, integral component of plasma membrane, integral component of membrane, extracellular vesicular exosome, membrane, centrosome, plasma membrane";0,000574932924492143
"377";377;"P54105";"P54105";"ICLN_HUMAN";"Methylosome subunit pICln";"CLNS1A";2;3;0,000844629061115359;2;1;2;1;0,00141003663785522;0,000837130511524224;"nucleus, pICln-Sm protein complex, cytoplasm, cytosol, methylosome, cytoskeleton, plasma membrane";0,000574932924492143
"379";379;"P54709";"P54709";"AT1B3_HUMAN";"Sodium/potassium-transporting ATPase subunit beta-3";"ATP1B3";3;8;0,00191328160080612;3;3;5;3;0,00299443264490759;0,00213333259388431;"caveola, melanosome, plasma membrane, extracellular vesicular exosome, sodium:potassium-exchanging ATPase complex";0,00153315446531238
"391";391;"P60953";"P60953-2";"CDC42_HUMAN";"Cell division control protein 42 homolog";"CDC42";3;3;0,00112866662294835;3;NA;3;NA;NA;NA;"microtubule organizing center, filopodium, midbody, cytoplasm, neuron projection, mitotic spindle, apical part of cell, membrane, Golgi membrane, spindle midzone, neuronal cell body, secretory granule, cytosol, plasma membrane, extracellular vesicular exosome";0,000574932924492143
"392";392;"P61006";"P61006";"RAB8A_HUMAN";"Ras-related protein Rab-8A";"RAB8A";2;3;0,0013699720157946;2;1;2;1;0,00193726772853152;0,00159742295677328;"nonmotile primary cilium, postsynaptic density, plasma membrane, dendrite, recycling endosome membrane, extracellular vesicular exosome, neuronal cell body, phagocytic vesicle, cytoplasmic vesicle membrane, phagocytic vesicle membrane, Golgi membrane";0,000574932924492143
"393";393;"P61106";"P61106";"RAB14_HUMAN";"Ras-related protein Rab-14";"RAB14";1;1;0,000387940092023915;1;0;1;0;0,0009325916739675;0;"perinuclear region of cytoplasm, late endosome, lysosomal membrane, recycling endosome, cytosol, lysosome, Golgi membrane, phagocytic vesicle, cytoplasmic vesicle membrane, trans-Golgi network transport vesicle, intracellular membrane-bounded organelle, nuclear outer membrane-endoplasmic reticulum membrane network, early endosome membrane, Golgi stack, extracellular vesicular exosome, rough endoplasmic reticulum, intracellular, plasma membrane, early endosome, phagocytic vesicle membrane";0,000191644308164048
"398";398;"P61586";"P61586";"RHOA_HUMAN";"Transforming protein RhoA";"RHOA";2;2;0,000691457987856097;2;NA;2;NA;0,00173149576772895;NA;"cleavage furrow, plasma membrane, lamellipodium, extracellular vesicular exosome, cytosol, midbody, cell junction, cell cortex, cytoskeleton, apical junction complex";0,000383288616328095
"400";400;"P61769";"P61769";"B2MG_HUMAN";"Beta-2-microglobulin";"B2M";8;22;0,0123358429262058;8;6;13;9;0,0182534574841678;0,0150050368158081;"cytoplasm, ER to Golgi transport vesicle membrane, Golgi apparatus, extracellular region, early endosome lumen, phagocytic vesicle membrane, MHC class I protein complex, external side of plasma membrane, extracellular vesicular exosome, Golgi membrane, extracellular space, endoplasmic reticulum lumen, early endosome membrane, plasma membrane";0,00421617477960905
"405";405;"P62158";"P62158";"CALM_HUMAN";"Calmodulin";"CALM3,CALM1,CALM2";1;1;0,000447823461933647;NA;1;NA;1;NA;0,00133154316262578;"spindle microtubule, nucleus, spindle pole, cytoplasm, extracellular region, plasma membrane, centrosome, cytosol, nucleoplasm, extracellular vesicular exosome, growth cone, sarcomere";0,000191644308164048
"436";436;"P62873";"P62873";"GBB1_HUMAN";"Guanine nucleotide-binding protein G(I)/G(S)/G(T) subunit beta-1";"GNB1";3;4;0,000785008186213098;2;2;2;2;0,000982878479916728;0,0011670584190073;"intracellular, photoreceptor disc membrane, photoreceptor outer segment membrane, plasma membrane, photoreceptor inner segment, lysosomal membrane, extracellular vesicular exosome, heterotrimeric G-protein complex, membrane, cell body, dendrite";0,00076657723265619
"444";444;"P62987";"P62987";"RL40_HUMAN";"Ubiquitin-60S ribosomal protein L40";"UBA52";6;7;0,00364906149059995;4;3;4;3;0,00522154192455762;0,00464999838823221;"lysosomal membrane, endosome membrane, nucleoplasm, cytosol, endocytic vesicle membrane, plasma membrane, ribosome, cytosolic large ribosomal subunit";0,00134151015714833
"447";447;"P63167";"P63167";"DYL1_HUMAN";"Dynein light chain 1, cytoplasmic";"DYNLL1";3;4;0,00299890767766801;2;2;2;2;0,00375481666485042;0,00445842542092677;"centrosome, microtubule, mitotic spindle, cytoplasm, mitochondrion, nucleus, cytoplasmic dynein complex, cytosol, plasma membrane, kinetochore";0,00076657723265619
"456";456;"P68104";"P68104,Q5VTE0";"EF1A1_HUMAN, EF1A3_HUMAN";"Elongation factor 1-alpha 1, Putative elongation factor 1-alpha-like 3";"EEF1A1, EEF1A1P5";16;51;0,00368291178272054;15;15;27;24;0,0048824807606253;0,00515324496704522;"cytosol, eukaryotic translation elongation factor 1 complex, nucleus, extracellular vesicular exosome, extracellular space, plasma membrane, cytoplasm, nucleolus";0,00977385971636642
"464";464;"P79483";"P13761,P79483,Q9TQE0";"2B17_HUMAN, 2B19_HUMAN, DRB3_HUMAN";"HLA class II histocompatibility antigen, DR beta 3 chain, HLA class II histocompatibility antigen, DRB1-7 beta chain, HLA class II histocompatibility antigen, DRB1-9 beta chain";"HLA-DRB1, HLA-DRB3";0;0;NA;0;0;0;0;NA;NA;"plasma membrane, Golgi membrane, trans-Golgi network membrane, endocytic vesicle membrane, clathrin-coated endocytic vesicle membrane, lysosomal membrane, integral component of plasma membrane, late endosome membrane, MHC class II protein complex, transport vesicle membrane, ER to Golgi transport vesicle membrane, integral component of lumenal side of endoplasmic reticulum membrane";0
"467";467;"P84077";"P61204,P84077";"ARF1_HUMAN, ARF3_HUMAN";"ADP-ribosylation factor 1, ADP-ribosylation factor 3";"ARF1, ARF3";2;2;0,000491533670925328;2;0;2;0;0,00115393191702931;NA;"neuron projection, cell junction, cytosol, Golgi membrane, postsynaptic membrane, perinuclear region of cytoplasm, plasma membrane, sarcomere, postsynaptic density, extracellular vesicular exosome";0,000383288616328095
"468";468;"P84095";"P84095";"RHOG_HUMAN";"Rho-related GTP-binding protein RhoG";"RHOG";1;1;0,000376222207649451;1;NA;1;NA;0,000972014785257962;NA;"extracellular vesicular exosome, cytosol, plasma membrane";0,000191644308164048
"473";473;"P98172";"P98172";"EFNB1_HUMAN";"Ephrin-B1";"EFNB1";4;4;0,00077139532749264;4;NA;4;NA;0,00193166868885368;NA;"plasma membrane, integral component of plasma membrane, membrane raft, synapse, extracellular vesicular exosome, nucleus, cytoplasm";0,00076657723265619
"476";476;"Q00325";"Q00325-1,Q00325-2";"MPCP_HUMAN";"Phosphate carrier protein, mitochondrial";"SLC25A3";2;3;0,000276487689895497;1;2;1;2;NA;NA;"extracellular vesicular exosome, mitochondrial inner membrane, integral component of plasma membrane, mitochondrion";0,000574932924492143
"477";477;"Q00341";"Q00341-1";"VIGLN_HUMAN";"Vigilin";"HDLBP";5;5;0,000263113942539879;5;NA;5;NA;NA;NA;"high-density lipoprotein particle, plasma membrane, nucleus, cytoplasm";0,000958221540820238
"478";478;"Q00610";"Q00610-1,Q00610-2";"CLH1_HUMAN";"Clathrin heavy chain 1";"CLTC";17;24;0,000478034835783499;15;9;15;9;NA;NA;"cytosol, clathrin coat of coated pit, clathrin-coated endocytic vesicle membrane, clathrin complex, spindle, clathrin coat, membrane, extracellular vesicular exosome, mitochondrion, plasma membrane, protein complex, clathrin coat of trans-Golgi network vesicle, clathrin-coated vesicle, melanosome, trans-Golgi network membrane";0,00459946339593714
"480";480;"Q00839";"Q00839-1,Q00839-2";"HNRPU_HUMAN";"Heterogeneous nuclear ribonucleoprotein U";"HNRNPU";14;23;0,000930115760028246;10;12;11;12;NA;NA;"cell surface, ribonucleoprotein complex, CRD-mediated mRNA stability complex, catalytic step 2 spliceosome, membrane, nucleoplasm, nucleus";0,00440781908777309
"484";484;"Q01518";"Q01518-1";"CAP1_HUMAN";"Adenylyl cyclase-associated protein 1";"CAP1";7;8;0,00112380119289454;6;2;6;2;NA;NA;"extracellular vesicular exosome, plasma membrane, cortical actin cytoskeleton";0,00153315446531238
"486";486;"Q01650";"Q01650";"LAT1_HUMAN";"Large neutral amino acids transporter small subunit 1";"SLC7A5";2;3;0,000394826602533215;2;NA;3;NA;0,000988694328910318;NA;"plasma membrane, integral component of membrane, nucleus, extracellular vesicular exosome, nucleolus, cytosol, apical plasma membrane";0,000574932924492143
"487";487;"Q01844";"Q01844-1,Q01844-2,Q01844-3,Q01844-5,Q01844-6";"EWS_HUMAN";"RNA-binding protein EWS";"EWSR1";3;5;0,000101715999737978;3;2;3;2;NA;NA;"cytoplasm, plasma membrane, nucleus";0,000958221540820238
"492";492;"Q04826";"Q04826";"1B40_HUMAN";"HLA class I histocompatibility antigen, B-40 alpha chain";"HLA-B";0;0;NA;0;0;0;0;NA;NA;"Golgi membrane, Golgi apparatus, early endosome membrane, ER to Golgi transport vesicle membrane, endoplasmic reticulum, integral component of lumenal side of endoplasmic reticulum membrane, cell surface, plasma membrane, phagocytic vesicle membrane, MHC class I protein complex";0
"495";495;"Q07000";"P30508,Q07000";"1C12_HUMAN, 1C15_HUMAN";"HLA class I histocompatibility antigen, Cw-12 alpha chain, HLA class I histocompatibility antigen, Cw-15 alpha chain";"HLA-C";0;0;NA;0;0;0;0;NA;NA;"Golgi membrane, phagocytic vesicle membrane, endoplasmic reticulum, ER to Golgi transport vesicle membrane, MHC class I protein complex, early endosome membrane, plasma membrane, cell surface, integral component of lumenal side of endoplasmic reticulum membrane, Golgi apparatus";0
"497";497;"Q07021";"Q07021";"C1QBP_HUMAN";"Complement component 1 Q subcomponent-binding protein, mitochondrial";"C1QBP";5;5;0,00118307971326442;3;2;3;2;0,00177754618708344;0,00140709171085987;"nucleus, extracellular space, mitochondrion, plasma membrane, cytosol, membrane, nucleolus, cell surface, cytoplasm, mitochondrial matrix";0,000958221540820238
"501";501;"Q08431";"Q08431-1,Q08431-2";"MFGM_HUMAN";"Lactadherin";"MFGE8";3;5;0,000431044546693239;3;2;3;2;NA;NA;"extracellular region, extracellular space, extracellular vesicular exosome, extrinsic component of plasma membrane, external side of plasma membrane";0,000958221540820238
"503";503;"Q10589";"Q10589-1,Q10589-2";"BST2_HUMAN";"Bone marrow stromal antigen 2";"BST2";1;2;0,000370698310156185;1;NA;2;NA;NA;NA;"Golgi apparatus, plasma membrane, cytoplasm, membrane raft, cell surface, late endosome, apical plasma membrane, extracellular vesicular exosome, anchored component of membrane, integral component of plasma membrane";0,000383288616328095
"506";506;"Q12907";"Q12907";"LMAN2_HUMAN";"Vesicular integral-membrane protein VIP36";"LMAN2";1;1;0,000187431729854251;1;NA;1;NA;0,000469352083106303;NA;"endoplasmic reticulum membrane, integral component of plasma membrane, Golgi membrane, endoplasmic reticulum-Golgi intermediate compartment membrane, endoplasmic reticulum-Golgi intermediate compartment, extracellular space, extracellular vesicular exosome, cell surface";0,000191644308164048
"516";516;"Q13308";"Q13308-1,Q13308-6";"PTK7_HUMAN";"Inactive tyrosine-protein kinase 7";"PTK7";14;20;0,000623604633907601;10;10;10;10;NA;NA;"integral component of plasma membrane, cell-cell junction";0,00383288616328095
"519";519;"Q13433";"Q13433-1,Q13433-2";"S39A6_HUMAN";"Zinc transporter ZIP6";"SLC39A6";2;4;0,000176756810140698;2;2;2;2;NA;NA;"plasma membrane, integral component of plasma membrane, lamellipodium membrane, endoplasmic reticulum";0,00076657723265619
"520";520;"Q13449";"Q13449";"LSAMP_HUMAN";"Limbic system-associated membrane protein";"LSAMP";6;9;0,00177671971139947;5;4;5;4;0,00247173582227579;0,00234792818025137;"anchored component of membrane, plasma membrane";0,00172479877347643
"523";523;"Q13740";"Q13740-1,Q13740-2";"CD166_HUMAN";"CD166 antigen";"ALCAM";6;12;0,000686713850718148;5;3;8;4;NA;NA;"external side of plasma membrane, neuronal cell body, integral component of membrane, axon, extracellular vesicular exosome";0,00229973169796857
"529";529;"Q14444";"Q14444-1,Q14444-2";"CAPR1_HUMAN";"Caprin-1";"CAPRIN1";2;2;9,41124059634885e-05;2;NA;2;NA;NA;NA;"integral component of plasma membrane, cytoplasmic mRNA processing body, cytosol, cytoplasm, dendrite, cytoplasmic stress granule";0,000383288616328095
"536";536;"Q15019";"Q15019-1,Q15019-2";"SEPT2_HUMAN";"Septin-2";"SEPT2";3;5;0,000462089306288873;3;2;3;2;NA;NA;"septin complex, ciliary membrane, cleavage furrow, synapse, exocyst, nucleolus, condensed chromosome kinetochore, cytoplasm, spindle, nucleus, actin cytoskeleton, midbody, perinuclear region of cytoplasm, extracellular vesicular exosome, cell surface";0,000958221540820238
"537";537;"Q15043";"Q15043-1,Q15043-2,Q15043-3";"S39AE_HUMAN";"Zinc transporter ZIP14";"SLC39A14";2;2;9,04142219893135e-05;2;NA;2;NA;NA;NA;"endoplasmic reticulum, plasma membrane, lamellipodium, integral component of plasma membrane, integral component of membrane, Golgi apparatus";0,000383288616328095
"538";538;"Q15046";"Q15046-1,Q15046-2";"SYK_HUMAN";"Lysine--tRNA ligase";"KARS";1;1;5,58841673602289e-05;NA;1;NA;1;NA;NA;"mitochondrial matrix, cytosol, extracellular region, nucleus, cytoplasm, aminoacyl-tRNA synthetase multienzyme complex, plasma membrane, mitochondrion, microtubule cytoskeleton";0,000191644308164048
"541";541;"Q15084";"Q15084-1,Q15084-2";"PDIA6_HUMAN";"Protein disulfide-isomerase A6";"PDIA6";9;12;0,000909895852201545;9;3;9;3;NA;NA;"melanosome, endoplasmic reticulum membrane, endoplasmic reticulum-Golgi intermediate compartment, extracellular vesicular exosome, plasma membrane, endoplasmic reticulum, endoplasmic reticulum lumen";0,00229973169796857
"553";553;"Q15758";"Q15758-1";"AAAT_HUMAN";"Neutral amino acid transporter B(0)";"SLC1A5";5;9;0,00111003930213128;5;3;5;4;NA;NA;"plasma membrane, membrane, extracellular vesicular exosome, melanosome, integral component of plasma membrane, Golgi apparatus";0,00172479877347643
"556";556;"Q16181";"Q16181-1,Q16181-2";"SEPT7_HUMAN";"Septin-7";"SEPT7";5;9;0,000687106707612151;3;5;3;6;NA;NA;"plasma membrane, cleavage furrow, synapse, midbody, nucleolus, nucleus, spindle, cytoplasm, septin complex, axoneme, stress fiber, extracellular vesicular exosome, axon terminus, actin cytoskeleton, microtubule cytoskeleton, condensed chromosome kinetochore";0,00172479877347643
"567";567;"Q29836";"P30475,Q29836,Q95365";"1B38_HUMAN, 1B39_HUMAN, 1B67_HUMAN";"HLA class I histocompatibility antigen, B-38 alpha chain, HLA class I histocompatibility antigen, B-39 alpha chain, HLA class I histocompatibility antigen, B-67 alpha chain";"HLA-B";0;0;NA;0;0;0;0;NA;NA;"phagocytic vesicle membrane, endoplasmic reticulum, Golgi membrane, early endosome membrane, integral component of lumenal side of endoplasmic reticulum membrane, MHC class I protein complex, extracellular vesicular exosome, Golgi apparatus, cell surface, plasma membrane, ER to Golgi transport vesicle membrane";0
"568";568;"Q29940";"Q29940";"1B59_HUMAN";"HLA class I histocompatibility antigen, B-59 alpha chain";"HLA-B";0;0;NA;0;0;0;0;NA;NA;"ER to Golgi transport vesicle membrane, plasma membrane, cell surface, integral component of lumenal side of endoplasmic reticulum membrane, Golgi apparatus, MHC class I protein complex, Golgi membrane, phagocytic vesicle membrane, early endosome membrane, endoplasmic reticulum";0
"569";569;"Q29974";"P04229,Q29974";"2B11_HUMAN, 2B1G_HUMAN";"HLA class II histocompatibility antigen, DRB1-1 beta chain, HLA class II histocompatibility antigen, DRB1-16 beta chain";"HLA-DRB1";0;0;NA;0;0;0;0;NA;NA;"endocytic vesicle membrane, transport vesicle membrane, plasma membrane, ER to Golgi transport vesicle membrane, late endosome membrane, lysosomal membrane, external side of plasma membrane, integral component of lumenal side of endoplasmic reticulum membrane, Golgi membrane, clathrin-coated endocytic vesicle membrane, trans-Golgi network membrane, MHC class II protein complex, membrane";0
"570";570;"Q31612";"Q31612";"1B73_HUMAN";"HLA class I histocompatibility antigen, B-73 alpha chain";"HLA-B";0;0;NA;0;0;0;0;NA;NA;"early endosome membrane, endoplasmic reticulum, plasma membrane, ER to Golgi transport vesicle membrane, Golgi apparatus, cell surface, integral component of lumenal side of endoplasmic reticulum membrane, MHC class I protein complex, phagocytic vesicle membrane, Golgi membrane";0
"571";571;"Q32MZ4";"Q32MZ4-1,Q32MZ4-2,Q32MZ4-3";"LRRF1_HUMAN";"Leucine-rich repeat flightless-interacting protein 1";"LRRFIP1";1;1;2,75271022393207e-05;NA;1;NA;1;NA;NA;"nucleus, plasma membrane, cytoskeleton, cytoplasm, cytosol";0,000191644308164048
"572";572;"Q5Y7A7";"Q5Y7A7";"2B1D_HUMAN";"HLA class II histocompatibility antigen, DRB1-13 beta chain";"HLA-DRB1";2;4;0,00351187872779544;2;2;2;2;0,00565339877546088;0,00372932201562483;"clathrin-coated endocytic vesicle membrane, trans-Golgi network membrane, late endosome membrane, Golgi membrane, ER to Golgi transport vesicle membrane, endocytic vesicle membrane, plasma membrane, integral component of lumenal side of endoplasmic reticulum membrane, transport vesicle membrane, lysosomal membrane, MHC class II protein complex";0,00076657723265619
"578";578;"Q7Z3B1";"Q7Z3B1";"NEGR1_HUMAN";"Neuronal growth regulator 1";"NEGR1";3;5;0,000942453330905556;3;2;3;2;0,00141601136937156;0,0011209035662782;"plasma membrane, anchored component of membrane";0,000958221540820238
"580";580;"Q86UE4";"Q86UE4";"LYRIC_HUMAN";"Protein LYRIC";"MTDH";9;13;0,00149043650475167;6;6;6;7;0,00172257053181282;0,00238625346841699;"intercellular canaliculus, nuclear body, nuclear membrane, tight junction, endoplasmic reticulum, nucleolus, perinuclear region of cytoplasm, endoplasmic reticulum membrane, apical plasma membrane, integral component of membrane, cytoplasm, nucleus";0,00249137600613262
"581";581;"Q86UP2";"Q86UP2-1,Q86UP2-3";"KTN1_HUMAN";"Kinectin";"KTN1";2;4;9,83429562684058e-05;2;2;2;2;NA;NA;"endoplasmic reticulum, integral component of plasma membrane, membrane, integral component of membrane, endoplasmic reticulum membrane";0,00076657723265619
"587";587;"Q8NC51";"Q8NC51-1";"PAIRB_HUMAN";"Plasminogen activator inhibitor 1 RNA-binding protein";"SERBP1";18;27;0,00441567104744868;12;14;13;14;NA;NA;"plasma membrane, cytoplasm, extracellular vesicular exosome, nucleus, perinuclear region of cytoplasm";0,00517439632042928
"589";589;"Q8TCZ2";"Q8TCZ2-1,Q8TCZ2-5,Q8TCZ2-6";"C99L2_HUMAN";"CD99 antigen-like protein 2";"CD99L2";2;2;0,000169785485567718;2;NA;2;NA;NA;NA;"plasma membrane, cell junction, integral component of membrane";0,000383288616328095
"592";592;"Q8WTV0";"Q8WTV0-1,Q8WTV0-2,Q8WTV0-4";"SCRB1_HUMAN";"Scavenger receptor class B member 1";"SCARB1";3;5;0,00020146647291097;3;2;3;2;NA;NA;"cell surface, integral component of plasma membrane, microvillus membrane, extracellular vesicular exosome, caveola, endocytic vesicle membrane, plasma membrane, lysosomal membrane";0,000958221540820238
"596";596;"Q92692";"Q92692-1,Q92692-2";"PVRL2_HUMAN";"Poliovirus receptor-related protein 2";"PVRL2";5;7;0,000434089099253525;4;3;4;3;NA;NA;"plasma membrane, cell-cell junction, zonula adherens, cell surface, integral component of membrane";0,00134151015714833
"600";600;"Q92854";"Q92854-1";"SEM4D_HUMAN";"Semaphorin-4D";"SEMA4D";2;2;0,000154815999601191;NA;2;NA;2;NA;NA;"integral component of plasma membrane, plasma membrane, extracellular space";0,000383288616328095
"604";604;"Q95604";"Q95604";"1C17_HUMAN";"HLA class I histocompatibility antigen, Cw-17 alpha chain";"HLA-C";0;0;NA;0;0;0;0;NA;NA;"Golgi membrane, phagocytic vesicle membrane, plasma membrane, Golgi apparatus, integral component of lumenal side of endoplasmic reticulum membrane, ER to Golgi transport vesicle membrane, MHC class I protein complex, endoplasmic reticulum, cell surface, early endosome membrane";0
"605";605;"Q95IE3";"Q95IE3";"2B1C_HUMAN";"HLA class II histocompatibility antigen, DRB1-12 beta chain";"HLA-DRB1";0;0;NA;0;0;0;0;0;NA;"ER to Golgi transport vesicle membrane, transport vesicle membrane, integral component of lumenal side of endoplasmic reticulum membrane, endocytic vesicle membrane, late endosome membrane, Golgi membrane, trans-Golgi network membrane, MHC class II protein complex, clathrin-coated endocytic vesicle membrane, plasma membrane, lysosomal membrane";0
"606";606;"Q969P0";"Q969P0-1,Q969P0-3";"IGSF8_HUMAN";"Immunoglobulin superfamily member 8";"IGSF8";3;5;0,000272127633883007;3;2;3;2;NA;NA;"plasma membrane, extracellular vesicular exosome, integral component of membrane";0,000958221540820238
"610";610;"Q96CT7";"Q96CT7";"CC124_HUMAN";"Coiled-coil domain-containing protein 124";"CCDC124";3;4;0,00119687346776885;2;2;2;2;0,00149855911736183;0,00177937158054925;"midbody, cytoplasm, microtubule organizing center, plasma membrane";0,00076657723265619
"615";615;"Q99497";"Q99497";"PARK7_HUMAN";"Protein DJ-1";"PARK7";3;6;0,00211827605803534;3;3;3;3;0,00265221177120387;0,00314920525763875;"cytoplasm, nucleus, extracellular vesicular exosome, membrane raft, mitochondrion, plasma membrane, cytosol";0,00114986584898429
"617";617;"Q99714";"Q99714-1,Q99714-2";"HCD2_HUMAN";"3-hydroxyacyl-CoA dehydrogenase type-2";"HSD17B10";4;4;0,000511308014008531;4;NA;4;NA;NA;NA;"endoplasmic reticulum, plasma membrane, mitochondrial matrix, cytoplasm, mitochondrion, mitochondrial inner membrane";0,00076657723265619
"624";624;"Q9BX67";"Q9BX67-1";"JAM3_HUMAN";"Junctional adhesion molecule C";"JAM3";5;6;0,00129146508054413;3;3;3;3;NA;NA;"integral component of membrane, paranodal junction, plasma membrane, tight junction, extracellular space, desmosome, Schmidt-Lanterman incisure, cell-cell contact zone";0,00114986584898429
"628";628;"Q9H307";"Q9H307-1,Q9H307-2";"PININ_HUMAN";"Pinin";"PNN";1;1;4,65311686388517e-05;NA;1;NA;1;NA;NA;"cytoplasm, intermediate filament, cell-cell junction, desmosome, plasma membrane, nucleus, catalytic step 2 spliceosome, nuclear speck";0,000191644308164048
"632";632;"Q9NQC3";"Q9NQC3-1,Q9NQC3-2,Q9NQC3-5";"RTN4_HUMAN";"Reticulon-4";"RTN4";3;5;9,32965545695097e-05;2;3;2;3;NA;NA;"nuclear envelope, plasma membrane, endoplasmic reticulum, neuronal cell body, integral component of endoplasmic reticulum membrane, cell projection";0,000958221540820238
"638";638;"Q9P0L0";"Q9P0L0-1,Q9P0L0-2";"VAPA_HUMAN";"Vesicle-associated membrane protein-associated protein A";"VAPA";2;2;0,000267974682040616;2;NA;2;NA;NA;NA;"vesicle, endoplasmic reticulum membrane, plasma membrane, endoplasmic reticulum, microtubule, integral component of membrane";0,000383288616328095
"641";641;"Q9UGN4";"Q9UGN4-1";"CLM8_HUMAN";"CMRF35-like molecule 8";"CD300A";2;3;0,000669488586904147;1;2;1;2;NA;NA;"integral component of membrane, membrane, extracellular vesicular exosome, plasma membrane";0,000574932924492143
"642";642;"Q9UII2";"Q9UII2-1";"ATIF1_HUMAN";"ATPase inhibitor, mitochondrial";"ATPIF1";3;4;0,00251795078596654;3;NA;4;NA;NA;NA;"cell surface, mitochondrion";0,00076657723265619
"643";643;"Q9UJZ1";"Q9UJZ1";"STML2_HUMAN";"Stomatin-like protein 2, mitochondrial";"STOML2";1;1;0,000187431729854251;1;NA;1;NA;0,000469352083106303;NA;"mitochondrial intermembrane space, cytoskeleton, extrinsic component of plasma membrane, membrane raft, mitochondrial inner membrane";0,000191644308164048
"648";648;"Q9UPN3";"Q9UPN3-3";"MACF1_HUMAN";"Microtubule-actin cross-linking factor 1, isoforms 1/2/3/5";"MACF1";2;2;1,80632636242862e-05;2;NA;2;NA;NA;NA;"microtubule, actin cytoskeleton, cytoskeleton, Golgi apparatus, cytoplasm, ruffle membrane, plasma membrane";0,000383288616328095
"658";658;"Q9Y490";"Q9Y490";"TLN1_HUMAN";"Talin-1";"TLN1";13;18;0,000472673169974829;9;9;9;9;0,000591815849772764;0,000702715222778894;"cytosol, cell-cell junction, plasma membrane, extracellular vesicular exosome, microtubule organizing center, actin cytoskeleton, cell surface, ruffle membrane, ruffle, focal adhesion, extracellular region, cytoplasm";0,00344959754695286
"662";662;"Q9Y624";"Q9Y624";"JAM1_HUMAN";"Junctional adhesion molecule A";"F11R";5;7;0,00156214003610968;3;4;3;4;0,00167648168815228;0,00265417968202329;"plasma membrane, cell junction, extracellular vesicular exosome, microtubule cytoskeleton, integral component of membrane, tight junction, cell-cell junction";0,00134151015714833
