"";"X";"protein.acs";"protein.g";"ID";"Description";"Gene";"global.peptide.count";"global.spectra.count";"global.dNSAF";"peptide.count.P5825.1.id.csv";"peptide.count.P5825.2.id.csv";"spectra.count.P5825.1.id.csv";"spectra.count.P5825.2.id.csv";"dNSAF.P5825.1.id.csv";"dNSAF.P5825.2.id.csv";"Go.Cc";"norm.sc"
"1";1;"A0FGR8";"A0FGR8-1,A0FGR8-2,A0FGR8-5,A0FGR8-6";"ESYT2_HUMAN";"Extended synaptotagmin-2";"ESYT2";1;1;2,56868546398112e-05;1;NA;1;NA;NA;NA;"integral component of plasma membrane";0,000247157686604053
"5";5;"O00232";"O00232-1,O00232-2";"PSD12_HUMAN";"26S proteasome non-ATPase regulatory subunit 12";"PSMD12";2;2;0,000207522746695317;NA;2;NA;2;NA;NA;"cytosol, proteasome accessory complex, proteasome regulatory particle, nucleoplasm, extracellular vesicular exosome";0,000494315373208107
"10";10;"O00571";"O00571-1,O00571-2";"DDX3X_HUMAN";"ATP-dependent RNA helicase DDX3X";"DDX3X";10;20;0,00150276755450292;7;10;9;11;NA;NA;"nuclear speck, cytoplasmic stress granule, mitochondrial outer membrane, extracellular vesicular exosome, nucleus, cytoplasm";0,00494315373208107
"11";11;"O14828";"O14828-1,O14828-2";"SCAM3_HUMAN";"Secretory carrier-associated membrane protein 3";"SCAMP3";2;4;0,000545420014369247;2;2;2;2;NA;NA;"extracellular vesicular exosome, integral component of membrane, Golgi membrane";0,000988630746416213
"13";13;"O14950";"O14950,P19105";"ML12A_HUMAN, ML12B_HUMAN";"Myosin regulatory light chain 12A, Myosin regulatory light chain 12B";"MYL12A, MYL12B";2;3;0,000827670896440797;2;1;2;1;0,00127448791392037;0,000678041175434208;"cytosol, apical part of cell, stress fiber, myosin II complex, Z disc, extracellular vesicular exosome";0,00074147305981216
"15";15;"O15067";"O15067";"PUR4_HUMAN";"Phosphoribosylformylglycinamidine synthase";"PFAS";3;3;0,00021217572307862;1;2;1;2;0,000163359250551079;0,00034763546064863;"extracellular vesicular exosome, cytosol";0,00074147305981216
"16";16;"O15127";"O15127";"SCAM2_HUMAN";"Secretory carrier-associated membrane protein 2";"SCAMP2";1;2;0,000575260623058142;1;1;1;1;0,000664360721086152;0,000706893991410131;"transport vesicle, intracellular membrane-bounded organelle, integral component of membrane, Golgi apparatus, extracellular vesicular exosome, recycling endosome membrane, nucleus, trans-Golgi network membrane";0,000494315373208107
"19";19;"O43175";"O43175";"SERA_HUMAN";"D-3-phosphoglycerate dehydrogenase";"PHGDH";7;13;0,0023080578656845;7;5;7;6;0,0028705867554623;0,00261802765298987;"cytosol, extracellular vesicular exosome";0,00321304992585269
"20";20;"O43242";"O43242";"PSMD3_HUMAN";"26S proteasome non-ATPase regulatory subunit 3";"PSMD3";2;3;0,000531631306140811;2;1;2;1;0,000818631749952599;0,000435520829913733;"cytoplasm, nucleus, proteasome complex, cytosol, proteasome accessory complex, nucleoplasm, extracellular vesicular exosome";0,00074147305981216
"27";27;"O60488";"O60488-1,O60488-2";"ACSL4_HUMAN";"Long-chain-fatty-acid--CoA ligase 4";"ACSL4";4;4;0,000266189514748423;NA;4;NA;4;NA;NA;"endoplasmic reticulum membrane, lipid particle, extracellular vesicular exosome, peroxisomal membrane, cytoplasm, mitochondrial outer membrane, integral component of membrane, neuronal cell body";0,000988630746416213
"30";30;"O60884";"O60884";"DNJA2_HUMAN";"DnaJ homolog subfamily A member 2";"DNAJA2";2;2;0,000459370740257594;2;NA;2;NA;0,00106104212251138;NA;"membrane, extracellular vesicular exosome";0,000494315373208107
"32";32;"O75390";"O75390";"CISY_HUMAN";"Citrate synthase, mitochondrial";"CS";7;10;0,00203069468869237;6;4;6;4;0,00281426623052374;0,00199629290278054;"mitochondrion, extracellular vesicular exosome, mitochondrial matrix";0,00247157686604053
"36";36;"O75534";"O75534-1,O75534-2";"CSDE1_HUMAN";"Cold shock domain-containing protein E1";"CSDE1";2;5;0,000296461066707595;2;2;3;2;NA;NA;"CRD-mediated mRNA stability complex, cytoplasm, plasma membrane, Golgi apparatus";0,00123578843302027
"38";38;"O75844";"O75844";"FACE1_HUMAN";"CAAX prenyl protease 1 homolog";"ZMPSTE24";1;1;0,000199221836827504;NA;1;NA;1;NA;0,000489617101418807;"extracellular vesicular exosome, endoplasmic reticulum membrane, integral component of membrane, nuclear inner membrane";0,000247157686604053
"44";44;"O94804";"O94804";"STK10_HUMAN";"Serine/threonine-protein kinase 10";"STK10";3;3;0,000293275947809084;3;NA;3;NA;0,000677400859206645;NA;"plasma membrane, cytoplasm, extracellular vesicular exosome";0,00074147305981216
"51";51;"O95347";"O95347-1,O95347-2";"SMC2_HUMAN";"Structural maintenance of chromosomes protein 2";"SMC2";6;9;0,000355753280049114;5;4;5;4;NA;NA;"condensin complex, cytoplasm, condensed chromosome, cytosol, extracellular vesicular exosome, nucleus, nuclear chromosome, nucleoplasm";0,00222441917943648
"53";53;"O95747";"O95747";"OXSR1_HUMAN";"Serine/threonine-protein kinase OSR1";"OXSR1";3;4;0,000718257096721552;2;2;2;2;0,000829505416460508;0,000882611473145857;"extracellular vesicular exosome, cytoplasm";0,000988630746416213
"56";56;"P00338";"P00338-1,P00338-2,P00338-3,P00338-4,P00338-5";"LDHA_HUMAN";"L-lactate dehydrogenase A chain";"LDHA";2;3;0,000171018745469394;2;1;2;1;NA;NA;"extracellular vesicular exosome, cytosol, cilium, mitochondrion";0,00074147305981216
"59";59;"P00492";"P00492";"HPRT_HUMAN";"Hypoxanthine-guanine phosphoribosyltransferase";"HPRT1";1;1;0,000434084277491121;1;NA;1;NA;0,00100263613411626;NA;"cytosol, extracellular vesicular exosome, cytoplasm";0,000247157686604053
"60";60;"P00558";"P00558";"PGK1_HUMAN";"Phosphoglycerate kinase 1";"PGK1";2;2;0,000453862697808462;2;NA;2;NA;0,00104831979490333;NA;"extracellular vesicular exosome, cytosol";0,000494315373208107
"61";61;"P01036";"P01036";"CYTS_HUMAN";"Cystatin-S";"CST4";1;1;0,000671137393567833;1;NA;1;NA;0,00155017501586769;NA;"extracellular space, extracellular vesicular exosome";0,000247157686604053
"62";62;"P01891";"P01891,P01892,P10316";"1A02_HUMAN, 1A68_HUMAN, 1A69_HUMAN";"HLA class I histocompatibility antigen, A-2 alpha chain, HLA class I histocompatibility antigen, A-68 alpha chain, HLA class I histocompatibility antigen, A-69 alpha chain";"HLA-A";3;4;0,000345681726002062;NA;3;NA;4;NA;0,000849563920270076;"plasma membrane, integral component of lumenal side of endoplasmic reticulum membrane, early endosome membrane, ER to Golgi transport vesicle membrane, Golgi membrane, MHC class I protein complex, phagocytic vesicle membrane";0,000988630746416213
"63";63;"P02533";"P02533";"K1C14_HUMAN";"Keratin, type I cytoskeletal 14";"KRT14";3;5;0,00417746637571555;3;2;3;2;0,00501368346760164;0,00490844735941481;"keratin filament, cytosol, cell periphery, intermediate filament, extracellular vesicular exosome, nucleus, cytoplasm";0,00123578843302027
"65";65;"P02786";"P02786";"TFR1_HUMAN";"Transferrin receptor protein 1";"TFRC";1;1;0,00012451364801719;NA;1;NA;1;NA;0,000306010688386754;"cell surface, endosome, plasma membrane, integral component of plasma membrane, perinuclear region of cytoplasm, extracellular region, extracellular space, blood microparticle, melanosome, external side of plasma membrane, intracellular membrane-bounded organelle, membrane, cytoplasmic membrane-bounded vesicle, extracellular vesicular exosome, coated pit";0,000247157686604053
"66";66;"P04040";"P04040";"CATA_HUMAN";"Catalase";"CAT";5;8;0,0014365141934431;4;3;4;4;0,00165901083292102;0,00176522294629171;"endoplasmic reticulum, peroxisome, cytosol, intracellular membrane-bounded organelle, plasma membrane, mitochondrial intermembrane space, peroxisomal matrix, peroxisomal membrane, lysosome, Golgi apparatus";0,00197726149283243
"67";67;"P04075";"P04075";"ALDOA_HUMAN";"Fructose-bisphosphate aldolase A";"ALDOA";1;1;0,000259973550805122;1;NA;1;NA;0,000600479882520176;NA;"actin cytoskeleton, platelet alpha granule lumen, cytosol, extracellular space, extracellular vesicular exosome, extracellular region, I band";0,000247157686604053
"69";69;"P04259";"P04259";"K2C6B_HUMAN";"Keratin, type II cytoskeletal 6B";"KRT6B";0;0;0;0;0;0;0;0;NA;"extracellular vesicular exosome, keratin filament";0
"70";70;"P04264";"P04264";"K2C1_HUMAN";"Keratin, type II cytoskeletal 1";"KRT1";20;83;0,0145832720962472;20;18;44;39;0,0183265998802136;0,0163546495786423;"extracellular vesicular exosome, plasma membrane, blood microparticle, extracellular space, membrane, cytoskeleton, keratin filament";0,0205140879881364
"71";71;"P04406";"P04406";"G3P_HUMAN";"Glyceraldehyde-3-phosphate dehydrogenase";"GAPDH";7;13;0,00367222341017862;7;6;7;6;0,00456723206167584;0,00416539922102567;"perinuclear region of cytoplasm, extracellular vesicular exosome, GAIT complex, ribonucleoprotein complex, cytosol, nucleus, microtubule cytoskeleton, lipid particle, cytoplasm, plasma membrane";0,00321304992585269
"72";72;"P04792";"P04792";"HSPB1_HUMAN";"Heat shock protein beta-1";"HSPB1";3;4;0,0018464462925476;NA;3;NA;4;NA;0,00453791459851577;"spindle, extracellular vesicular exosome, cytoskeleton, cytoplasm, nucleus, extracellular space, Z disc, proteasome complex, plasma membrane, cytosol";0,000988630746416213
"75";75;"P04899";"P04899-1,P04899-2,P04899-3,P04899-4";"GNAI2_HUMAN";"Guanine nucleotide-binding protein G(i) subunit alpha-2";"GNAI2";2;2;0,000133282214778964;2;NA;2;NA;NA;NA;"heterotrimeric G-protein complex, nucleus, centrosome, membrane raft, extrinsic component of cytoplasmic side of plasma membrane, extracellular vesicular exosome, cytosol, midbody, plasma membrane, cytoplasm";0,000494315373208107
"76";76;"P05141";"P05141";"ADT2_HUMAN";"ADP/ATP translocase 2";"SLC25A5";5;13;0,008531552598368;5;5;6;7;0,00880166485519506;0,0116088954101082;"integral component of membrane, mitochondrial nucleoid, integral component of plasma membrane, mitochondrion, mitochondrial inner membrane, MMXD complex";0,00321304992585269
"78";78;"P05198";"P05198";"IF2A_HUMAN";"Eukaryotic translation initiation factor 2 subunit 1";"EIF2S1";3;3;0,00090124164279109;NA;3;NA;3;NA;0,00221493450641841;"polysome, nucleus, extracellular vesicular exosome, cytoplasmic stress granule, eukaryotic translation initiation factor 2 complex, cytosol";0,00074147305981216
"79";79;"P05387";"P05387";"RLA2_HUMAN";"60S acidic ribosomal protein P2";"RPLP2";5;17;0,0139888376728878;4;5;7;10;0,0133045455709688;0,0202233150586029;"extracellular vesicular exosome, cytosolic large ribosomal subunit, cytosol";0,00420168067226891
"80";80;"P05388";"P05388";"RLA0_HUMAN";"60S acidic ribosomal protein P0";"RPLP0";10;18;0,00537333345386486;8;9;8;10;0,0055160801826459;0,00733653385406729;"ribonucleoprotein complex, extracellular vesicular exosome, cytoplasm, cytosolic large ribosomal subunit, nucleus, cytosol";0,00444883835887296
"81";81;"P06493";"P06493-1,P06493-2";"CDK1_HUMAN";"Cyclin-dependent kinase 1";"CDK1";1;2;0,000318620782804931;1;1;1;1;NA;NA;"cytoplasm, spindle microtubule, cytosol, microtubule organizing center, nucleus, mitochondrion, nucleoplasm, extracellular vesicular exosome, midbody";0,000494315373208107
"82";82;"P06576";"P06576";"ATPB_HUMAN";"ATP synthase subunit beta, mitochondrial";"ATP5B";12;24;0,004293249413674;12;7;14;10;0,00578458503085598;0,00439637283882671;"mitochondrial nucleoid, mitochondrial membrane, mitochondrial proton-transporting ATP synthase, catalytic core, mitochondrial matrix, mitochondrial proton-transporting ATP synthase complex, extracellular vesicular exosome, cell surface, mitochondrion, plasma membrane";0,00593178447849728
"85";85;"P07195";"P07195";"LDHB_HUMAN";"L-lactate dehydrogenase B chain";"LDHB";2;4;0,00113329787416844;2;1;3;1;0,00196324560392824;0,00069631174602974;"extracellular vesicular exosome, mitochondrion, cytoplasm, cytosol";0,000988630746416213
"86";86;"P07237";"P07237";"PDIA1_HUMAN";"Protein disulfide-isomerase";"P4HB";1;2;0,000372560521626238;1;1;1;1;0,000430265112671937;0,00045781126609042;"endoplasmic reticulum, endoplasmic reticulum lumen, extracellular region, plasma membrane, procollagen-proline 4-dioxygenase complex, extracellular vesicular exosome, melanosome, endoplasmic reticulum-Golgi intermediate compartment";0,000494315373208107
"87";87;"P07437";"P07437";"TBB5_HUMAN";"Tubulin beta chain";"TUBB";3;7;0,00869457989510225;3;3;3;4;0,00868883570549351;0,0121172880993025;"cytosol, cell body, microtubule, nuclear envelope lumen, extracellular vesicular exosome, cytoskeleton";0,00173010380622837
"88";88;"P07737";"P07737";"PROF1_HUMAN";"Profilin-1";"PFN1";3;5;0,00337965616046659;3;2;3;2;0,00468374308365737;0,00332240175962762;"extracellular vesicular exosome, synapse, nucleus, cytosol, cytoskeleton, neuron projection, blood microparticle";0,00123578843302027
"90";90;"P07900";"P07900-1,P07900-2";"HS90A_HUMAN";"Heat shock protein HSP 90-alpha";"HSP90AA1";8;15;0,00153397561701572;7;6;7;8;NA;NA;"cytosol, plasma membrane, mitochondrion, extracellular vesicular exosome, melanosome, nucleus, extracellular region, endocytic vesicle lumen, cytoplasm";0,0037073652990608
"91";91;"P07910";"P07910-2,P07910-4";"HNRPC_HUMAN";"Heterogeneous nuclear ribonucleoproteins C1/C2";"HNRNPC";9;19;0,00293787104145135;9;7;11;8;NA;NA;"spliceosomal complex, extracellular vesicular exosome, catalytic step 2 spliceosome, nucleus, nucleoplasm";0,00469599604547701
"93";93;"P08107";"P08107-1,P08107-2";"HSP71_HUMAN";"Heat shock 70 kDa protein 1A/1B";"HSPA1A,HSPA1B";6;10;0,000867322056781207;6;4;6;4;NA;NA;"nucleus, cytosol, blood microparticle, nuclear speck, inclusion body, perinuclear region of cytoplasm, extracellular vesicular exosome, ribonucleoprotein complex, aggresome, endoplasmic reticulum, mitochondrion, cytoplasm";0,00247157686604053
"94";94;"P08238";"P08238";"HS90B_HUMAN";"Heat shock protein HSP 90-beta";"HSP90AB1";8;15;0,00321717913094599;8;7;8;7;0,00379650888445595;0,00384985320254858;"brush border membrane, inclusion body, cytosol, basolateral plasma membrane, apical plasma membrane, extracellular vesicular exosome, cell surface, mitochondrion, cytoplasm, melanosome";0,0037073652990608
"98";98;"P08670";"P08670";"VIME_HUMAN";"Vimentin";"VIM";2;5;0,00142148628208466;2;2;2;3;0,00132294566392142;0,00208436464849145;"cell leading edge, cell projection, intermediate filament, intermediate filament cytoskeleton, peroxisome, cytoplasm, extracellular vesicular exosome, cytoskeleton, cytosol";0,00123578843302027
"100";100;"P08727";"P08727";"K1C19_HUMAN";"Keratin, type I cytoskeletal 19";"KRT19";0;0;NA;0;0;0;0;NA;NA;"Z disc, sarcolemma, intermediate filament, cell periphery, costamere, extracellular vesicular exosome, dystrophin-associated glycoprotein complex";0
"101";101;"P08779";"P08779";"K1C16_HUMAN";"Keratin, type I cytoskeletal 16";"KRT16";4;6;0,00284166793293909;3;3;3;3;0,00315467206714291;0,00365944990837461;"intermediate filament, extracellular vesicular exosome";0,00148294611962432
"102";102;"P08865";"P08865";"RSSA_HUMAN";"40S ribosomal protein SA";"RPSA";6;10;0,00320780923705303;4;6;4;6;0,00296372443711653;0,00473019911540203;"plasma membrane, cytoplasm, nucleus, 90S preribosome, cytosol, cytosolic small ribosomal subunit, extracellular vesicular exosome";0,00247157686604053
"103";103;"P09651";"P09651-1,P09651-2,P09651-3";"ROA1_HUMAN";"Heterogeneous nuclear ribonucleoprotein A1";"HNRNPA1";5;11;0,000999360692611088;4;5;5;6;NA;NA;"spliceosomal complex, extracellular vesicular exosome, intermediate filament cytoskeleton, cytoplasm, ribonucleoprotein complex, nucleus, nucleoplasm, catalytic step 2 spliceosome";0,00271873455264459
"105";105;"P09972";"P09972";"ALDOC_HUMAN";"Fructose-bisphosphate aldolase C";"ALDOC";1;1;0,000259973550805122;1;NA;1;NA;0,000600479882520176;NA;"axon, mitochondrion, cytosol, cytoskeleton, extracellular vesicular exosome";0,000247157686604053
"107";107;"P0C0S8";"P0C0S8,Q16777,Q6FI13,Q96KK5,Q99878,Q9BTM1-1";"H2A1_HUMAN, H2A1H_HUMAN, H2A1J_HUMAN, H2A2A_HUMAN, H2A2C_HUMAN, H2AJ_HUMAN";"Histone H2A type 1, Histone H2A type 1-H, Histone H2A type 1-J, Histone H2A type 2-A, Histone H2A type 2-C, Histone H2A.J";"H2AFJ, HIST1H2AH, HIST1H2AJ, HIST1H2AK,HIST1H2AI,HIST1H2AG,HIST1H2AL,HIST1H2AM, HIST2H2AA4,HIST2H2AA3, HIST2H2AC";2;8;0,00404080310596021;2;2;4;4;0,00551237428898315;0,00612970247125095;"nucleus, extracellular vesicular exosome, nucleosome";0,00197726149283243
"108";108;"P0CG47";"P0CG47,P0CG48,P62979,P62987";"RL40_HUMAN, RS27A_HUMAN, UBB_HUMAN, UBC_HUMAN";"Polyubiquitin-B, Polyubiquitin-C, Ubiquitin-40S ribosomal protein S27a, Ubiquitin-60S ribosomal protein L40";"RPS27A, UBA52, UBB, UBC";4;6;0,000473941765407668;3;3;3;3;0,000547348941328908;0,000582390959534056;"endocytic vesicle membrane, plasma membrane, endosome membrane, cytosol, nucleoplasm";0,00148294611962432
"109";109;"P10599";"P10599";"THIO_HUMAN";"Thioredoxin";"TXN";1;2;0,00180248328558218;1;1;1;1;0,00208166359273661;0,00221493450641841;"mitochondrion, extracellular vesicular exosome, cytoplasm, nucleus, nucleoplasm, cytosol";0,000494315373208107
"110";110;"P10809";"P10809";"CH60_HUMAN";"60 kDa heat shock protein, mitochondrial";"HSPD1";8;15;0,00247723488201739;8;6;8;7;0,00305165343437828;0,00284114635640058;"mitochondrion, coated pit, secretory granule, mitochondrial matrix, extracellular space, protein complex, mitochondrial inner membrane, plasma membrane, extracellular vesicular exosome, early endosome, cytoplasm, cell surface, coated vesicle, cytosol, lipopolysaccharide receptor complex";0,0037073652990608
"111";111;"P11021";"P11021";"GRP78_HUMAN";"78 kDa glucose-regulated protein";"HSPA5";5;10;0,00155546866100985;4;4;6;4;0,00208882527940887;0,00160023937963716;"endoplasmic reticulum chaperone complex, endoplasmic reticulum, cell surface, nucleus, midbody, melanosome, integral component of endoplasmic reticulum membrane, extracellular vesicular exosome, endoplasmic reticulum-Golgi intermediate compartment, endoplasmic reticulum lumen, endoplasmic reticulum membrane";0,00247157686604053
"112";112;"P11142";"P11142-1";"HSP7C_HUMAN";"Heat shock cognate 71 kDa protein";"HSPA8";10;20;0,00344243615106349;9;8;12;8;NA;NA;"extracellular vesicular exosome, intracellular, plasma membrane, ribonucleoprotein complex, nucleolus, blood microparticle, Prp19 complex, cytosol, melanosome, spliceosomal complex, clathrin-sculpted gamma-aminobutyric acid transport vesicle membrane, nucleus";0,00494315373208107
"114";114;"P11233";"P11233,P11234";"RALA_HUMAN, RALB_HUMAN";"Ras-related protein Ral-A, Ras-related protein Ral-B";"RALA, RALB";2;4;0,000918741480515189;2;2;2;2;0,00106104212251138;0,00112897147171812;"cleavage furrow, cell surface, midbody, cytoplasmic vesicle membrane, plasma membrane, extracellular vesicular exosome";0,000988630746416213
"117";117;"P12004";"P12004";"PCNA_HUMAN";"Proliferating cell nuclear antigen";"PCNA";3;4;0,00145027390793968;2;2;2;2;0,00167490174128233;0,00178213121206079;"cytoplasm, extracellular vesicular exosome, nuclear replication fork, PCNA complex, nucleoplasm, nucleus, PCNA-p21 complex, DNA replication factor C complex";0,000988630746416213
"121";121;"P12268";"P12268";"IMDH2_HUMAN";"Inosine-5'-monophosphate dehydrogenase 2";"IMPDH2";2;2;0,000368211566120873;NA;2;NA;2;NA;0,000904934331416083;"cytoplasm, nucleus, peroxisomal membrane, cytosol, extracellular vesicular exosome";0,000494315373208107
"122";122;"P12273";"P12273";"PIP_HUMAN";"Prolactin-inducible protein";"PIP";2;2;0,00129630647250773;NA;2;NA;2;NA;0,00318586470101278;"extracellular space, extracellular vesicular exosome, apical plasma membrane";0,000494315373208107
"126";126;"P13164";"P13164,Q01628,Q01629";"IFM1_HUMAN, IFM2_HUMAN, IFM3_HUMAN";"Interferon-induced transmembrane protein 1, Interferon-induced transmembrane protein 2, Interferon-induced transmembrane protein 3";"IFITM1, IFITM2, IFITM3";1;1;0,000242641980751447;1;NA;1;NA;0,000560447890352164;NA;"integral component of membrane, plasma membrane";0,000247157686604053
"127";127;"P13639";"P13639";"EF2_HUMAN";"Elongation factor 2";"EEF2";8;15;0,00165437714148714;7;6;8;7;0,00203799232855332;0,00189740893032346;"polysome, cytosol, extracellular vesicular exosome, ribonucleoprotein complex";0,0037073652990608
"128";128;"P13645";"P13645";"K1C10_HUMAN";"Keratin, type I cytoskeletal 10";"KRT10";21;73;0,0134335523621614;21;18;35;38;0,0152749121994294;0,0167550140205977;"extracellular vesicular exosome, cytoplasm, extracellular space, intermediate filament, keratin filament";0,0180425111220959
"129";129;"P13646";"P13646-1,P13646-3";"K1C13_HUMAN";"Keratin, type I cytoskeletal 13";"KRT13";0;0;0;0;0;0;0;NA;NA;"intermediate filament cytoskeleton, keratin filament, extracellular vesicular exosome";0
"130";130;"P13647";"P13647";"K2C5_HUMAN";"Keratin, type II cytoskeletal 5";"KRT5";12;24;0,00545946198606427;8;12;10;14;0,00548482176510726;0,00753050341556132;"plasma membrane, cytosol, extracellular vesicular exosome, intermediate filament, cytoplasm, mitochondrion, keratin filament";0,00593178447849728
"131";131;"P13796";"P13796";"PLSL_HUMAN";"Plastin-2";"LCP1";11;20;0,00301851267920461;11;9;11;9;0,00383464346030428;0,00333829841876459;"cytosol, extracellular space, ruffle, actin filament, actin filament bundle, actin cytoskeleton, ruffle membrane, plasma membrane, extracellular vesicular exosome, phagocytic cup, focal adhesion, filopodium, cytoplasm";0,00494315373208107
"133";133;"P14618";"P14618-1";"KPYM_HUMAN";"Pyruvate kinase PKM";"PKM";21;40;0,00712846497122896;17;18;18;22;NA;NA;"cilium, cytosol, mitochondrion, plasma membrane, extracellular vesicular exosome, nucleus, cytoplasm";0,00988630746416214
"134";134;"P14625";"P14625";"ENPL_HUMAN";"Endoplasmin";"HSP90B1";9;19;0,00237078509945264;9;8;11;8;0,0031517617481953;0,00247145867714931;"extracellular vesicular exosome, melanosome, midbody, cytosol, endoplasmic reticulum, endoplasmic reticulum lumen, perinuclear region of cytoplasm, plasma membrane, endoplasmic reticulum membrane, endocytic vesicle lumen, extracellular region";0,00469599604547701
"135";135;"P14866";"P14866-1";"HNRPL_HUMAN";"Heterogeneous nuclear ribonucleoprotein L";"HNRNPL";5;10;0,00160662771635084;5;5;5;5;NA;NA;"nucleoplasm, ribonucleoprotein complex, extracellular vesicular exosome, cytoplasm, nucleus";0,00247157686604053
"136";136;"P14868";"P14868";"SYDC_HUMAN";"Aspartate--tRNA ligase, cytoplasmic";"DARS";5;15;0,00283324468542109;5;5;7;8;0,00305393760611059;0,00371366264549195;"cytoplasm, extracellular vesicular exosome, cytosol";0,0037073652990608
"137";137;"P15153";"P15153,P60763,P63000-1,P63000-2";"RAC1_HUMAN, RAC2_HUMAN, RAC3_HUMAN";"Ras-related C3 botulinum toxin substrate 1, Ras-related C3 botulinum toxin substrate 2, Ras-related C3 botulinum toxin substrate 3";"RAC1, RAC2, RAC3";2;4;0,000591439828081653;2;2;2;2;0,0013660917327334;0,00145355076983708;"plasma membrane, extracellular vesicular exosome, nuclear envelope, cytosol";0,000988630746416213
"138";138;"P15880";"P15880";"RS2_HUMAN";"40S ribosomal protein S2";"RPS2";10;20;0,00645941109167675;7;10;10;10;0,00745988659513119;0,00793747860661888;"extracellular vesicular exosome, cytosol, nucleoplasm, cytosolic small ribosomal subunit";0,00494315373208107
"140";140;"P16520";"P16520,P62873,P62879,Q9HAV0";"GBB1_HUMAN, GBB2_HUMAN, GBB3_HUMAN, GBB4_HUMAN";"Guanine nucleotide-binding protein G(I)/G(S)/G(T) subunit beta-1, Guanine nucleotide-binding protein G(I)/G(S)/G(T) subunit beta-2, Guanine nucleotide-binding protein G(I)/G(S)/G(T) subunit beta-3, Guanine nucleotide-binding protein subunit beta-4";"GNB1, GNB2, GNB3, GNB4";1;1;6,95811562449003e-05;NA;1;NA;1;NA;0,00017100597292201;"neuron projection, cell body, plasma membrane";0,000247157686604053
"141";141;"P16615";"P16615-1,P16615-2,P16615-3,P16615-4,P16615-5";"AT2A2_HUMAN";"Sarcoplasmic/endoplasmic reticulum calcium ATPase 2";"ATP2A2";6;11;0,000199795412173457;5;5;5;6;NA;NA;"sarcoplasmic reticulum membrane, sarcoplasmic reticulum, integral component of plasma membrane, membrane, endoplasmic reticulum membrane, intracellular membrane-bounded organelle, platelet dense tubular network membrane";0,00271873455264459
"145";145;"P17844";"P17844";"DDX5_HUMAN";"Probable ATP-dependent RNA helicase DDX5";"DDX5";8;13;0,00263357857043959;7;6;7;6;0,00329609577681722;0,00296042913520736;"catalytic step 2 spliceosome, nucleus, ribonucleoprotein complex, nucleolus, extracellular vesicular exosome";0,00321304992585269
"146";146;"P17987";"P17987";"TCPA_HUMAN";"T-complex protein 1 subunit alpha";"TCP1";5;11;0,00187218362845991;5;4;7;4;0,00275183946162124;0,0016731519652801;"extracellular vesicular exosome, microtubule, pericentriolar material, acrosomal vesicle, nuclear heterochromatin, chaperonin-containing T-complex, centrosome, zona pellucida receptor complex, cell body, Golgi apparatus, cytosol";0,00271873455264459
"147";147;"P18085";"P18085";"ARF4_HUMAN";"ADP-ribosylation factor 4";"ARF4";3;4;0,00248524210587846;3;1;3;1;0,00416332718547322;0,00161505641093009;"Golgi apparatus, ruffle membrane, extracellular vesicular exosome, cytosol";0,000988630746416213
"150";150;"P19338";"P19338";"NUCL_HUMAN";"Nucleolin";"NCL";7;12;0,00159938657734757;6;6;6;6;0,0018471099484846;0,00196536442118817;"nucleolus, extracellular vesicular exosome, nucleus, nucleoplasm, ribonucleoprotein complex, cell cortex";0,00296589223924864
"152";152;"P20231";"P20231,Q15661-1,Q15661-2";"TRYB1_HUMAN, TRYB2_HUMAN";"Tryptase alpha/beta-1, Tryptase beta-2";"TPSAB1, TPSB2";3;8;0,000917627854478201;3;3;5;3;0,00397408504067898;0,00253710679826109;"extracellular region";0,00197726149283243
"153";153;"P20339";"P20339";"RAB5A_HUMAN";"Ras-related protein Rab-5A";"RAB5A";3;5;0,00220070633704801;2;3;2;3;0,00203325281151018;0,00324513660242698;"early endosome membrane, early endosome, plasma membrane, endosome membrane, ruffle, cytosol, melanosome, actin cytoskeleton, membrane raft, endocytic vesicle, extracellular vesicular exosome, cytoplasm";0,00123578843302027
"155";155;"P21796";"P21796";"VDAC1_HUMAN";"Voltage-dependent anion-selective channel protein 1";"VDAC1";1;1;0,000334382941671606;1;NA;1;NA;0,00077234868281747;NA;"extracellular vesicular exosome, membrane, plasma membrane, mitochondrial inner membrane, mitochondrial nucleoid, pore complex, mitochondrion, mitochondrial outer membrane";0,000247157686604053
"156";156;"P22087";"P22087";"FBRL_HUMAN";"rRNA 2'-O-methyltransferase fibrillarin";"FBL";4;5;0,00147399334101346;2;3;2;3;0,00136183599524825;0,00217353386143863;"extracellular vesicular exosome, Cajal body, box C/D snoRNP complex, nucleolus, granular component";0,00123578843302027
"157";157;"P22102";"P22102-1,P22102-2";"PUR2_HUMAN";"Trifunctional purine biosynthetic protein adenosine-3";"GART";3;4;0,00018738687622389;3;NA;4;NA;NA;NA;"cytosol, extracellular vesicular exosome";0,000988630746416213
"158";158;"P22234";"P22234-1,P22234-2";"PUR6_HUMAN";"Multifunctional protein ADE2";"PAICS";1;2;0,000222659699983681;1;1;1;1;NA;NA;"cytosol, extracellular vesicular exosome";0,000494315373208107
"159";159;"P22314";"P22314";"UBA1_HUMAN";"Ubiquitin-like modifier-activating enzyme 1";"UBA1";12;24;0,002146624706837;10;10;12;12;0,00247910787036685;0,00263782370329603;"extracellular vesicular exosome";0,00593178447849728
"163";163;"P23284";"P23284";"PPIB_HUMAN";"Peptidyl-prolyl cis-trans isomerase B";"PPIB";10;23;0,0100763822562059;10;9;12;11;0,0121430376242969;0,0118437470134873;"macromolecular complex, extracellular vesicular exosome, melanosome, endoplasmic reticulum, endoplasmic reticulum lumen";0,00568462679189323
"164";164;"P23396";"P23396";"RS3_HUMAN";"40S ribosomal protein S3";"RPS3";11;27;0,0105144858325627;10;11;12;15;0,0107938112215972;0,0143560569860453;"cytoplasm, nucleus, cytosol, extracellular vesicular exosome, ruffle membrane, cytosolic small ribosomal subunit, ribonucleoprotein complex";0,00667325753830944
"165";165;"P23528";"P23528";"COF1_HUMAN";"Cofilin-1";"CFL1";2;3;0,00171018745469394;2;1;2;1;0,00263342984623306;0,00140101279020442;"cortical actin cytoskeleton, cytoplasm, lamellipodium membrane, extracellular vesicular exosome, nucleus, nuclear matrix, extracellular space, ruffle membrane";0,00074147305981216
"167";167;"P24752";"P24752";"THIL_HUMAN";"Acetyl-CoA acetyltransferase, mitochondrial";"ACAT1";6;12;0,00265940156889174;6;5;7;5;0,00358319143012039;0,00272328013084231;"mitochondrion, mitochondrial inner membrane, extracellular vesicular exosome, mitochondrial matrix";0,00296589223924864
"170";170;"P25705";"P25705";"ATPA_HUMAN";"ATP synthase subunit alpha, mitochondrial";"ATP5A1";15;36;0,00616038591274922;15;14;19;17;0,00750979903708777;0,00714947214097082;"mitochondrial matrix, mitochondrial proton-transporting ATP synthase complex, extracellular vesicular exosome, plasma membrane, mitochondrial inner membrane, proton-transporting ATP synthase complex, catalytic core F(1), mitochondrion";0,00889767671774592
"171";171;"P26038";"P26038";"MOES_HUMAN";"Moesin";"MSN";12;29;0,00475611924141918;11;12;14;15;0,0053033717180638;0,00604596507384575;"microvillus, blood microparticle, plasma membrane, basolateral plasma membrane, extracellular vesicular exosome, apical part of cell, cytoskeleton, filopodium, uropod, apical plasma membrane, microvillus membrane, cytoplasm, extrinsic component of membrane";0,00716757291151755
"174";174;"P26599";"P26599-1,P26599-2,P26599-3";"PTBP1_HUMAN";"Polypyrimidine tract-binding protein 1";"PTBP1";4;7;0,000415827123321689;3;4;3;4;NA;NA;"extracellular vesicular exosome, nucleolus, nucleoplasm";0,00173010380622837
"177";177;"P27105";"P27105-1,P27105-2";"STOM_HUMAN";"Erythrocyte band 7 integral membrane protein";"STOM";2;3;0,000492866523401377;2;1;2;1;NA;NA;"blood microparticle, melanosome, membrane raft, cytoplasm, integral component of plasma membrane, extracellular vesicular exosome, cytoskeleton";0,00074147305981216
"178";178;"P27348";"P27348";"1433T_HUMAN";"14-3-3 protein theta";"YWHAQ";1;2;0,00122311365807362;1;1;1;1;0,00111517692468033;0,00213582970261775;"extracellular vesicular exosome, cytosol, cytoplasmic vesicle membrane, cytoplasm";0,000494315373208107
"181";181;"P27708";"P27708";"PYR1_HUMAN";"CAD protein";"CAD";5;8;0,000340244035930119;4;4;4;4;0,000392943239977248;0,000418099996717183;"terminal bouton, nuclear matrix, nucleus, protein complex, extracellular vesicular exosome, cytosol, cell projection, neuronal cell body";0,00197726149283243
"182";182;"P27797";"P27797";"CALR_HUMAN";"Calreticulin";"CALR";4;9;0,00204238214013808;4;3;5;4;0,00262079948725832;0,00223086928704013;"external side of plasma membrane, MHC class I peptide loading complex, cytoplasm, extracellular space, cell surface, Golgi apparatus, extracellular vesicular exosome, intracellular, integral component of lumenal side of endoplasmic reticulum membrane, polysome, sarcoplasmic reticulum lumen, endoplasmic reticulum lumen, extracellular region, endoplasmic reticulum, proteinaceous extracellular matrix, perinuclear region of cytoplasm, nucleus, cytosol, endocytic vesicle lumen, acrosomal vesicle";0,00222441917943648
"184";184;"P28838";"P28838-1,P28838-2";"AMPL_HUMAN";"Cytosol aminopeptidase";"LAP3";5;7;0,000638162434924327;4;3;4;3;NA;NA;"mitochondrion, extracellular vesicular exosome, cytoplasm, trans-Golgi network, nucleus";0,00173010380622837
"187";187;"P30050";"P30050-1";"RL12_HUMAN";"60S ribosomal protein L12";"RPL12";6;14;0,00802924372668425;6;5;7;7;NA;NA;"cytosolic large ribosomal subunit, extracellular vesicular exosome, cytosol";0,00346020761245675
"191";191;"P31146";"P31146";"COR1A_HUMAN";"Coronin-1A";"CORO1A";3;6;0,00123163174611364;3;3;3;3;0,0014223948627159;0,00151345850221649;"cytoplasm, extracellular vesicular exosome, immunological synapse, lamellipodium, phagocytic vesicle, actin filament, phagocytic vesicle membrane, protein complex, plasma membrane, phagocytic cup, cortical actin cytoskeleton";0,00148294611962432
"192";192;"P31689";"P31689";"DNJA1_HUMAN";"DnaJ homolog subfamily A member 1";"DNAJA1";2;3;0,000715090976018119;NA;2;NA;3;NA;0,00175744173683073;"extracellular vesicular exosome, membrane";0,00074147305981216
"195";195;"P31946";"P31946-1,P31946-2";"1433B_HUMAN";"14-3-3 protein beta/alpha";"YWHAB";1;1;0,000304535412833371;1;0;1;0;NA;NA;"cytoplasmic vesicle membrane, cytoplasm, cytosol, perinuclear region of cytoplasm, transcriptional repressor complex, extracellular vesicular exosome, melanosome";0,000247157686604053
"200";200;"P34897";"P34897-1,P34897-3";"GLYM_HUMAN";"Serine hydroxymethyltransferase, mitochondrial";"SHMT2";8;14;0,00131431072907034;8;5;8;6;NA;NA;"mitochondrial inner membrane, microtubule cytoskeleton, mitochondrial nucleoid, mitochondrion, mitochondrial intermembrane space, mitochondrial matrix, extracellular vesicular exosome";0,00346020761245675
"201";201;"P35232";"P35232";"PHB_HUMAN";"Prohibitin";"PHB";4;7;0,00243534046857151;2;4;2;5;0,00160716674439224;0,00427514932305024;"mitochondrion, integral component of plasma membrane, nucleoplasm, extracellular vesicular exosome, nucleus, cytoplasm, mitochondrial inner membrane";0,00173010380622837
"202";202;"P35268";"P35268";"RL22_HUMAN";"60S ribosomal protein L22";"RPL22";3;5;0,00369649892551033;3;2;3;2;0,00512284399775025;0,00363387692459271;"cytoplasm, extracellular vesicular exosome, ribonucleoprotein complex, cytosolic large ribosomal subunit, cytosol";0,00123578843302027
"203";203;"P35527";"P35527";"K1C9_HUMAN";"Keratin, type I cytoskeletal 9";"KRT9";22;94;0,0144385260030538;22;21;47;47;0,0166769640099922;0,017740215138486;"intermediate filament, extracellular vesicular exosome, extracellular space";0,023232822540781
"204";204;"P35579";"P35579-1";"MYH9_HUMAN";"Myosin-9";"MYH9";30;55;0,00265544412608089;24;26;27;28;NA;NA;"spindle, cleavage furrow, immunological synapse, cell-cell adherens junction, cell leading edge, nucleus, uropod, stress fiber, ruffle, actin cytoskeleton, myosin II filament, extracellular vesicular exosome, myosin II complex, plasma membrane, actomyosin contractile ring, cytosol, cortical cytoskeleton, actomyosin, neuromuscular junction, cytoplasm, protein complex";0,0135936727632229
"206";206;"P35908";"P35908";"K22E_HUMAN";"Keratin, type II cytoskeletal 2 epidermal";"KRT2";18;51;0,00973677551597471;18;16;28;23;0,0124694112424631;0,0106746755245434;"intermediate filament cytoskeleton, cytoplasm, extracellular space, intermediate filament, extracellular vesicular exosome, Golgi apparatus, keratin filament";0,0126050420168067
"209";209;"P36578";"P36578";"RL4_HUMAN";"60S ribosomal protein L4";"RPL4";6;10;0,00221616797407645;4;6;4;6;0,0020475379600688;0,00326793615701077;"extracellular vesicular exosome, cytosol, nucleus, ribonucleoprotein complex, nucleolus, cytoplasm, cytosolic large ribosomal subunit";0,00247157686604053
"213";213;"P38159";"P38159-1";"RBMX_HUMAN";"RNA-binding motif protein, X chromosome";"RBMX";6;11;0,00266223554328314;3;6;5;6;NA;NA;"extracellular vesicular exosome, nuclear euchromatin, extracellular space, ribonucleoprotein complex, supraspliceosomal complex, nucleoplasm, catalytic step 2 spliceosome, nucleus";0,00271873455264459
"214";214;"P38646";"P38646";"GRP75_HUMAN";"Stress-70 protein, mitochondrial";"HSPA9";21;41;0,00571405783831464;19;18;21;20;0,00676004156404157;0,0068503129064487;"mitochondrial nucleoid, extracellular vesicular exosome, mitochondrion, cytoplasm, nucleolus";0,0101334651507662
"216";216;"P39023";"P39023";"RL3_HUMAN";"60S ribosomal protein L3";"RPL3";10;20;0,00469629640164091;10;8;11;9;0,00596605818761981;0,00519382905351216;"cytosolic large ribosomal subunit, cytosol, nucleolus, cytoplasm, extracellular vesicular exosome, nucleus";0,00494315373208107
"219";219;"P40227";"P40227";"TCPZ_HUMAN";"T-complex protein 1 subunit zeta";"CCT6A";6;9;0,00160390461852652;4;5;4;5;0,00164651357617585;0,00218990699787131;"extracellular vesicular exosome, cytoplasm, acrosomal vesicle, cell body, microtubule, chaperonin-containing T-complex, cytosol, zona pellucida receptor complex";0,00222441917943648
"221";221;"P40926";"P40926";"MDHM_HUMAN";"Malate dehydrogenase, mitochondrial";"MDH2";7;14;0,00391960122752338;6;7;7;7;0,00452669449899825;0,00481649959235956;"mitochondrial inner membrane, mitochondrion, mitochondrial matrix, nucleus, extracellular vesicular exosome, plasma membrane";0,00346020761245675
"224";224;"P41252";"P41252";"SYIC_HUMAN";"Isoleucine--tRNA ligase, cytoplasmic";"IARS";7;14;0,00104978226220515;7;7;7;7;0,00121237935076181;0,00128999751364305;"cytosol, cytoplasm, extracellular vesicular exosome";0,00346020761245675
"236";236;"P46459";"P46459";"NSF_HUMAN";"Vesicle-fusing ATPase";"NSF";1;1;0,000127191360877775;NA;1;NA;1;NA;0,000312591563405824;"plasma membrane, cytoplasm, cytosol, lysosomal membrane";0,000247157686604053
"237";237;"P46777";"P46777";"RL5_HUMAN";"60S ribosomal protein L5";"RPL5";5;11;0,00350482861085424;5;2;7;4;0,00515159171939868;0,00313223061513715;"nucleolus, ribonucleoprotein complex, cytoplasm, extracellular vesicular exosome, cytosolic large ribosomal subunit, cytosol, nucleus";0,00271873455264459
"238";238;"P46779";"P46779-1,P46779-2";"RL28_HUMAN";"60S ribosomal protein L28";"RPL28";2;3;0,00103609896890217;2;NA;3;NA;NA;NA;"cytosolic large ribosomal subunit, extracellular vesicular exosome, cytosol, cytoplasm";0,00074147305981216
"239";239;"P46781";"P46781";"RS9_HUMAN";"40S ribosomal protein S9";"RPS9";3;6;0,00292671255133189;3;3;3;3;0,00338002078202078;0,00359641427588557;"cytoplasm, cytosolic small ribosomal subunit, extracellular vesicular exosome, cytosol, nucleolus, ribosome, ribonucleoprotein complex";0,00148294611962432
"240";240;"P46782";"P46782";"RS5_HUMAN";"40S ribosomal protein S5";"RPS5";3;5;0,00231937187483001;2;3;2;3;0,00214288899252298;0,00342011945844019;"ribonucleoprotein complex, cytosolic small ribosomal subunit, cytosol, extracellular vesicular exosome";0,00123578843302027
"242";242;"P46940";"P46940";"IQGA1_HUMAN";"Ras GTPase-activating-like protein IQGAP1";"IQGAP1";2;2;0,000152291888944783;2;NA;2;NA;0,000351759689780477;NA;"microtubule, extrinsic component of cytoplasmic side of plasma membrane, plasma membrane, cell junction, midbody, slit diaphragm, extracellular vesicular exosome, nucleus, neuron projection, ribonucleoprotein complex, actin filament, cytoplasm, cell leading edge, lateral plasma membrane";0,000494315373208107
"243";243;"P48047";"P48047";"ATPO_HUMAN";"ATP synthase subunit O, mitochondrial";"ATP5O";3;8;0,00355419239410571;3;3;4;4;0,00410468877441022;0,00436747649152926;"mitochondrial inner membrane, mitochondrial proton-transporting ATP synthase complex, plasma membrane, mitochondrion";0,00197726149283243
"245";245;"P48643";"P48643";"TCPE_HUMAN";"T-complex protein 1 subunit epsilon";"CCT5";3;4;0,000699670036917297;1;3;1;3;0,00040401973611339;0,00128965687527135;"centrosome, microtubule, cell body, chaperonin-containing T-complex, extracellular vesicular exosome, cytoplasm, cytosol, nucleolus, zona pellucida receptor complex";0,000988630746416213
"248";248;"P49257";"P49257";"LMAN1_HUMAN";"Protein ERGIC-53";"LMAN1";5;7;0,00129884824990481;3;4;3;4;0,00128573339551379;0,0018240637111681;"extracellular vesicular exosome, endoplasmic reticulum-Golgi intermediate compartment, Golgi membrane, sarcomere, endoplasmic reticulum-Golgi intermediate compartment membrane, endoplasmic reticulum membrane, integral component of membrane, ER to Golgi transport vesicle membrane";0,00173010380622837
"249";249;"P49327";"P49327";"FAS_HUMAN";"Fatty acid synthase";"FASN";7;12;0,000452235949787644;5;6;6;6;0,000522281188141802;0,000555718334943687;"cytoplasm, plasma membrane, extracellular vesicular exosome, melanosome, glycogen granule, cytosol, mitochondrion, Golgi apparatus";0,00296589223924864
"250";250;"P49368";"P49368-1";"TCPG_HUMAN";"T-complex protein 1 subunit gamma";"CCT3";6;9;0,00156270339896804;6;3;6;3;NA;NA;"cytoplasm, cell body, cytoskeleton, plasma membrane, extracellular vesicular exosome, chaperonin-containing T-complex, microtubule, cytosol, zona pellucida receptor complex";0,00222441917943648
"251";251;"P49411";"P49411";"EFTU_HUMAN";"Elongation factor Tu, mitochondrial";"TUFM";12;26;0,005443340010663;12;11;13;13;0,0062864398320475;0,00668890619748038;"mitochondrion, extracellular vesicular exosome, mitochondrial nucleoid";0,00642609985170539
"252";252;"P49588";"P49588";"SYAC_HUMAN";"Alanine--tRNA ligase, cytoplasmic";"AARS";12;17;0,00166189703758481;10;5;11;6;0,00248380315042436;0,00144153795355744;"cytoplasm, cytosol, extracellular vesicular exosome";0,00420168067226891
"255";255;"P49755";"P49755";"TMEDA_HUMAN";"Transmembrane emp24 domain-containing protein 10";"TMED10";2;3;0,00129630647250773;2;1;2;1;0,00199611577385702;0,00106195490033759;"melanosome, secretory granule membrane, endoplasmic reticulum, endoplasmic reticulum-Golgi intermediate compartment membrane, trans-Golgi network transport vesicle, endoplasmic reticulum-Golgi intermediate compartment, plasma membrane, COPI-coated vesicle, gamma-secretase complex, transport vesicle membrane, cis-Golgi network, endoplasmic reticulum membrane, Golgi membrane, integral component of membrane, Golgi apparatus, zymogen granule membrane";0,00074147305981216
"261";261;"P50570";"P50570-1,P50570-2,P50570-3";"DYN2_HUMAN";"Dynamin-2";"DNM2";2;2;7,25136953969842e-05;NA;2;NA;2;NA;NA;"postsynaptic density, Golgi apparatus, Golgi membrane, midbody, extracellular vesicular exosome, microtubule, endocytic vesicle membrane, cell junction, cytosol, cytoplasm, postsynaptic membrane, plasma membrane";0,000494315373208107
"262";262;"P50914";"P50914";"RL14_HUMAN";"60S ribosomal protein L14";"RPL14";3;5;0,00220070633704801;3;2;3;2;0,00304987921726526;0,00216342440161798;"cytosol, extracellular vesicular exosome, cytoplasm, cytosolic large ribosomal subunit";0,00123578843302027
"263";263;"P50990";"P50990";"TCPQ_HUMAN";"T-complex protein 1 subunit theta";"CCT8";8;14;0,00241756426077172;6;7;6;8;0,00239315340040888;0,00339515508283114;"cell body, cytosol, centrosome, zona pellucida receptor complex, cytoplasm, aggresome, microtubule, extracellular vesicular exosome, intermediate filament cytoskeleton, chaperonin-containing T-complex";0,00346020761245675
"264";264;"P50991";"P50991";"TCPD_HUMAN";"T-complex protein 1 subunit delta";"CCT4";5;10;0,00175566553790472;4;4;6;4;0,00243311329021162;0,00172592299201435;"extracellular vesicular exosome, centrosome, microtubule, cytoplasm, cell body, zona pellucida receptor complex, nucleus, chaperonin-containing T-complex, cytosol, melanosome";0,00247157686604053
"265";265;"P51149";"P51149";"RAB7A_HUMAN";"Ras-related protein Rab-7a";"RAB7A";5;10;0,00457151557937509;5;5;5;5;0,00527958157578126;0,00561758751627858;"phagocytic vesicle membrane, extracellular vesicular exosome, late endosome, lysosomal membrane, melanosome, lysosome, intracellular membrane-bounded organelle, phagocytic vesicle, Golgi apparatus, alveolar lamellar body";0,00247157686604053
"266";266;"P51532";"P51532-1,P51532-2,P51532-3,P51532-4,P51532-5";"SMCA4_HUMAN";"Transcription activator BRG1";"SMARCA4";2;3;3,44737240411892e-05;2;1;2;1;NA;NA;"npBAF complex, WINAC complex, nuclear chromatin, SWI/SNF complex, nuclear euchromatin, nBAF complex, nucleus, nucleolus, extracellular space, heterochromatin, perichromatin fibrils";0,00074147305981216
"267";267;"P51571";"P51571";"SSRD_HUMAN";"Translocon-associated protein subunit delta";"SSR4";2;2;0,00109399274558456;2;NA;2;NA;0,00252687488135658;NA;"integral component of membrane, extracellular vesicular exosome, Sec61 translocon complex";0,000494315373208107
"268";268;"P51572";"P51572-1,P51572-2";"BAP31_HUMAN";"B-cell receptor-associated protein 31";"BCAP31";2;3;0,000577014466421125;1;2;1;2;NA;NA;"Golgi membrane, endoplasmic reticulum, integral component of plasma membrane, cytosol, endoplasmic reticulum membrane, lipid particle, endoplasmic reticulum-Golgi intermediate compartment membrane, integral component of lumenal side of endoplasmic reticulum membrane";0,00074147305981216
"270";270;"P51665";"P51665";"PSMD7_HUMAN";"26S proteasome non-ATPase regulatory subunit 7";"PSMD7";1;1;0,00029206905090452;1;NA;1;NA;0,000674613201349827;NA;"cytosol, nucleus, nucleoplasm, proteasome regulatory particle, proteasome complex, extracellular vesicular exosome";0,000247157686604053
"272";272;"P52272";"P52272-1,P52272-2";"HNRPM_HUMAN";"Heterogeneous nuclear ribonucleoprotein M";"HNRNPM";23;44;0,00285187423951701;21;19;22;22;NA;NA;"paraspeckles, integral component of plasma membrane, nuclear matrix, nucleus, spliceosomal complex, nucleoplasm, catalytic step 2 spliceosome";0,0108749382105783
"274";274;"P52565";"P52565";"GDIR1_HUMAN";"Rho GDP-dissociation inhibitor 1";"ARHGDIA";1;1;0,000463874374966002;1;NA;1;NA;0,00107144449626149;NA;"cytoskeleton, cytosol, immunological synapse, extracellular vesicular exosome";0,000247157686604053
"275";275;"P52566";"P52566";"GDIR2_HUMAN";"Rho GDP-dissociation inhibitor 2";"ARHGDIB";2;4;0,00188319149239929;2;2;2;2;0,00217487241032183;0,00231411067834759;"cytoplasmic membrane-bounded vesicle, cytosol, extracellular vesicular exosome, cytoskeleton, cytoplasm";0,000988630746416213
"277";277;"P52701";"P52701-1";"MSH6_HUMAN";"DNA mismatch repair protein Msh6";"MSH6";2;4;0,000278324624979601;2;2;2;2;NA;NA;"Golgi apparatus, nuclear chromosome, nucleus, MutSalpha complex, nuclear chromatin, cytoplasm, intracellular membrane-bounded organelle, plasma membrane";0,000988630746416213
"279";279;"P52907";"P52907";"CAZA1_HUMAN";"F-actin-capping protein subunit alpha-1";"CAPZA1";2;4;0,00132350171318971;2;1;2;2;0,00152849424641499;0,00162635051170583;"WASH complex, cytoskeleton, F-actin capping protein complex, extracellular vesicular exosome, extracellular region, actin cytoskeleton, cytosol";0,000988630746416213
"280";280;"P53007";"P53007";"TXTP_HUMAN";"Tricarboxylate transport protein, mitochondrial";"SLC25A1";2;6;0,00182566635034851;2;2;3;3;0,00210843740100332;0,00224342241003794;"mitochondrial inner membrane, integral component of membrane, extracellular vesicular exosome";0,00148294611962432
"281";281;"P53618";"P53618";"COPB_HUMAN";"Coatomer subunit beta";"COPB1";3;4;0,000397189391366482;3;NA;4;NA;0,000917417323136806;NA;"cytosol, intracellular membrane-bounded organelle, Golgi-associated vesicle, Golgi membrane, cytoplasm, endoplasmic reticulum-Golgi intermediate compartment, COPI vesicle coat, plasma membrane, Golgi apparatus";0,000988630746416213
"282";282;"P54136";"P54136-1";"SYRC_HUMAN";"Arginine--tRNA ligase, cytoplasmic";"RARS";3;3;0,000430138056786656;3;NA;3;NA;NA;NA;"aminoacyl-tRNA synthetase multienzyme complex, nucleus, cytoplasm, cytosol, mitochondrion, extracellular vesicular exosome";0,00074147305981216
"283";283;"P54577";"P54577";"SYYC_HUMAN";"Tyrosine--tRNA ligase, cytoplasmic";"YARS";9;19;0,0034052596162277;9;8;10;9;0,00413967191737394;0,00396422937228295;"nucleus, cytosol, cytoplasm, extracellular space";0,00469599604547701
"284";284;"P55060";"P55060-1,P55060-3";"XPO2_HUMAN";"Exportin-2";"CSE1L";7;10;0,000487283071539982;6;4;6;4;NA;NA;"cytoplasm, nucleus, extracellular vesicular exosome";0,00247157686604053
"289";289;"P56192";"P56192";"SYMC_HUMAN";"Methionine--tRNA ligase, cytoplasmic";"MARS";1;1;0,000105144858325627;NA;1;NA;1;NA;0,000258409025748815;"cytoplasm, cytosol, extracellular vesicular exosome, mitochondrion";0,000247157686604053
"290";290;"P57678";"P57678";"GEMI4_HUMAN";"Gem-associated protein 4";"GEMIN4";2;2;0,000178885392236417;NA;2;NA;2;NA;0,000439637283882671;"small nuclear ribonucleoprotein complex, Gemini of coiled bodies, nucleolus, extracellular vesicular exosome, SMN-Sm protein complex, nucleoplasm, cytosol, SMN complex, cytoplasm";0,000494315373208107
"293";293;"P60510";"P60510";"PP4C_HUMAN";"Serine/threonine-protein phosphatase 4 catalytic subunit";"PPP4C";2;2;0,000616484511355469;2;NA;2;NA;0,00142393926538986;NA;"plasma membrane, nucleus, microtubule organizing center, cytoplasm, protein phosphatase 4 complex";0,000494315373208107
"294";294;"P60660";"P60660-1,P60660-2";"MYL6_HUMAN";"Myosin light polypeptide 6";"MYL6";2;4;0,00125338241712668;2;2;2;2;NA;NA;"extracellular vesicular exosome, cytosol, myosin complex, unconventional myosin complex";0,000988630746416213
"295";295;"P60709";"P60709,P63261";"ACTB_HUMAN, ACTG_HUMAN";"Actin, cytoplasmic 1, Actin, cytoplasmic 2";"ACTB, ACTG1";5;37;0,013736541740229;5;5;19;18;0,0163008137068561;0,0164425663083971;"extracellular vesicular exosome, nucleoplasm, cortical cytoskeleton, cytoplasm, MLL5-L complex, axon, cytosol, ribonucleoprotein complex, extracellular space, NuA4 histone acetyltransferase complex, cytoskeleton, blood microparticle, postsynaptic density";0,00914483440434997
"296";296;"P60842";"P60842";"IF4A1_HUMAN";"Eukaryotic initiation factor 4A-I";"EIF4A1";6;10;0,00264157033231871;5;5;5;5;0,00302828216615778;0,00327330222623411;"extracellular vesicular exosome, eukaryotic translation initiation factor 4F complex, cytosol";0,00247157686604053
"297";297;"P60866";"P60866-1,P60866-2";"RS20_HUMAN";"40S ribosomal protein S20";"RPS20";1;2;0,000795213214227432;1;1;1;1;NA;NA;"extracellular vesicular exosome, cytosol, cytoplasm, cytosolic small ribosomal subunit";0,000494315373208107
"298";298;"P60953";"P60953-2";"CDC42_HUMAN";"Cell division control protein 42 homolog";"CDC42";2;4;0,0023781454867367;2;2;2;2;NA;NA;"spindle midzone, midbody, cytoplasm, membrane, neuron projection, neuronal cell body, extracellular vesicular exosome, cytosol, apical part of cell, Golgi membrane, mitotic spindle, plasma membrane, secretory granule, filopodium, microtubule organizing center";0,000988630746416213
"299";299;"P61006";"P61006";"RAB8A_HUMAN";"Ras-related protein Rab-8A";"RAB8A";2;4;0,00195051331386671;1;2;1;3;0,00118790585455078;0,00337055250976715;"dendrite, postsynaptic density, extracellular vesicular exosome, cytoplasmic vesicle membrane, phagocytic vesicle membrane, Golgi membrane, nonmotile primary cilium, recycling endosome membrane, neuronal cell body, phagocytic vesicle, plasma membrane";0,000988630746416213
"300";300;"P61019";"P61019-1";"RAB2A_HUMAN";"Ras-related protein Rab-2A";"RAB2A";3;5;0,00223184840785529;3;2;3;2;NA;NA;"endoplasmic reticulum membrane, melanosome, lysosomal membrane, Golgi membrane, extracellular vesicular exosome, endoplasmic reticulum-Golgi intermediate compartment membrane";0,00123578843302027
"301";301;"P61026";"P61026";"RAB10_HUMAN";"Ras-related protein Rab-10";"RAB10";1;2;0,00100939063992602;1;1;1;1;0,00122948255946006;0,00116284061586967;"trans-Golgi network, cytoplasmic vesicle membrane, insulin-responsive compartment, extracellular vesicular exosome, endosome, phagocytic vesicle membrane, recycling endosome, endoplasmic reticulum tubular network, Golgi apparatus, recycling endosome membrane, endoplasmic reticulum membrane, primary cilium";0,000494315373208107
"302";302;"P61106";"P61106";"RAB14_HUMAN";"Ras-related protein Rab-14";"RAB14";1;1;0,000440141267409602;NA;1;NA;1;NA;0,00108171220080899;"plasma membrane, recycling endosome, perinuclear region of cytoplasm, phagocytic vesicle membrane, early endosome membrane, early endosome, late endosome, trans-Golgi network transport vesicle, intracellular, cytoplasmic vesicle membrane, intracellular membrane-bounded organelle, lysosome, extracellular vesicular exosome, nuclear outer membrane-endoplasmic reticulum membrane network, cytosol, lysosomal membrane, phagocytic vesicle, Golgi stack, Golgi membrane, rough endoplasmic reticulum";0,000247157686604053
"303";303;"P61160";"P61160";"ARP2_HUMAN";"Actin-related protein 2";"ACTR2";1;1;0,000240178610388488;NA;1;NA;1;NA;0,000590274424299323;"actin cap, cytosol, actin cytoskeleton, cell projection, extracellular vesicular exosome, Arp2/3 protein complex";0,000247157686604053
"304";304;"P61204";"P61204,P84077";"ARF1_HUMAN, ARF3_HUMAN";"ADP-ribosylation factor 1, ADP-ribosylation factor 3";"ARF1, ARF3";5;7;0,00216257255069534;4;3;4;3;0,00276021691854578;0,00240920017100069;"Golgi membrane, perinuclear region of cytoplasm, extracellular vesicular exosome";0,00173010380622837
"306";306;"P61224";"P61224";"RAP1B_HUMAN";"Ras-related protein Rap-1b";"RAP1B";4;7;0,00360006851875789;4;3;4;3;0,00475162341820313;0,00379187157348804;"intracellular, cell-cell junction, membrane, plasma membrane, lipid particle, cytosol, extracellular vesicular exosome";0,00173010380622837
"307";307;"P61247";"P61247";"RS3A_HUMAN";"40S ribosomal protein S3a";"RPS3A";12;26;0,00931965789704422;11;10;14;12;0,011591081368647;0,0105712783260879;"ribonucleoprotein complex, nucleolus, nucleus, extracellular vesicular exosome, cytoplasm, cytosolic small ribosomal subunit, cytosol";0,00642609985170539
"309";309;"P61353";"P61353";"RL27_HUMAN";"60S ribosomal protein L27";"RPL27";3;6;0,00417486937469402;3;3;3;3;0,00482150023317671;0,00513017918766029;"ribonucleoprotein complex, extracellular vesicular exosome, cytosol, ribosome, cytosolic large ribosomal subunit";0,00148294611962432
"310";310;"P61513";"P61513";"RL37A_HUMAN";"60S ribosomal protein L37a";"RPL37A";1;1;0,0010285910053594;NA;1;NA;1;NA;0,00252791438232536;"extracellular vesicular exosome, cytosolic large ribosomal subunit, cytosol";0,000247157686604053
"311";311;"P61586";"P61586";"RHOA_HUMAN";"Transforming protein RhoA";"RHOA";3;5;0,00245156405422447;2;3;2;3;0,00226502256204502;0,00361504854674508;"plasma membrane, lamellipodium, cell junction, cytoskeleton, apical junction complex, cleavage furrow, extracellular vesicular exosome, cytosol, cell cortex, midbody";0,00123578843302027
"312";312;"P61604";"P61604";"CH10_HUMAN";"10 kDa heat shock protein, mitochondrial";"HSPE1";1;2;0,00185549749986401;1;NA;2;NA;0,00428577798504596;NA;"mitochondrial matrix, mitochondrion, extracellular vesicular exosome";0,000494315373208107
"313";313;"P61626";"P61626";"LYSC_HUMAN";"Lysozyme C";"LYZ";2;3;0,00191818322621077;1;2;1;2;0,00147685592727935;0,00314281247532342;"extracellular region, extracellular space, extracellular vesicular exosome";0,00074147305981216
"314";314;"P61769";"P61769";"B2MG_HUMAN";"Beta-2-microglobulin";"B2M";1;1;0,000795213214227432;1;NA;1;NA;0,00183676199359113;NA;"MHC class I protein complex, early endosome membrane, extracellular space, phagocytic vesicle membrane, external side of plasma membrane, extracellular region, Golgi apparatus, ER to Golgi transport vesicle membrane, extracellular vesicular exosome, plasma membrane, Golgi membrane, endoplasmic reticulum lumen, cytoplasm, early endosome lumen";0,000247157686604053
"316";316;"P61978";"P61978-1,P61978-2,P61978-3";"HNRPK_HUMAN";"Heterogeneous nuclear ribonucleoprotein K";"HNRNPK";10;21;0,00143069677635303;10;9;11;10;NA;NA;"nucleus, catalytic step 2 spliceosome, podosome, nuclear chromatin, nucleoplasm, cell projection, extracellular vesicular exosome, cell junction, cytoplasm";0,00519031141868512
"318";318;"P62140";"P62140";"PP1B_HUMAN";"Serine/threonine-protein phosphatase PP1-beta catalytic subunit";"PPP1CB";3;6;0,00173633710996449;3;3;3;3;0,00200527226823251;0,00213365250618287;"extracellular vesicular exosome, MLL5-L complex, cytoplasm, nucleolus, PTW/PP1 phosphatase complex, nucleoplasm";0,00148294611962432
"320";320;"P62241";"P62241";"RS8_HUMAN";"40S ribosomal protein S8";"RPS8";4;7;0,00318467599736275;4;3;4;3;0,00420335917764123;0,00335434793039327;"ribonucleoprotein complex, cytoplasm, cytosolic small ribosomal subunit, cytosol, extracellular vesicular exosome";0,00173010380622837
"321";321;"P62244";"P62244";"RS15A_HUMAN";"40S ribosomal protein S15a";"RPS15A";3;3;0,00218377782676303;NA;3;NA;3;NA;0,00536695668862923;"cytosolic small ribosomal subunit, cytoplasm, extracellular vesicular exosome, cytosol";0,00074147305981216
"322";322;"P62249";"P62249";"RS16_HUMAN";"40S ribosomal protein S16";"RPS16";6;15;0,00972229854380799;6;6;7;8;0,0104796078127494;0,0127434588040511;"extracellular vesicular exosome, small ribosomal subunit, cytosol, cytosolic small ribosomal subunit";0,0037073652990608
"323";323;"P62258";"P62258-1,P62258-2";"1433E_HUMAN";"14-3-3 protein epsilon";"YWHAE";2;5;0,00115968593741501;2;2;2;3;NA;NA;"cytosol, kinesin complex, cytoplasmic vesicle membrane, melanosome, mitochondrion, extracellular vesicular exosome";0,00123578843302027
"324";324;"P62263";"P62263";"RS14_HUMAN";"40S ribosomal protein S14";"RPS14";5;14;0,00877367691988677;5;5;7;7;0,0101326009315325;0,0107813037232949;"nucleolus, extracellular vesicular exosome, cytosolic small ribosomal subunit, cytosol, mitochondrion";0,00346020761245675
"326";326;"P62269";"P62269";"RS18_HUMAN";"40S ribosomal protein S18";"RPS18";7;10;0,0062256824008595;5;5;5;5;0,00718995648807052;0,00765026720966885;"small ribosomal subunit, extracellular vesicular exosome, cytosolic small ribosomal subunit, ribosome, cytosol";0,00247157686604053
"327";327;"P62280";"P62280";"RS11_HUMAN";"40S ribosomal protein S11";"RPS11";2;3;0,00179677922455186;2;NA;3;NA;0,00415015209944324;NA;"cytosolic small ribosomal subunit, ribosome, cytosol, extracellular vesicular exosome";0,00074147305981216
"331";331;"P62333";"P62333";"PRS10_HUMAN";"26S protease regulatory subunit 10B";"PSMC6";2;4;0,000973062956226883;2;2;2;2;0,00112377726086038;0,00119572299832356;"nucleus, nucleoplasm, extracellular vesicular exosome, proteasome accessory complex, proteasome complex, cytosol";0,000988630746416213
"333";333;"P62701";"P62701";"RS4X_HUMAN";"40S ribosomal protein S4, X isoform";"RPS4X";8;19;0,00683641474284496;8;8;10;9;0,00831082422955681;0,00795860497553384;"ribosome, extracellular vesicular exosome, cytosol, polysome, ribonucleoprotein complex, small ribosomal subunit, cytosolic small ribosomal subunit";0,00469599604547701
"336";336;"P62805";"P62805";"H4_HUMAN";"Histone H4";"HIST1H4F,HIST1H4L,HIST1H4H,HIST2H4B,HIST1H4I,HIST1H4B,HIST1H4A,HIST1H4E,HIST4H4,HIST2H4A,HIST1H4C,HIST1H4K,HIST1H4D,HIST1H4J";6;42;0,0385871421816379;6;6;23;19;0,0488079376355234;0,0429009159252886;"nucleosome, extracellular vesicular exosome, extracellular region, nucleoplasm, nucleus";0,0103806228373702
"337";337;"P62820";"P62820-1";"RAB1A_HUMAN";"Ras-related protein Rab-1A";"RAB1A";2;5;0,00419297178932684;2;2;3;2;NA;NA;"endoplasmic reticulum, melanosome, extracellular vesicular exosome, cytosol, early endosome, Golgi membrane";0,00123578843302027
"338";338;"P62826";"P62826";"RAN_HUMAN";"GTP-binding nuclear protein Ran";"RAN";4;8;0,00350482861085424;4;3;5;3;0,0050595990101237;0,00323011282186018;"cytoplasm, nucleoplasm, extracellular vesicular exosome, melanosome, nuclear pore, cytosol";0,00197726149283243
"339";339;"P62829";"P62829";"RL23_HUMAN";"60S ribosomal protein L23";"RPL23";1;1;0,000675931232093317;1;NA;1;NA;0,00156124769455246;NA;"nucleolus, cytoplasm, ribosome, extracellular vesicular exosome, cytosol, cytosolic large ribosomal subunit";0,000247157686604053
"341";341;"P62851";"P62851";"RS25_HUMAN";"40S ribosomal protein S25";"RPS25";3;5;0,00378521489972258;2;3;2;3;0,0034971948357975;0,0055816349561744;"extracellular vesicular exosome, small ribosomal subunit, cytosolic small ribosomal subunit, ribosome, cytosol, cytoplasm, nucleolus";0,00123578843302027
"342";342;"P62854";"P62854";"RS26_HUMAN";"40S ribosomal protein S26";"RPS26";2;4;0,00329149121715007;2;2;2;2;0,0038012987345625;0,00404466301172058;"nucleolus, cytoplasm, cytosolic small ribosomal subunit, small ribosomal subunit, extracellular vesicular exosome, cytosol";0,000988630746416213
"343";343;"P62888";"P62888";"RL30_HUMAN";"60S ribosomal protein L30";"RPL30";3;3;0,00246861841286255;NA;3;NA;3;NA;0,00606699451758087;"cytoplasm, cytosol, extracellular vesicular exosome, cytosolic large ribosomal subunit";0,00074147305981216
"344";344;"P62899";"P62899-1";"RL31_HUMAN";"60S ribosomal protein L31";"RPL31";2;4;0,00302817191977806;2;2;2;2;NA;NA;"cytosolic large ribosomal subunit, cytosol, extracellular vesicular exosome";0,000988630746416213
"345";345;"P62906";"P62906";"RL10A_HUMAN";"60S ribosomal protein L10a";"RPL10A";4;7;0,00305259266106659;4;3;4;3;0,00402902630852247;0,00321522750931705;"nucleolus, cytosolic large ribosomal subunit, cytosol, cytoplasm, extracellular vesicular exosome";0,00173010380622837
"347";347;"P62913";"P62913-1,P62913-2";"RL11_HUMAN";"60S ribosomal protein L11";"RPL11";5;9;0,00239234087763365;5;3;6;3;NA;NA;"extracellular vesicular exosome, cytosol, cytosolic large ribosomal subunit, nucleolus";0,00222441917943648
"349";349;"P62937";"P62937";"PPIA_HUMAN";"Peptidyl-prolyl cis-trans isomerase A";"PPIA";2;2;0,00114703481809775;2;NA;2;NA;0,00264939002711932;NA;"extracellular vesicular exosome, cytosol, extracellular region, nucleus";0,000494315373208107
"351";351;"P63167";"P63167";"DYL1_HUMAN";"Dynein light chain 1, cytoplasmic";"DYNLL1";3;8;0,00850610089825298;3;3;4;4;0,00982358099943119;0,0104524999179296;"plasma membrane, mitotic spindle, microtubule, cytosol, kinetochore, mitochondrion, centrosome, cytoplasm, nucleus, cytoplasmic dynein complex";0,00197726149283243
"352";352;"P63244";"P63244";"GBLP_HUMAN";"Guanine nucleotide-binding protein subunit beta-2-like 1";"GNB2L1";8;18;0,00537333345386486;7;8;9;9;0,00620559020547664;0,00660288046866056;"cytoskeleton, mitochondrion, perikaryon, neuronal cell body, cytoplasm, midbody, dendrite, nucleus, extracellular vesicular exosome, small ribosomal subunit, perinuclear region of cytoplasm, cytosol, phagocytic cup";0,00444883835887296
"353";353;"P67809";"P67809";"YBOX1_HUMAN";"Nuclease-sensitive element-binding protein 1";"YBX1";6;13;0,00542413951679823;5;4;7;6;0,00649315206299209;0,00646022564372037;"nucleoplasm, cytoplasm, histone pre-mRNA 3'end processing complex, nuclear membrane, nucleus, ribonucleoprotein complex, extracellular vesicular exosome, cytoplasmic stress granule, CRD-mediated mRNA stability complex, intracellular membrane-bounded organelle, U12-type spliceosomal complex";0,00321304992585269
"354";354;"P68032";"P68032";"ACTC_HUMAN";"Actin, alpha cardiac muscle 1";"ACTC1";2;23;0,0155069547965447;2;2;11;12;0,0174318619688845;0,0195863074556297;"actomyosin, actin portion, sarcomere, cytosol, blood microparticle, extracellular vesicular exosome, extracellular space, cytoplasm, I band, actin filament";0,00568462679189323
"355";355;"P68104";"P68104,Q5VTE0";"EF1A1_HUMAN, EF1A3_HUMAN";"Elongation factor 1-alpha 1, Putative elongation factor 1-alpha-like 3";"EEF1A1, EEF1A1P5";12;44;0,00450620821395545;12;11;21;23;0,00496760630084873;0,00578903336904812;"cytoplasm, nucleolus, cytosol, extracellular vesicular exosome, eukaryotic translation elongation factor 1 complex, plasma membrane, extracellular space, nucleus";0,0108749382105783
"357";357;"P68366";"P68366";"TBA4A_HUMAN";"Tubulin alpha-4A chain";"TUBA4A";1;1;0,00422457020058323;0;1;0;1;NA;0,00830600439906904;"extracellular region, microtubule, cytosol, extracellular vesicular exosome";0,000247157686604053
"358";358;"P68371";"P68371";"TBB4B_HUMAN";"Tubulin beta-4B chain";"TUBB4B";1;2;0,0027975620732032;1;1;1;1;0,00325815436481134;0,00341448330652366;"microtubule, cytoskeleton, cytosol, extracellular vesicular exosome";0,000494315373208107
"359";359;"P68431";"P68431,P84243,Q16695,Q71DI3";"H31_HUMAN, H31T_HUMAN, H32_HUMAN, H33_HUMAN";"Histone H3.1, Histone H3.1t, Histone H3.2, Histone H3.3";"H3F3B,H3F3A, HIST1H3A,HIST1H3B,HIST1H3J,HIST1H3E,HIST1H3D,HIST1H3H,HIST1H3F,HIST1H3I,HIST1H3G,HIST1H3C, HIST2H3D,HIST2H3C,HIST2H3A, HIST3H3";5;22;0,00382696359346952;5;5;10;12;0,00401791686098059;0,00513017918766029;"extracellular vesicular exosome, nucleoplasm, nucleosome, extracellular region";0,00543746910528917
"362";362;"P78371";"P78371-1,P78371-2";"TCPB_HUMAN";"T-complex protein 1 subunit beta";"CCT2";9;17;0,00150347320783373;7;6;10;7;NA;NA;"cytosol, cell body, microtubule, zona pellucida receptor complex, chaperonin-containing T-complex, extracellular vesicular exosome";0,00420168067226891
"364";364;"P81605";"P81605-1,P81605-2";"DCD_HUMAN";"Dermcidin";"DCD";3;6;0,00258082834071994;3;3;3;3;NA;NA;"extracellular vesicular exosome, extracellular region";0,00148294611962432
"366";366;"P84095";"P84095";"RHOG_HUMAN";"Rho-related GTP-binding protein RhoG";"RHOG";1;2;0,00118907274336835;1;1;1;1;0,00137324404547022;0,00146116098329173;"cytosol, extracellular vesicular exosome, plasma membrane";0,000494315373208107
"370";370;"Q00325";"Q00325-1,Q00325-2";"MPCP_HUMAN";"Phosphate carrier protein, mitochondrial";"SLC25A3";5;9;0,00117634440944417;4;5;4;5;NA;NA;"integral component of plasma membrane, mitochondrion, mitochondrial inner membrane, extracellular vesicular exosome";0,00222441917943648
"371";371;"Q00341";"Q00341";"VIGLN_HUMAN";"Vigilin";"HDLBP";2;4;0,000298518525214714;2;2;2;2;0,000344755011415369;0,000366826692703365;"plasma membrane, high-density lipoprotein particle, cytoplasm, nucleus";0,000988630746416213
"372";372;"Q00610";"Q00610-1,Q00610-2";"CLH1_HUMAN";"Clathrin heavy chain 1";"CLTC";4;8;0,000225982979087915;3;3;4;4;NA;NA;"cytosol, clathrin coat of coated pit, melanosome, extracellular vesicular exosome, protein complex, clathrin complex, clathrin-coated vesicle, clathrin coat of trans-Golgi network vesicle, plasma membrane, clathrin coat, clathrin-coated endocytic vesicle membrane, spindle, mitochondrion, trans-Golgi network membrane";0,00197726149283243
"373";373;"Q00839";"Q00839-1";"HNRPU_HUMAN";"Heterogeneous nuclear ribonucleoprotein U";"HNRNPU";17;33;0,00378521489972258;14;16;16;17;NA;NA;"ribonucleoprotein complex, catalytic step 2 spliceosome, nucleoplasm, CRD-mediated mRNA stability complex, cell surface";0,00815620365793376
"378";378;"Q01650";"Q01650";"LAT1_HUMAN";"Large neutral amino acids transporter small subunit 1";"SLC7A5";1;1;0,000186647677501113;NA;1;NA;1;NA;0,000458714246891387;"nucleolus, plasma membrane, nucleus, integral component of membrane, extracellular vesicular exosome, cytosol, apical plasma membrane";0,000247157686604053
"382";382;"Q04695";"Q04695";"K1C17_HUMAN";"Keratin, type I cytoskeletal 17";"KRT17";0;0;NA;0;0;0;0;NA;NA;"extracellular vesicular exosome, cytoplasm, cell periphery, intermediate filament";0
"383";383;"Q04837";"Q04837";"SSBP_HUMAN";"Single-stranded DNA-binding protein, mitochondrial";"SSBP1";4;6;0,00383636645242153;2;4;2;4;0,0029537118545587;0,00628562495064684;"extracellular vesicular exosome, mitochondrial nucleoid, mitochondrion";0,00148294611962432
"384";384;"Q06187";"Q06187";"BTK_HUMAN";"Tyrosine-protein kinase BTK";"BTK";3;5;0,000717984616791081;3;2;3;2;0,000995028879684419;0,000705821314640162;"perinuclear region of cytoplasm, cytoplasm, plasma membrane, mast cell granule, membrane raft, cytoplasmic vesicle, cytosol, intracellular membrane-bounded organelle, nucleus";0,00123578843302027
"385";385;"Q06830";"Q06830";"PRDX1_HUMAN";"Peroxiredoxin-1";"PRDX1";3;3;0,0014265885300462;3;NA;3;NA;0,00329509563674388;NA;"cytoplasm, cytosol, extracellular vesicular exosome, nucleolus, mitochondrial matrix, nucleus, peroxisomal matrix, melanosome, extracellular space, nuclear euchromatin";0,00074147305981216
"387";387;"Q07021";"Q07021";"C1QBP_HUMAN";"Complement component 1 Q subcomponent-binding protein, mitochondrial";"C1QBP";3;7;0,00234898087748741;2;3;3;4;0,00232526252380153;0,00329883862658061;"mitochondrial matrix, extracellular space, cytosol, membrane, nucleolus, cytoplasm, mitochondrion, plasma membrane, nucleus, cell surface";0,00173010380622837
"398";398;"Q13200";"Q13200";"PSMD2_HUMAN";"26S proteasome non-ATPase regulatory subunit 2";"PSMD2";6;8;0,00083374777526929;5;3;5;3;0,00120360505086643;0,00076839688273326;"cytosol, proteasome regulatory particle, extracellular vesicular exosome, proteasome complex, nucleoplasm, proteasome accessory complex";0,00197726149283243
"402";402;"Q13283";"Q13283";"G3BP1_HUMAN";"Ras GTPase-activating protein-binding protein 1";"G3BP1";1;1;0,000203069468869237;NA;1;NA;1;NA;0,000499073225695136;"cytoplasmic stress granule, plasma membrane, nucleus, cytoplasm, cytosol";0,000247157686604053
"403";403;"Q13347";"Q13347";"EIF3I_HUMAN";"Eukaryotic translation initiation factor 3 subunit I";"EIF3I";2;3;0,00087351113070521;1;2;1;2;0,000672537468422597;0,00143118845030113;"cytosol, eukaryotic 43S preinitiation complex, eukaryotic 48S preinitiation complex, eukaryotic translation initiation factor 3 complex, extracellular vesicular exosome";0,00074147305981216
"405";405;"Q13451";"Q13451";"FKBP5_HUMAN";"Peptidyl-prolyl cis-trans isomerase FKBP5";"FKBP5";6;9;0,0018636178390319;4;4;5;4;0,00239140784723571;0,00203560720502349;"nucleus, extracellular vesicular exosome, membrane, cytoplasm";0,00222441917943648
"408";408;"Q13576";"Q13576-1,Q13576-2";"IQGA2_HUMAN";"Ras GTPase-activating-like protein IQGAP2";"IQGAP2";1;1;4,00551841240484e-05;1;NA;1;NA;NA;NA;"extracellular vesicular exosome, actin cytoskeleton, microvillus, microtubule";0,000247157686604053
"410";410;"Q13885";"Q13885,Q9BVA1";"TBB2A_HUMAN, TBB2B_HUMAN";"Tubulin beta-2A chain, Tubulin beta-2B chain";"TUBB2A, TUBB2B";1;1;0,000572389706278274;1;0;1;0;0,00132209027617345;0;"extracellular vesicular exosome, microtubule, cytoplasm";0,000247157686604053
"412";412;"Q14204";"Q14204";"DYHC1_HUMAN";"Cytoplasmic dynein 1 heavy chain 1";"DYNC1H1";7;11;0,000224049525919868;5;5;6;5;0,000282274658507117;0,000250288552705481;"cytoplasmic dynein complex, extracellular vesicular exosome, microtubule, centrosome, cytosol";0,00271873455264459
"415";415;"Q14697";"Q14697-1,Q14697-2";"GANAB_HUMAN";"Neutral alpha-glucosidase AB";"GANAB";1;1;5,01220193289536e-05;NA;1;NA;1;NA;NA;"extracellular vesicular exosome, melanosome, Golgi apparatus, endoplasmic reticulum lumen, glucosidase II complex";0,000247157686604053
"418";418;"Q14974";"Q14974";"IMB1_HUMAN";"Importin subunit beta-1";"KPNB1";7;16;0,00172840863001031;6;7;7;9;0,00174660130212489;0,00238939852575959;"endoplasmic reticulum tubular network, nuclear envelope, nucleus, cytosol, nuclear membrane, extracellular vesicular exosome, cytoplasm, nucleoplasm, nuclear pore";0,00395452298566485
"419";419;"Q15019";"Q15019-1,Q15019-2";"SEPT2_HUMAN";"Septin-2";"SEPT2";1;1;0,000131066997912832;1;NA;1;NA;NA;NA;"condensed chromosome kinetochore, midbody, septin complex, synapse, nucleolus, extracellular vesicular exosome, cell surface, cytoplasm, actin cytoskeleton, ciliary membrane, perinuclear region of cytoplasm, exocyst, nucleus, spindle, cleavage furrow";0,000247157686604053
"421";421;"Q15046";"Q15046-1,Q15046-2";"SYK_HUMAN";"Lysine--tRNA ligase";"KARS";4;7;0,000554784428351299;3;3;3;4;NA;NA;"cytosol, extracellular region, aminoacyl-tRNA synthetase multienzyme complex, mitochondrial matrix, cytoplasm, plasma membrane, mitochondrion, microtubule cytoskeleton, nucleus";0,00173010380622837
"422";422;"Q15084";"Q15084-1,Q15084-2";"PDIA6_HUMAN";"Protein disulfide-isomerase A6";"PDIA6";4;6;0,000645207085179985;4;2;4;2;NA;NA;"endoplasmic reticulum membrane, endoplasmic reticulum lumen, extracellular vesicular exosome, melanosome, endoplasmic reticulum-Golgi intermediate compartment, endoplasmic reticulum, plasma membrane";0,00148294611962432
"423";423;"Q15125";"Q15125";"EBP_HUMAN";"3-beta-hydroxysteroid-Delta(8),Delta(7)-isomerase";"EBP";1;2;0,000822872804287517;1;1;1;1;0,000950324683640626;0,00101116575293014;"integral component of plasma membrane, endoplasmic reticulum, endoplasmic reticulum membrane";0,000494315373208107
"427";427;"Q15365";"Q15365";"PCBP1_HUMAN";"Poly(rC)-binding protein 1";"PCBP1";4;6;0,00250626187180668;4;2;4;2;0,0036838428747867;0,00217760414956866;"ribonucleoprotein complex, extracellular vesicular exosome, cytoplasm, nucleoplasm";0,00148294611962432
"432";432;"Q15758";"Q15758-1";"AAAT_HUMAN";"Neutral amino acid transporter B(0)";"SLC1A5";2;2;0,000349835018458649;NA;2;NA;2;NA;NA;"Golgi apparatus, integral component of plasma membrane, extracellular vesicular exosome, membrane, plasma membrane, melanosome";0,000494315373208107
"433";433;"Q15907";"Q15907";"RB11B_HUMAN";"Ras-related protein Rab-11B";"RAB11B";5;8;0,00347267421992897;3;5;3;5;0,00300790840234877;0,00533413126545718;"recycling endosome membrane, cell junction, phagocytic vesicle, extracellular vesicular exosome, synaptic vesicle, synaptic vesicle membrane, recycling endosome, mitochondrion, phagocytic vesicle membrane";0,00197726149283243
"443";443;"Q29RF7";"Q29RF7-1";"PDS5A_HUMAN";"Sister chromatid cohesion protein PDS5 homolog A";"PDS5A";3;3;0,000212334418458634;3;NA;3;NA;NA;NA;"chromosome, plasma membrane, chromatin, nucleus, chromosome, centromeric region, nucleoplasm, cytosol";0,00074147305981216
"445";445;"Q562R1";"Q562R1";"ACTBL_HUMAN";"Beta-actin-like protein 2";"ACTBL2";2;2;0,001095177986216;0;2;0;2;0;0,00261329872449433;"cytoskeleton, cytoplasm, extracellular space, extracellular vesicular exosome";0,000494315373208107
"447";447;"Q5T749";"Q5T749";"KPRP_HUMAN";"Keratinocyte proline-rich protein";"KPRP";2;2;0,000326875207229929;NA;2;NA;2;NA;0,000803344121498906;"cytoplasm, extracellular vesicular exosome";0,000494315373208107
"448";448;"Q5XKE5";"Q5XKE5";"K2C79_HUMAN";"Keratin, type II cytoskeletal 79";"KRT79";0;0;0;0;0;0;0;0;0;"keratin filament, extracellular vesicular exosome";0
"453";453;"Q71U36";"Q71U36";"TBA1A_HUMAN";"Tubulin alpha-1A chain";"TUBA1A";0;0;NA;0;0;0;0;NA;NA;"cytoplasmic microtubule, cytosol, microtubule, extracellular vesicular exosome";0
"454";454;"Q7KZF4";"Q7KZF4";"SND1_HUMAN";"Staphylococcal nuclease domain-containing protein 1";"SND1";12;20;0,00207978840644098;9;9;10;10;0,0024019195300807;0,00255569366125201;"RISC complex, nucleus, mitochondrion, melanosome, extracellular vesicular exosome, cytoplasm";0,00494315373208107
"457";457;"Q86UE4";"Q86UE4";"LYRIC_HUMAN";"Protein LYRIC";"MTDH";4;8;0,00130076113392528;4;4;4;4;0,0015022314586759;0,00159840634483803;"apical plasma membrane, endoplasmic reticulum, cytoplasm, endoplasmic reticulum membrane, intercellular canaliculus, nuclear membrane, tight junction, nuclear body, integral component of membrane, nucleolus, nucleus, perinuclear region of cytoplasm";0,00197726149283243
"458";458;"Q86UP2";"Q86UP2-1,Q86UP2-2,Q86UP2-3";"KTN1_HUMAN";"Kinectin";"KTN1";1;1;2,32449944713988e-05;NA;1;NA;1;NA;NA;"integral component of plasma membrane, integral component of membrane, endoplasmic reticulum membrane, membrane, endoplasmic reticulum";0,000247157686604053
"459";459;"Q86YZ3";"Q86YZ3";"HORN_HUMAN";"Hornerin";"HRNR";4;6;0,000199221836827504;4;2;4;2;0,000306771476824342;0,000163205700472936;"extracellular vesicular exosome, cornified envelope";0,00148294611962432
"460";460;"Q8IUE6";"Q8IUE6";"H2A2B_HUMAN";"Histone H2A type 2-B";"HIST2H2AB";1;1;0,0022793640616045;1;0;1;0;0,00481985185702861;0;"nucleosome, extracellular vesicular exosome, nucleus";0,000247157686604053
"464";464;"Q8NC51";"Q8NC51-1,Q8NC51-2,Q8NC51-3,Q8NC51-4";"PAIRB_HUMAN";"Plasminogen activator inhibitor 1 RNA-binding protein";"SERBP1";3;3;0,000173952890612251;3;NA;3;NA;NA;NA;"plasma membrane, nucleus, perinuclear region of cytoplasm, extracellular vesicular exosome, cytoplasm";0,00074147305981216
"466";466;"Q8TCT9";"Q8TCT9-1,Q8TCT9-5";"HM13_HUMAN";"Minor histocompatibility antigen H13";"HM13";2;2;0,000251008945604945;NA;2;NA;2;NA;NA;"endoplasmic reticulum, rough endoplasmic reticulum, integral component of lumenal side of endoplasmic reticulum membrane, cell surface, plasma membrane, integral component of cytoplasmic side of endoplasmic reticulum membrane";0,000494315373208107
"468";468;"Q92598";"Q92598-1,Q92598-2,Q92598-3";"HS105_HUMAN";"Heat shock protein 105 kDa";"HSPH1";2;4;0,000147055745909968;2;2;2;2;NA;NA;"cytoplasm, nucleus, microtubule, extracellular vesicular exosome, endocytic vesicle lumen, extracellular region";0,000988630746416213
"471";471;"Q92820";"Q92820";"GGH_HUMAN";"Gamma-glutamyl hydrolase";"GGH";2;4;0,00119031915085616;2;2;2;2;0,00137468350463738;0,0014626925985782;"lysosome, cytosol, extracellular vesicular exosome, melanosome, extracellular space";0,000988630746416213
"473";473;"Q92930";"Q92930";"RAB8B_HUMAN";"Ras-related protein Rab-8B";"RAB8B";1;1;0,000487628328466677;1;NA;1;NA;0,00118790585455078;NA;"phagocytic vesicle membrane, plasma membrane, peroxisomal membrane, mitochondrion, extracellular vesicular exosome, cell tip, perinuclear region of cytoplasm, phagocytic vesicle";0,000247157686604053
"480";480;"Q99536";"Q99536";"VAT1_HUMAN";"Synaptic vesicle membrane protein VAT-1 homolog";"VAT1";1;1;0,000240789751890749;1;NA;1;NA;0,000556169662181537;NA;"mitochondrial outer membrane, extracellular vesicular exosome, integral component of membrane";0,000247157686604053
"483";483;"Q99714";"Q99714-1";"HCD2_HUMAN";"3-hydroxyacyl-CoA dehydrogenase type-2";"HSD17B10";4;7;0,00253797933889445;3;4;3;4;NA;NA;"plasma membrane, mitochondrial matrix, endoplasmic reticulum, mitochondrion, cytoplasm, mitochondrial inner membrane";0,00173010380622837
"484";484;"Q99832";"Q99832-1,Q99832-2,Q99832-3,Q99832-4";"TCPH_HUMAN";"T-complex protein 1 subunit eta";"CCT7";6;12;0,000522819737530743;5;5;6;6;NA;NA;"cytoplasm, mitochondrion, zona pellucida receptor complex, microtubule, chaperonin-containing T-complex, cytosol, cell body, extracellular vesicular exosome";0,00296589223924864
"485";485;"Q9BQ39";"Q9BQ39";"DDX50_HUMAN";"ATP-dependent RNA helicase DDX50";"DDX50";1;1;0,00016691924591721;1;0;1;0;0,000415202914697804;NA;"plasma membrane, nucleolus";0,000247157686604053
"488";488;"Q9BS26";"Q9BS26";"ERP44_HUMAN";"Endoplasmic reticulum resident protein 44";"ERP44";1;4;0,000932318940818369;1;1;2;2;0,00107672254796721;0,00114565577918194;"extracellular vesicular exosome, cell surface, endoplasmic reticulum membrane, endoplasmic reticulum lumen, endoplasmic reticulum-Golgi intermediate compartment";0,000988630746416213
"489";489;"Q9BUF5";"Q9BUF5";"TBB6_HUMAN";"Tubulin beta-6 chain";"TUBB6";1;2;0,000990153374366892;1;1;1;1;0,00114351475385755;0,0012167241122702;"cytoplasm, microtubule, extracellular vesicular exosome";0,000494315373208107
"491";491;"Q9BVK6";"Q9BVK6";"TMED9_HUMAN";"Transmembrane emp24 domain-containing protein 9";"TMED9";1;1;0,0004026824361407;1;NA;1;NA;0,000930105009520613;NA;"trans-Golgi network transport vesicle, endoplasmic reticulum-Golgi intermediate compartment, endoplasmic reticulum-Golgi intermediate compartment membrane, Golgi membrane, integral component of membrane, extracellular vesicular exosome, endoplasmic reticulum membrane, endoplasmic reticulum, Golgi apparatus";0,000247157686604053
"496";496;"Q9H0U4";"Q9H0U4";"RAB1B_HUMAN";"Ras-related protein Rab-1B";"RAB1B";1;3;0,00256584840839404;1;1;2;1;0,00375165490780516;0,00231411067834759;"membrane, extracellular vesicular exosome, mitochondrion, Golgi apparatus";0,00074147305981216
"510";510;"Q9NX63";"Q9NX63";"CHCH3_HUMAN";"Coiled-coil-helix-coiled-coil-helix domain-containing protein 3, mitochondrial";"CHCHD3";1;3;0,00125062166290394;1;1;2;1;0,00192576808138629;0,00102452917697768;"extracellular vesicular exosome, cytoplasm, mitochondrial inner membrane, nucleus, mitochondrion";0,00074147305981216
"512";512;"Q9P0L0";"Q9P0L0-1,Q9P0L0-2";"VAPA_HUMAN";"Vesicle-associated membrane protein-associated protein A";"VAPA";3;3;0,000570062484897979;NA;3;NA;3;NA;NA;"endoplasmic reticulum membrane, endoplasmic reticulum, plasma membrane, integral component of membrane, vesicle, microtubule";0,00074147305981216
"515";515;"Q9UBB4";"Q9UBB4-1,Q9UBB4-2";"ATX10_HUMAN";"Ataxin-10";"ATXN10";2;3;0,000298832755241256;2;1;2;1;NA;NA;"cytoplasm, plasma membrane, extracellular space, neuronal cell body, perinuclear region of cytoplasm, cytosol, dendrite";0,00074147305981216
"522";522;"Q9UKV3";"Q9UKV3-1,Q9UKV3-2,Q9UKV3-3,Q9UKV3-5";"ACINU_HUMAN";"Apoptotic chromatin condensation inducer in the nucleus";"ACIN1";2;2;3,5283509505244e-05;NA;2;NA;2;NA;NA;"nucleus, nuclear speck, ASAP complex, cytoplasm, cytosol, plasma membrane";0,000494315373208107
"523";523;"Q9UL25";"Q9UL25";"RAB21_HUMAN";"Ras-related protein Rab-21";"RAB21";1;1;0,000420579433302509;1;NA;1;NA;0,000971443009943751;NA;"endosome, cleavage furrow, cytoplasmic vesicle membrane, extracellular vesicular exosome, Golgi membrane, endoplasmic reticulum membrane, early endosome membrane";0,000247157686604053
"527";527;"Q9UQ80";"Q9UQ80";"PA2G4_HUMAN";"Proliferation-associated protein 2G4";"PA2G4";7;10;0,00240178610388488;6;4;6;4;0,00332854838432504;0,00236109769719729;"nucleolus, ribonucleoprotein complex, cytoplasm, extracellular vesicular exosome, nucleus";0,00247157686604053
"528";528;"Q9Y230";"Q9Y230";"RUVB2_HUMAN";"RuvB-like 2";"RUVBL2";6;11;0,0022482377914119;6;4;6;5;0,00283250121689863;0,00251153480749388;"ribonucleoprotein complex, membrane, cytoplasm, MLL1 complex, intracellular, nucleus, Ino80 complex, NuA4 histone acetyltransferase complex, Swr1 complex, extracellular vesicular exosome, nuclear matrix, nucleoplasm";0,00271873455264459
"529";529;"Q9Y265";"Q9Y265-1,Q9Y265-2";"RUVB1_HUMAN";"RuvB-like 1";"RUVBL1";4;7;0,000726329613433609;4;3;4;3;NA;NA;"nuclear matrix, nucleoplasm, nucleus, Golgi apparatus, membrane, extracellular vesicular exosome, microtubule organizing center, intracellular membrane-bounded organelle, cytoplasm, MLL1 complex, Swr1 complex, Ino80 complex, NuA4 histone acetyltransferase complex";0,00173010380622837
"531";531;"Q9Y2Q3";"Q9Y2Q3-1,Q9Y2Q3-4";"GSTK1_HUMAN";"Glutathione S-transferase kappa 1";"GSTK1";1;2;0,000418718462358692;1;1;1;1;NA;NA;"mitochondrial matrix, mitochondrial inner membrane, intracellular, extracellular vesicular exosome, peroxisome";0,000494315373208107
"535";535;"Q9Y4L1";"Q9Y4L1";"HYOU1_HUMAN";"Hypoxia up-regulated protein 1";"HYOU1";4;9;0,000852525878315896;4;3;5;4;0,00109396735354026;0,000931203696392125;"endoplasmic reticulum lumen, endoplasmic reticulum, endocytic vesicle lumen, extracellular region, extracellular vesicular exosome";0,00222441917943648
"536";536;"Q9Y512";"Q9Y512";"SAM50_HUMAN";"Sorting and assembly machinery component 50 homolog";"SAMM50";2;4;0,000807082068171125;2;2;2;2;0,000932088175852213;0,000991761719291826;"mitochondrial inner membrane, integral component of membrane, mitochondrion, mitochondrial outer membrane, extracellular vesicular exosome, mitochondrial sorting and assembly machinery complex";0,000988630746416213
