"";"X";"protein.acs";"protein.g";"ID";"Description";"Gene";"global.peptide.count";"global.spectra.count";"global.dNSAF";"peptide.count.P5134.1.id.csv";"peptide.count.P5134.2.id.csv";"spectra.count.P5134.1.id.csv";"spectra.count.P5134.2.id.csv";"dNSAF.P5134.1.id.csv";"dNSAF.P5134.2.id.csv";"Go.Cc";"norm.sc"
"6";6;"A2RU67";"A2RU67";"K1467_HUMAN";"Uncharacterized protein KIAA1467";"KIAA1467";2;2;8,8491569179392e-05;NA;2;NA;2;NA;0,00023684611503783;"integral component of membrane";0,000145180023228804
"7";7;"A2VDJ0";"A2VDJ0-3";"T131L_HUMAN";"Transmembrane protein 131-like";"KIAA0922";2;2;3,42086737287643e-05;NA;2;NA;2;NA;NA;"integral component of membrane";0,000145180023228804
"15";15;"A6NNC1";"A6NNC1";"P12LL_HUMAN";"Putative POM121-like protein 1-like";"";1;1;4,60215351417908e-05;0;1;0;1;NA;0,000164234429825563;"integral component of membrane";7,25900116144019e-05
"16";16;"A7MBM2";"A7MBM2";"DISP2_HUMAN";"Protein dispatched homolog 2";"DISP2";2;2;3,92874775371748e-05;NA;2;NA;2;NA;0,000105152236654911;"integral component of membrane";0,000145180023228804
"20";20;"O00116";"O00116";"ADAS_HUMAN";"Alkyldihydroxyacetonephosphate synthase, peroxisomal";"AGPS";3;8;0,000334600340605361;3;3;4;4;0,00045675004097777;0,000447775937852676;"peroxisomal matrix, nucleolus, peroxisome, intracellular membrane-bounded organelle, mitochondrion, peroxisomal membrane";0,000580720092915215
"24";24;"O00203";"O00203-1";"AP3B1_HUMAN";"AP-3 complex subunit beta-1";"AP3B1";2;2;5,03123912519029e-05;NA;2;NA;2;NA;NA;"Golgi apparatus, AP-3 adaptor complex, clathrin-coated vesicle membrane, lysosomal membrane";0,000145180023228804
"30";30;"O00410";"O00410-3";"IPO5_HUMAN";"Importin-5";"IPO5";7;11;0,000275961402153783;6;4;6;5;NA;NA;"intracellular membrane-bounded organelle, nuclear pore, nuclear membrane, Golgi apparatus, nucleus, cytoplasm";0,00079849012775842
"36";36;"O00763";"O00763-1";"ACACB_HUMAN";"Acetyl-CoA carboxylase 2";"ACACB";1;1;2,46321935038812e-05;0;1;0;1;NA;NA;"endomembrane system, cytosol, mitochondrial outer membrane";7,25900116144019e-05
"37";37;"O00763";"O00763-2";"ACACB_HUMAN";"Acetyl-CoA carboxylase 2";"ACACB";1;1;2,46321935038812e-05;1;0;1;0;NA;NA;"endomembrane system, cytosol, mitochondrial outer membrane";7,25900116144019e-05
"51";51;"O14980";"O14980";"XPO1_HUMAN";"Exportin-1";"XPO1";6;9;0,000231267882477235;5;3;5;4;0,000350772090293385;0,000275104170968311;"kinetochore, annulate lamellae, Cajal body, cytoplasm, nucleolus, ribonucleoprotein complex, nuclear envelope, nuclear membrane, cytosol, nucleoplasm, nucleus, intracellular membrane-bounded organelle";0,000653310104529617
"53";53;"O14983";"O14983-1";"AT2A1_HUMAN";"Sarcoplasmic/endoplasmic reticulum calcium ATPase 1";"ATP2A1";1;1;4,12400769452411e-05;1;0;1;0;NA;NA;"endoplasmic reticulum membrane, H zone, membrane, endoplasmic reticulum-Golgi intermediate compartment, platelet dense tubular network membrane, perinuclear region of cytoplasm, calcium channel complex, I band, sarcoplasmic reticulum, sarcoplasmic reticulum membrane, integral component of membrane";7,25900116144019e-05
"54";54;"O14983";"O14983-2";"AT2A1_HUMAN";"Sarcoplasmic/endoplasmic reticulum calcium ATPase 1";"ATP2A1";3;5;0,000206200384726206;3;1;4;1;NA;NA;"endoplasmic reticulum membrane, H zone, membrane, endoplasmic reticulum-Golgi intermediate compartment, platelet dense tubular network membrane, perinuclear region of cytoplasm, calcium channel complex, I band, sarcoplasmic reticulum, sarcoplasmic reticulum membrane, integral component of membrane";0,000362950058072009
"58";58;"O15085";"O15085-2";"ARHGB_HUMAN";"Rho guanine nucleotide exchange factor 11";"ARHGEF11";2;2;3,61640972599092e-05;NA;2;NA;2;NA;NA;"intracellular, membrane, cytosol, cytoplasm";0,000145180023228804
"60";60;"O15126";"O15126-1";"SCAM1_HUMAN";"Secretory carrier-associated membrane protein 1";"SCAMP1";2;4;0,000325690864080366;2;2;2;2;NA;NA;"trans-Golgi network, integral component of membrane, recycling endosome membrane";0,000290360046457607
"66";66;"O15258";"O15258";"RER1_HUMAN";"Protein RER1";"RER1";2;2;0,000280825285865213;NA;2;NA;2;NA;0,000751623895681278;"integral component of Golgi membrane, Golgi apparatus";0,000145180023228804
"67";67;"O15269";"O15269-1";"SPTC1_HUMAN";"Serine palmitoyltransferase 1";"SPTLC1";7;15;0,000872755116748126;6;5;8;7;NA;NA;"serine C-palmitoyltransferase complex, integral component of membrane, SPOTS complex, endoplasmic reticulum membrane";0,00108885017421603
"68";68;"O15270";"O15270";"SPTC2_HUMAN";"Serine palmitoyltransferase 2";"SPTLC2";3;6;0,000293817203004885;2;3;2;4;0,000267385700145349;0,000524264354283026;"integral component of membrane, mitochondrion, endoplasmic reticulum membrane, serine C-palmitoyltransferase complex";0,000435540069686411
"79";79;"O43166";"O43166-2";"SI1L1_HUMAN";"Signal-induced proliferation-associated 1-like protein 1";"SIPA1L1";2;2;3,05109512359101e-05;NA;2;NA;2;NA;NA;"cytoplasm, dendritic spine, postsynaptic membrane, postsynaptic density, cell junction";0,000145180023228804
"93";93;"O43736";"O43736-1,O43736-2";"ITM2A_HUMAN";"Integral membrane protein 2A";"ITM2A";7;16;0,000837136973833944;6;6;9;7;NA;NA;"integral component of membrane";0,00116144018583043
"101";101;"O60313";"O60313-1";"OPA1_HUMAN";"Dynamin-like 120 kDa protein, mitochondrial";"OPA1";3;3;8,60027437962216e-05;NA;3;NA;3;NA;NA;"dendrite, integral component of membrane, mitochondrial inner membrane, mitochondrial crista, mitochondrion, mitochondrial outer membrane, mitochondrial intermembrane space";0,000217770034843206
"104";104;"O60506";"O60506-1,O60506-2";"HNRPQ_HUMAN";"Heterogeneous nuclear ribonucleoprotein Q";"SYNCRIP";0;0;0;0;0;0;0;NA;NA;"histone pre-mRNA 3'end processing complex, membrane, GAIT complex, ribonucleoprotein complex, endoplasmic reticulum, nucleoplasm, CRD-mediated mRNA stability complex, catalytic step 2 spliceosome, nucleus";0
"105";105;"O60506";"O60506-3,O60506-4";"HNRPQ_HUMAN";"Heterogeneous nuclear ribonucleoprotein Q";"SYNCRIP";1;2;0,000436946035896778;1;1;1;1;NA;NA;"histone pre-mRNA 3'end processing complex, membrane, GAIT complex, ribonucleoprotein complex, endoplasmic reticulum, nucleoplasm, CRD-mediated mRNA stability complex, catalytic step 2 spliceosome, nucleus";0,000145180023228804
"106";106;"O60610";"O60610-2";"DIAP1_HUMAN";"Protein diaphanous homolog 1";"DIAPH1";6;9;0,000194723193500879;6;3;6;3;NA;NA;"ruffle membrane, neuron projection, cytoplasm, mitotic spindle";0,000653310104529617
"108";108;"O60763";"O60763-1,O60763-2";"USO1_HUMAN";"General vesicular transport factor p115";"USO1";2;2;2,86079813043565e-05;NA;2;NA;2;NA;NA;"endoplasmic reticulum, nucleolus, cytosol, Golgi membrane, ER to Golgi transport vesicle membrane, Golgi stack, Golgi apparatus";0,000145180023228804
"129";129;"O75396";"O75396";"SC22B_HUMAN";"Vesicle-trafficking protein SEC22b";"SEC22B";2;3;0,000384012251369176;NA;2;NA;3;NA;0,00102780197828044;"Golgi apparatus, endoplasmic reticulum-Golgi intermediate compartment membrane, endoplasmic reticulum membrane, endoplasmic reticulum-Golgi intermediate compartment, melanosome, integral component of membrane";0,000217770034843206
"133";133;"O75533";"O75533";"SF3B1_HUMAN";"Splicing factor 3B subunit 1";"SF3B1";20;39;0,000823093744307397;18;15;21;18;0,00121000231331112;0,00101676729446455;"nuclear speck, nucleoplasm, U12-type spliceosomal complex, nucleus, intracellular membrane-bounded organelle, catalytic step 2 spliceosome, spliceosomal complex";0,00283101045296167
"137";137;"O75643";"O75643-2";"U520_HUMAN";"U5 small nuclear ribonucleoprotein 200 kDa helicase";"SNRNP200";0;0;0;0;0;0;0;NA;NA;"membrane, nucleoplasm, nucleus, U5 snRNP, catalytic step 2 spliceosome, spliceosomal complex";0
"138";138;"O75643";"O75643-1";"U520_HUMAN";"U5 small nuclear ribonucleoprotein 200 kDa helicase";"SNRNP200";10;18;0,000322107654667497;7;8;8;10;NA;NA;"membrane, nucleoplasm, nucleus, U5 snRNP, catalytic step 2 spliceosome, spliceosomal complex";0,00130662020905923
"148";148;"O76054";"O76054-1";"S14L2_HUMAN";"SEC14-like protein 2";"SEC14L2";3;3;0,000204870059663456;NA;3;NA;3;NA;NA;"nucleus, integral component of membrane, cytoplasm";0,000217770034843206
"151";151;"O94762";"O94762-1";"RECQ5_HUMAN";"ATP-dependent DNA helicase Q5";"RECQL5";2;2;5,55416307059352e-05;2;NA;2;NA;NA;NA;"nucleolus, DNA-directed RNA polymerase II, holoenzyme, nuclear membrane, nucleoplasm, nucleus, cytoplasm";0,000145180023228804
"154";154;"O94826";"O94826";"TOM70_HUMAN";"Mitochondrial import receptor subunit TOM70";"TOMM70A";2;3;0,000135793805994034;2;NA;3;NA;0,000370733791484423;NA;"mitochondrial outer membrane translocase complex, mitochondrion, integral component of membrane";0,000217770034843206
"159";159;"O94979";"O94979-9";"SC31A_HUMAN";"Protein transport protein Sec31A";"SEC31A";2;2;4,51161934668704e-05;NA;2;NA;2;NA;NA;"ER to Golgi transport vesicle, COPII vesicle coat, ER to Golgi transport vesicle membrane, endoplasmic reticulum, intracellular membrane-bounded organelle, cytoplasm, cytosol, endoplasmic reticulum membrane, perinuclear region of cytoplasm, Golgi membrane, vesicle coat";0,000145180023228804
"162";162;"O95202";"O95202-1";"LETM1_HUMAN";"LETM1 and EF-hand domain-containing protein 1, mitochondrial";"LETM1";9;14;0,00052136981354137;6;8;6;8;NA;NA;"mitochondrial inner membrane, integral component of membrane, mitochondrion";0,00101626016260163
"169";169;"O95573";"O95573";"ACSL3_HUMAN";"Long-chain-fatty-acid--CoA ligase 3";"ACSL3";3;4;0,000199097927030081;1;2;1;3;0,000121747146339329;0,000432966681574736;"Golgi apparatus, peroxisomal membrane, endoplasmic reticulum, mitochondrial outer membrane, integral component of membrane, lipid particle, endoplasmic reticulum membrane, perinuclear region of cytoplasm";0,000290360046457607
"177";177;"O95831";"O95831-1,O95831-3";"AIFM1_HUMAN";"Apoptosis-inducing factor 1, mitochondrial";"AIFM1";8;14;0,000314267775046552;7;6;7;7;NA;NA;"cytosol, nucleus, mitochondrial intermembrane space, perinuclear region of cytoplasm, mitochondrion, mitochondrial inner membrane";0,00101626016260163
"179";179;"O96028";"O96028-3";"NSD2_HUMAN";"Histone-lysine N-methyltransferase NSD2";"WHSC1";4;5;0,000100809076977256;NA;4;NA;5;NA;NA;"nuclear membrane, cytoplasm, chromosome, nucleolus, nucleus";0,000362950058072009
"180";180;"O96028";"O96028-2";"NSD2_HUMAN";"Histone-lysine N-methyltransferase NSD2";"WHSC1";2;2;4,03236307909024e-05;NA;2;NA;2;NA;NA;"nuclear membrane, cytoplasm, chromosome, nucleolus, nucleus";0,000145180023228804
"216";216;"P04843";"P04843";"RPN1_HUMAN";"Dolichyl-diphosphooligosaccharide--protein glycosyltransferase subunit 1";"RPN1";16;33;0,0014961927092061;15;13;17;16;0,00210428581481768;0,00194159187549958;"melanosome, rough endoplasmic reticulum, endoplasmic reticulum membrane, oligosaccharyltransferase complex, integral component of membrane";0,00239547038327526
"217";217;"P04844";"P04844-1,P04844-2";"RPN2_HUMAN";"Dolichyl-diphosphooligosaccharide--protein glycosyltransferase subunit 2";"RPN2";10;26;0,000566991147689829;10;6;15;11;NA;NA;"rough endoplasmic reticulum, endoplasmic reticulum membrane, autophagic vacuole membrane, endoplasmic reticulum, oligosaccharyltransferase complex, integral component of membrane, nucleus";0,00188734030197445
"270";270;"P08574";"P08574";"CY1_HUMAN";"Cytochrome c1, heme protein, mitochondrial";"CYC1";4;6;0,000508077747965371;2;4;2;4;0,00046237157994365;0,00090657405263711;"mitochondrial inner membrane, mitochondrion, integral component of membrane, respiratory chain, nucleus";0,000435540069686411
"290";290;"P09493";"P09493-1,P09493-5,P09493-6,P09493-7";"TPM1_HUMAN";"Tropomyosin alpha-1 chain";"TPM1";2;3;0,00011314701568581;2;1;2;1;NA;NA;"sarcomere, cytosol, cytoskeleton, stress fiber, bleb, filamentous actin, ruffle membrane, muscle thin filament tropomyosin";0,000217770034843206
"304";304;"P10620";"P10620";"MGST1_HUMAN";"Microsomal glutathione S-transferase 1";"MGST1";2;2;0,000355108103416657;2;NA;2;NA;0,00096948879665604;NA;"mitochondrial outer membrane, apical part of cell, mitochondrial inner membrane, endoplasmic reticulum, endoplasmic reticulum membrane, mitochondrion, integral component of membrane, nucleus, peroxisomal membrane";0,000145180023228804
"322";322;"P12236";"P12236";"ADT3_HUMAN";"ADP/ATP translocase 3";"SLC25A6";3;10;0,00167113033646861;2;3;4;6;0,00214312330468848;0,00239572841091183;"nucleus, mitochondrial inner membrane presequence translocase complex, mitochondrion, mitochondrial inner membrane, integral component of membrane";0,000725900116144019
"324";324;"P12270";"P12270";"TPR_HUMAN";"Nucleoprotein TPR";"TPR";11;13;0,000151405592125384;7;5;7;6;0,000222576247222134;0,000187031252924499;"nuclear pore, nucleus, mitotic spindle, nuclear periphery, kinetochore, extrinsic component of membrane, nucleoplasm, nuclear inclusion body, nuclear envelope, cytoplasmic dynein complex, cytoplasm, nuclear membrane, nuclear pore nuclear basket";0,000943670150987224
"326";326;"P12956";"P12956";"XRCC6_HUMAN";"X-ray repair cross-complementing protein 6";"XRCC6";22;49;0,00221432351843145;17;17;27;22;0,00333112529885511;0,00266092137781418;"nuclear telomere cap complex, nucleoplasm, nonhomologous end joining complex, membrane, nucleus, transcription factor complex, cytosol, Ku70:Ku80 complex, nucleolus";0,00355691056910569
"336";336;"P13674";"P13674-1";"P4HA1_HUMAN";"Prolyl 4-hydroxylase subunit alpha-1";"P4HA1";1;1;0,000116655204663364;0;1;0;1;NA;NA;"mitochondrion, endoplasmic reticulum lumen, endoplasmic reticulum, intracellular membrane-bounded organelle";7,25900116144019e-05
"337";337;"P13674";"P13674-3";"P4HA1_HUMAN";"Prolyl 4-hydroxylase subunit alpha-1";"P4HA1";2;3;0,000349965613990091;1;2;1;2;NA;NA;"mitochondrion, endoplasmic reticulum lumen, endoplasmic reticulum, intracellular membrane-bounded organelle";0,000217770034843206
"339";339;"P14136";"P14136-1";"GFAP_HUMAN";"Glial fibrillary acidic protein";"GFAP";1;1;7,44145072590771e-05;1;0;1;0;NA;NA;"intermediate filament, astrocyte projection, cytoplasm, membrane, cytosol, cell body";7,25900116144019e-05
"340";340;"P14136";"P14136-3";"GFAP_HUMAN";"Glial fibrillary acidic protein";"GFAP";1;1;7,44145072590771e-05;0;1;0;1;NA;NA;"intermediate filament, astrocyte projection, cytoplasm, membrane, cytosol, cell body";7,25900116144019e-05
"398";398;"P18754";"P18754-1,P18754-2";"RCC1_HUMAN";"Regulator of chromosome condensation";"RCC1";4;7;0,000228795897985198;3;3;3;4;NA;NA;"condensed nuclear chromosome, cytoplasm, nucleoplasm, nuclear membrane, nucleus, nuclear chromatin";0,000508130081300813
"399";399;"P18859";"P18859";"ATP5J_HUMAN";"ATP synthase-coupling factor 6, mitochondrial";"ATP5J";4;10;0,00254822944581397;4;4;4;6;0,00278279191632752;0,00409217454315362;"mitochondrion, mitochondrial inner membrane, mitochondrial proton-transporting ATP synthase complex, mitochondrial proton-transporting ATP synthase complex, coupling factor F(o)";0,000725900116144019
"416";416;"P20700";"P20700";"LMNB1_HUMAN";"Lamin-B1";"LMNB1";17;34;0,00159677449232575;16;13;20;14;0,00256434749968748;0,00175977471821623;"nuclear membrane, nucleoplasm, nuclear envelope, nuclear inner membrane, lamin filament";0,00246806039488966
"420";420;"P20810";"P20810-7";"ICAL_HUMAN";"Calpastatin";"CAST";3;3;0,000116613889893182;NA;3;NA;3;NA;NA;"cytosol, cytoplasm, membrane";0,000217770034843206
"427";427;"P22059";"P22059";"OSBP1_HUMAN";"Oxysterol-binding protein 1";"OSBP";2;2;6,82053978061733e-05;NA;2;NA;2;NA;0,000182550537241054;"nucleolus, cytoplasm, cell junction, Golgi membrane, Golgi apparatus, nucleus";0,000145180023228804
"450";450;"P24557";"P24557";"THAS_HUMAN";"Thromboxane-A synthase";"TBXAS1";2;4;0,000206535669904622;2;2;2;2;0,000281933890209543;0,000276394528243021;"integral component of membrane, endoplasmic reticulum membrane";0,000290360046457607
"456";456;"P25205";"P25205";"MCM3_HUMAN";"DNA replication licensing factor MCM3";"MCM3";11;18;0,000613088866666134;8;9;8;10;0,000743914670701417;0,000911623041791649;"nucleoplasm, centrosome, intracellular membrane-bounded organelle, nucleus, alpha DNA polymerase:primase complex, perinuclear region of cytoplasm, MCM complex";0,00130662020905923
"465";465;"P26196";"P26196";"DDX6_HUMAN";"Probable ATP-dependent RNA helicase DDX6";"DDX6";8;14;0,000839691167499341;7;4;8;6;0,00124447837251914;0,000998204066991736;"cytoplasm, cytosol, intracellular membrane-bounded organelle, cytoplasmic stress granule, cytoplasmic mRNA processing body, RISC complex";0,00101626016260163
"490";490;"P28331";"P28331-2";"NDUS1_HUMAN";"NADH-ubiquinone oxidoreductase 75 kDa subunit, mitochondrial";"NDUFS1";2;2;0,00010094774145728;2;NA;2;NA;NA;NA;"mitochondrial inner membrane, mitochondrial respiratory chain complex I, mitochondrial intermembrane space";0,000145180023228804
"491";491;"P28331";"P28331-4";"NDUS1_HUMAN";"NADH-ubiquinone oxidoreductase 75 kDa subunit, mitochondrial";"NDUFS1";1;1;5,04738707286399e-05;1;NA;1;NA;NA;NA;"mitochondrial inner membrane, mitochondrial respiratory chain complex I, mitochondrial intermembrane space";7,25900116144019e-05
"500";500;"P29590";"P29590-2";"PML_HUMAN";"Protein PML";"PML";6;13;0,00040563652402753;5;6;5;8;NA;NA;"early endosome membrane, nuclear membrane, PML body, nuclear matrix, cytoplasm, cytosol, nucleus, nucleoplasm, nucleolus, extrinsic component of endoplasmic reticulum membrane";0,000943670150987224
"504";504;"P30049";"P30049";"ATPD_HUMAN";"ATP synthase subunit delta, mitochondrial";"ATP5D";2;4;0,000655259000352165;2;2;2;2;0,000894468830248132;0,00087689454496149;"mitochondrial matrix, mitochondrial proton-transporting ATP synthase complex, catalytic core F(1), mitochondrial proton-transporting ATP synthase complex, mitochondrial inner membrane, mitochondrion";0,000290360046457607
"507";507;"P30153";"P30153";"2AAA_HUMAN";"Serine/threonine-protein phosphatase 2A 65 kDa regulatory subunit A alpha isoform";"PPP2R1A";7;13;0,000607421755844282;5;6;6;7;0,000765385892096874;0,000875405759655953;"mitochondrion, chromosome, centromeric region, protein phosphatase type 2A complex, membrane, microtubule cytoskeleton, cytosol, nucleus";0,000943670150987224
"531";531;"P31930";"P31930";"QCR1_HUMAN";"Cytochrome b-c1 complex subunit 1, mitochondrial";"UQCRC1";2;5;0,000286675812654072;2;2;3;2;0,000469596135880269;0,000306913090736522;"mitochondrial inner membrane, mitochondrial respiratory chain, mitochondrion, mitochondrial respiratory chain complex III";0,000362950058072009
"563";563;"P35658";"P35658-4";"NU214_HUMAN";"Nuclear pore complex protein Nup214";"NUP214";1;1;2,19464736960055e-05;NA;1;NA;1;NA;NA;"nuclear pore, nucleoplasm, nucleus, cytosol, intracellular membrane-bounded organelle, focal adhesion";7,25900116144019e-05
"564";564;"P35658";"P35658-1";"NU214_HUMAN";"Nuclear pore complex protein Nup214";"NUP214";1;1;2,19464736960055e-05;NA;1;NA;1;NA;NA;"nuclear pore, nucleoplasm, nucleus, cytosol, intracellular membrane-bounded organelle, focal adhesion";7,25900116144019e-05
"565";565;"P35658";"P35658-2";"NU214_HUMAN";"Nuclear pore complex protein Nup214";"NUP214";1;1;2,19464736960055e-05;NA;1;NA;1;NA;NA;"nuclear pore, nucleoplasm, nucleus, cytosol, intracellular membrane-bounded organelle, focal adhesion";7,25900116144019e-05
"569";569;"P35998";"P35998";"PRS7_HUMAN";"26S protease regulatory subunit 7";"PSMC2";8;16;0,00101693775574285;7;6;9;7;0,00156170539415147;0,00119079443980914;"proteasome complex, nucleoplasm, proteasome accessory complex, cytosol, cytoplasm, cytoplasmic mRNA processing body, nucleus, membrane";0,00116144018583043
"574";574;"P36873";"P36873-1";"PP1G_HUMAN";"Serine/threonine-protein phosphatase PP1-gamma catalytic subunit";"PPP1CC";1;1;0,000255611870106417;0;1;0;1;NA;NA;"nucleus, mitochondrion, nuclear speck, MLL5-L complex, cleavage furrow, midbody, PTW/PP1 phosphatase complex, mitochondrial outer membrane, nucleolus, cytoplasm, protein complex, cytosol, condensed chromosome kinetochore";7,25900116144019e-05
"577";577;"P37268";"P37268";"FDFT_HUMAN";"Squalene synthase";"FDFT1";9;15;0,000989959640819817;8;6;9;6;0,00162162694404697;0,00105984376657216;"endoplasmic reticulum, endoplasmic reticulum membrane, integral component of membrane";0,00108885017421603
"586";586;"P39656";"P39656";"OST48_HUMAN";"Dolichyl-diphosphooligosaccharide--protein glycosyltransferase 48 kDa subunit";"DDOST";3;7;0,000422469618648106;3;3;4;3;0,000659082295972308;0,000484599616952403;"oligosaccharyltransferase complex, intracellular membrane-bounded organelle, integral component of membrane, endoplasmic reticulum, endoplasmic reticulum membrane, protein complex";0,000508130081300813
"589";589;"P39880";"P39880-1";"CUX1_HUMAN";"Homeobox protein cut-like 1";"CUX1";3;4;0,000117032305179177;2;2;2;2;NA;NA;"cytoplasm, nucleus, Golgi membrane, cytosol";0,000290360046457607
"590";590;"P39880";"P39880-2";"CUX1_HUMAN";"Homeobox protein cut-like 1";"CUX1";1;1;2,92580762947943e-05;0;1;0;1;NA;NA;"cytoplasm, nucleus, Golgi membrane, cytosol";7,25900116144019e-05
"595";595;"P40939";"P40939";"ECHA_HUMAN";"Trifunctional enzyme subunit alpha, mitochondrial";"HADHA";9;21;0,000757455358205255;8;9;9;12;0,00088626269419081;0,00115846618783903;"mitochondrial fatty acid beta-oxidation multienzyme complex, mitochondrial inner membrane, mitochondrion, mitochondrial nucleoid";0,00152439024390244
"598";598;"P41219";"P41219-1";"PERI_HUMAN";"Peripherin";"PRPH";1;1;6,73383185468288e-05;0;1;0;1;NA;NA;"type III intermediate filament, photoreceptor outer segment membrane, neurofilament, intermediate filament, C-fiber";7,25900116144019e-05
"602";602;"P42166";"P42166-1";"LAP2A_HUMAN";"Lamina-associated polypeptide 2, isoform alpha";"TMPO";1;2;0,000195633522871713;1;0;2;0;NA;NA;"chromatin, nuclear inner membrane, nuclear envelope, nucleus";0,000145180023228804
"603";603;"P42167";"P42167-2";"LAP2B_HUMAN";"Lamina-associated polypeptide 2, isoforms beta/gamma";"TMPO";1;2;0,000317704024975899;1;1;1;1;NA;NA;"nucleus, integral component of membrane, nuclear envelope, nuclear inner membrane, nuclear membrane";0,000145180023228804
"604";604;"P42167";"P42167-1";"LAP2B_HUMAN";"Lamina-associated polypeptide 2, isoforms beta/gamma";"TMPO";5;11;0,00174737213736744;3;5;5;6;NA;NA;"nucleus, integral component of membrane, nuclear envelope, nuclear inner membrane, nuclear membrane";0,00079849012775842
"605";605;"P42345";"P42345";"MTOR_HUMAN";"Serine/threonine-protein kinase mTOR";"MTOR";2;2;2,15934703921467e-05;NA;2;NA;2;NA;5,77945404290037e-05;"lysosomal membrane, phosphatidylinositol 3-kinase complex, mTOR-FKBP12-rapamycin complex, TORC1 complex, cytosol, PML body, membrane, endomembrane system, TORC2 complex, lysosome, mitochondrial outer membrane, endoplasmic reticulum membrane, cytoplasm, Golgi membrane";0,000145180023228804
"608";608;"P42704";"P42704";"LPPRC_HUMAN";"Leucine-rich PPR motif-containing protein, mitochondrial";"LRPPRC";7;17;0,000335620463595011;7;5;9;8;0,000485092134625242;0,000422721043195209;"mitochondrial nucleoid, nucleoplasm, nuclear outer membrane, cytoskeleton, microtubule, nuclear inner membrane, ribonucleoprotein complex, nucleus, mitochondrion, condensed nuclear chromosome, perinuclear region of cytoplasm";0,00123403019744483
"615";615;"P43243";"P43243-1";"MATR3_HUMAN";"Matrin-3";"MATR3";19;44;0,00142965600076836;16;17;22;22;NA;NA;"nucleus, nuclear matrix, nuclear inner membrane";0,00319396051103368
"616";616;"P43307";"P43307-1,P43307-2";"SSRA_HUMAN";"Translocon-associated protein subunit alpha";"SSR1";2;5;0,000240567115513907;2;2;3;2;NA;NA;"endoplasmic reticulum, integral component of membrane, endoplasmic reticulum membrane";0,000362950058072009
"620";620;"P46060";"P46060";"RAGP1_HUMAN";"Ran GTPase-activating protein 1";"RANGAP1";6;11;0,000515723438096593;4;6;5;6;0,000639994733738016;0,000752904345248026;"condensed chromosome kinetochore, spindle pole, cytoplasm, nuclear pore, perinuclear region of cytoplasm, cytosol, nuclear membrane";0,00079849012775842
"637";637;"P48444";"P48444";"COPD_HUMAN";"Coatomer subunit delta";"ARCN1";2;5;0,00026928452069267;2;2;3;2;0,00044110791628675;0,000288294096973641;"COPI vesicle coat, clathrin adaptor complex, cytoplasm, Golgi apparatus, endoplasmic reticulum, cytosol, intracellular membrane-bounded organelle";0,000362950058072009
"643";643;"P48735";"P48735";"IDHP_HUMAN";"Isocitrate dehydrogenase [NADP], mitochondrial";"IDH2";2;2;0,000121773796525624;2;NA;2;NA;0,000332457441331164;NA;"mitochondrion, mitochondrial inner membrane, mitochondrial matrix";0,000145180023228804
"661";661;"P49792";"P49792";"RBP2_HUMAN";"E3 SUMO-protein ligase RanBP2";"RANBP2";8;11;0,00011357280688486;5;5;6;5;0,000163135134052699;0,000141207946006774;"nuclear inclusion body, mitochondrion, cytosol, nuclear pore nuclear basket, nuclear pore, nuclear membrane";0,00079849012775842
"663";663;"P49821";"P49821-1,P49821-2";"NDUV1_HUMAN";"NADH dehydrogenase [ubiquinone] flavoprotein 1, mitochondrial";"NDUFV1";2;5;0,000148280592752106;2;2;3;2;NA;NA;"mitochondrial inner membrane, mitochondrial respiratory chain complex I";0,000362950058072009
"664";664;"P50402";"P50402";"EMD_HUMAN";"Emerin";"EMD";3;3;0,000325049740332176;NA;3;NA;3;NA;0,000869989863505101;"integral component of membrane, nuclear envelope, microtubule, nuclear inner membrane, nuclear membrane, endoplasmic reticulum, nuclear outer membrane";0,000217770034843206
"665";665;"P50416";"P50416-1,P50416-2";"CPT1A_HUMAN";"Carnitine O-palmitoyltransferase 1, liver isoform";"CPT1A";1;3;5,34040323702282e-05;NA;1;NA;3;NA;NA;"mitochondrion, mitochondrial inner membrane, integral component of mitochondrial outer membrane, mitochondrial outer membrane";0,000217770034843206
"673";673;"P51531";"P51531-1";"SMCA2_HUMAN";"Probable global transcription activator SNF2L2";"SMARCA2";1;1;2,59630924667839e-05;NA;1;NA;1;NA;NA;"SWI/SNF complex, npBAF complex, nuclear chromatin, intracellular membrane-bounded organelle, intermediate filament cytoskeleton, nucleoplasm, nBAF complex, nucleus";7,25900116144019e-05
"678";678;"P51659";"P51659";"DHB4_HUMAN";"Peroxisomal multifunctional enzyme type 2";"HSD17B4";10;18;0,000673064951448691;9;7;10;8;0,00102086116495711;0,000800642845399622;"peroxisomal matrix, peroxisome, peroxisomal membrane, membrane, intracellular membrane-bounded organelle, mitochondrion";0,00130662020905923
"685";685;"P52594";"P52594-1";"AGFG1_HUMAN";"Arf-GAP domain and FG repeat-containing protein 1";"AGFG1";2;2;9,79390676682951e-05;NA;2;NA;2;NA;NA;"intracellular membrane-bounded organelle, nuclear pore, cytoplasmic membrane-bounded vesicle";0,000145180023228804
"687";687;"P52789";"P52789";"HXK2_HUMAN";"Hexokinase-2";"HK2";2;2;6,00237252230991e-05;2;NA;2;NA;0,000163872152106528;NA;"mitochondrial outer membrane, cytosol";0,000145180023228804
"704";704;"P54886";"P54886-1";"P5CS_HUMAN";"Delta-1-pyrroline-5-carboxylate synthase";"ALDH18A1";5;8;0,000276939652979028;3;3;4;4;NA;NA;"cytoplasm, mitochondrial inner membrane, mitochondrion";0,000580720092915215
"719";719;"P56378";"P56378";"68MP_HUMAN";"6.8 kDa mitochondrial proteolipid";"MP68";2;2;0,00094899579361348;2;NA;2;NA;0,00259087523244287;NA;"integral component of membrane, mitochondrial proton-transporting ATP synthase complex";0,000145180023228804
"723";723;"P57740";"P57740";"NU107_HUMAN";"Nuclear pore complex protein Nup107";"NUP107";3;3;8,92569016695922e-05;3;NA;3;NA;0,000243682319159491;NA;"centrosome, condensed chromosome kinetochore, nuclear periphery, nuclear envelope, nuclear pore outer ring, nucleus, cytosol, nuclear membrane, nuclear pore";0,000217770034843206
"728";728;"P60468";"P60468";"SC61B_HUMAN";"Protein transport protein Sec61 subunit beta";"SEC61B";1;1;0,000286675812654072;NA;1;NA;1;NA;0,000767282726841304;"endoplasmic reticulum, membrane, integral component of membrane, endoplasmic reticulum Sec complex";7,25900116144019e-05
"780";780;"P62841";"P62841";"RS15_HUMAN";"40S ribosomal protein S15";"RPS15";4;7;0,00132859411105887;2;3;3;4;0,00155452513946572;0,00203197632487628;"cytosol, cytosolic small ribosomal subunit, nucleus, nucleoplasm, membrane";0,000508130081300813
"827";827;"P82970";"P82970";"HMGN5_HUMAN";"High mobility group nucleosome-binding domain-containing protein 5";"HMGN5";3;3;0,000292775298029691;NA;3;NA;3;NA;0,000783607891242183;"chromatin, intracellular membrane-bounded organelle, nucleoplasm, nucleolus, nucleus";0,000217770034843206
"828";828;"P82979";"P82979";"SARNP_HUMAN";"SAP domain-containing ribonucleoprotein";"SARNP";2;2;0,000262103600140866;NA;2;NA;2;NA;0,000701515635969192;"nuclear speck, intracellular membrane-bounded organelle, transcription export complex, nucleus";0,000145180023228804
"830";830;"P83436";"P83436";"COG7_HUMAN";"Conserved oligomeric Golgi complex subunit 7";"COG7";2;3;0,000107224200057627;NA;2;NA;3;NA;0,000286983669260124;"Golgi membrane, Golgi apparatus, Golgi transport complex";0,000217770034843206
"842";842;"P98194";"P98194-6";"AT2C1_HUMAN";"Calcium-transporting ATPase type 2C member 1";"ATP2C1";1;1;4,9910914063821e-05;1;0;1;0;NA;NA;"Golgi membrane, trans-Golgi network, integral component of membrane, Golgi apparatus";7,25900116144019e-05
"843";843;"P98194";"P98194-3";"AT2C1_HUMAN";"Calcium-transporting ATPase type 2C member 1";"ATP2C1";1;2;9,9821828127642e-05;1;1;1;1;NA;NA;"Golgi membrane, trans-Golgi network, integral component of membrane, Golgi apparatus";0,000145180023228804
"845";845;"P99999";"P99999";"CYC_HUMAN";"Cytochrome c";"CYCS";2;2;0,000524207200281732;2;NA;2;NA;0,00143115012839701;NA;"respiratory chain, protein phosphatase type 2A complex, mitochondrion, mitochondrial inner membrane, nucleus, cytosol, mitochondrial intermembrane space";0,000145180023228804
"849";849;"Q00688";"Q00688";"FKBP3_HUMAN";"Peptidyl-prolyl cis-trans isomerase FKBP3";"FKBP3";3;4;0,000491444250264123;2;2;2;2;0,000670851622686099;0,000657670908721118;"nucleus, endoplasmic reticulum membrane";0,000290360046457607
"867";867;"Q02218";"Q02218-2";"ODO1_HUMAN";"2-oxoglutarate dehydrogenase, mitochondrial";"OGDH";0;0;0;0;0;0;0;NA;NA;"mitochondrial membrane, mitochondrion, oxoglutarate dehydrogenase complex, mitochondrial matrix";0
"870";870;"Q02338";"Q02338";"BDH_HUMAN";"D-beta-hydroxybutyrate dehydrogenase, mitochondrial";"BDH1";5;8;0,000641886367691916;3;4;3;5;0,000657160773243526;0,00107374842240183;"mitochondrion, mitochondrial matrix, mitochondrial inner membrane, nucleus";0,000580720092915215
"880";880;"Q04671";"Q04671-1";"P_HUMAN";"P protein";"OCA2";2;2;6,56822864314819e-05;NA;2;NA;2;NA;NA;"lysosomal membrane, endoplasmic reticulum membrane, cytoplasm, endosome membrane, integral component of membrane, melanosome membrane";0,000145180023228804
"898";898;"Q07666";"Q07666-2";"KHDR1_HUMAN";"KH domain-containing, RNA-binding, signal transduction-associated protein 1";"KHDRBS1";5;9;0,00055911490323503;5;3;5;4;NA;NA;"cytoplasm, membrane, nucleus, Grb2-Sos complex";0,000653310104529617
"901";901;"Q08211";"Q08211-1";"DHX9_HUMAN";"ATP-dependent RNA helicase A";"DHX9";24;52;0,00112683909981821;23;18;28;24;NA;NA;"cytosol, nucleolus, ribonucleoprotein complex, centrosome, cytoplasm, nucleoplasm, CRD-mediated mRNA stability complex, nucleus, membrane";0,0037746806039489
"910";910;"Q10567";"Q10567-2";"AP1B1_HUMAN";"AP-1 complex subunit beta-1";"AP1B1";1;1;8,6999614377632e-05;0;1;0;1;NA;NA;"clathrin adaptor complex, clathrin-coated vesicle membrane, cytosol, trans-Golgi network membrane, lysosomal membrane, Golgi membrane, cytoplasmic vesicle membrane";7,25900116144019e-05
"911";911;"Q10567";"Q10567-1";"AP1B1_HUMAN";"AP-1 complex subunit beta-1";"AP1B1";1;1;8,6999614377632e-05;0;1;0;1;NA;NA;"clathrin adaptor complex, clathrin-coated vesicle membrane, cytosol, trans-Golgi network membrane, lysosomal membrane, Golgi membrane, cytoplasmic vesicle membrane";7,25900116144019e-05
"947";947;"Q13423";"Q13423";"NNTM_HUMAN";"NAD(P) transhydrogenase, mitochondrial";"NNT";5;5;0,000126707541504562;3;2;3;2;0,0002075563031515;0,000135652194800673;"mitochondrion, mitochondrial respiratory chain, integral component of membrane, mitochondrial inner membrane";0,000362950058072009
"952";952;"Q13439";"Q13439-3";"GOGA4_HUMAN";"Golgin subfamily A member 4";"GOLGA4";7;7;8,63884063244558e-05;7;NA;7;NA;NA;NA;"Golgi apparatus, nucleus, cytoplasm, intracellular membrane-bounded organelle, trans-Golgi network, Golgi membrane";0,000508130081300813
"966";966;"Q13895";"Q13895";"BYST_HUMAN";"Bystin";"BYSL";3;3;0,000188930512687352;3;NA;3;NA;0,000515803535978328;NA;"cytoplasm, nucleolus, apical part of cell, nucleus, intracellular membrane-bounded organelle";0,000217770034843206
"975";975;"Q14151";"Q14151";"SAFB2_HUMAN";"Scaffold attachment factor B2";"SAFB2";2;3;0,000148516205746136;2;1;2;1;0,000270311671680443;0,000132500329983688;"cytoplasm, nucleus, intracellular membrane-bounded organelle";0,000217770034843206
"981";981;"Q14318";"Q14318-1,Q14318-2";"FKBP8_HUMAN";"Peptidyl-prolyl cis-trans isomerase FKBP8";"FKBP8";2;3;0,000100197371413074;2;1;2;1;NA;NA;"endoplasmic reticulum membrane, integral component of membrane, mitochondrial membrane";0,000217770034843206
"984";984;"Q14494";"Q14494-2";"NF2L1_HUMAN";"Nuclear factor erythroid 2-related factor 1";"NFE2L1";1;1;5,34732085779616e-05;NA;1;NA;1;NA;NA;"nucleus, endoplasmic reticulum membrane, integral component of membrane";7,25900116144019e-05
"991";991;"Q14643";"Q14643-4";"ITPR1_HUMAN";"Inositol 1,4,5-trisphosphate receptor type 1";"ITPR1";4;4;3,99142538285583e-05;NA;4;NA;4;NA;NA;"postsynaptic density, platelet dense tubular network membrane, platelet dense tubular network, nuclear inner membrane, endoplasmic reticulum, calcineurin complex, integral component of membrane, nucleolus, endoplasmic reticulum membrane, platelet dense granule membrane, sarcoplasmic reticulum";0,000290360046457607
"995";995;"Q14739";"Q14739";"LBR_HUMAN";"Lamin-B receptor";"LBR";5;7;0,00031324576602201;NA;5;NA;7;NA;0,000838396735670498;"mitochondrion, integral component of nuclear inner membrane, nuclear membrane, integral component of membrane, nuclear envelope";0,000508130081300813
"1001";1001;"Q14980";"Q14980-3";"NUMA1_HUMAN";"Nuclear mitotic apparatus protein 1";"NUMA1";2;2;5,2048941871945e-05;NA;2;NA;2;NA;NA;"spindle, dendrite, nuclear matrix, neuronal cell body, spindle microtubule, cytosol, apical part of cell, cytoplasm, chromosome, Golgi membrane, nucleus, nucleoplasm, spindle pole";0,000145180023228804
"1002";1002;"Q14980";"Q14980-4";"NUMA1_HUMAN";"Nuclear mitotic apparatus protein 1";"NUMA1";1;1;2,60244709359725e-05;NA;1;NA;1;NA;NA;"spindle, dendrite, nuclear matrix, neuronal cell body, spindle microtubule, cytosol, apical part of cell, cytoplasm, chromosome, Golgi membrane, nucleus, nucleoplasm, spindle pole";7,25900116144019e-05
"1004";1004;"Q14C86";"Q14C86-6";"GAPD1_HUMAN";"GTPase-activating protein and VPS9 domain-containing protein 1";"GAPVD1";1;1;2,79305257254306e-05;NA;1;NA;1;NA;NA;"membrane, cytosol, endosome";7,25900116144019e-05
"1005";1005;"Q14C86";"Q14C86-5";"GAPD1_HUMAN";"GTPase-activating protein and VPS9 domain-containing protein 1";"GAPVD1";1;1;2,79305257254306e-05;NA;1;NA;1;NA;NA;"membrane, cytosol, endosome";7,25900116144019e-05
"1006";1006;"Q15005";"Q15005";"SPCS2_HUMAN";"Signal peptidase complex subunit 2";"SPCS2";3;5;0,000608868982628118;3;2;3;2;0,000997372323993492;0,000651850812183763;"endoplasmic reticulum membrane, signal peptidase complex, integral component of membrane";0,000362950058072009
"1023";1023;"Q15363";"Q15363";"TMED2_HUMAN";"Transmembrane emp24 domain-containing protein 2";"TMED2";2;4;0,000547679164473451;2;2;2;2;0,000747615738714857;0,00073292678384841;"intracellular membrane-bounded organelle, COPI-coated vesicle, endoplasmic reticulum-Golgi intermediate compartment membrane, Golgi cisterna membrane, integral component of membrane, COPI-coated vesicle membrane, endoplasmic reticulum, zymogen granule membrane, endoplasmic reticulum-Golgi intermediate compartment, Golgi apparatus, endoplasmic reticulum membrane";0,000290360046457607
"1029";1029;"Q15392";"Q15392";"DHC24_HUMAN";"Delta(24)-sterol reductase";"DHCR24";2;2;0,000106670069824771;NA;2;NA;2;NA;0,000285500549522346;"cytosol, cytoskeleton, integral component of membrane, endoplasmic reticulum, endoplasmic reticulum membrane, nucleus, Golgi membrane";0,000145180023228804
"1031";1031;"Q15413";"Q15413-1";"RYR3_HUMAN";"Ryanodine receptor 3";"RYR3";6;6;3,39066258909128e-05;6;NA;6;NA;NA;NA;"junctional membrane complex, sarcoplasmic reticulum membrane, perinuclear region of cytoplasm, integral component of membrane";0,000435540069686411
"1032";1032;"Q15413";"Q15413-2";"RYR3_HUMAN";"Ryanodine receptor 3";"RYR3";3;3;1,69533129454564e-05;NA;3;NA;3;NA;NA;"junctional membrane complex, sarcoplasmic reticulum membrane, perinuclear region of cytoplasm, integral component of membrane";0,000217770034843206
"1041";1041;"Q15771";"Q15771";"RAB30_HUMAN";"Ras-related protein Rab-30";"RAB30";1;1;0,000203356241488603;0;1;0;1;NA;0,000544279372734718;"Golgi cisterna, trans-Golgi network, membrane, cis-Golgi network, Golgi stack";7,25900116144019e-05
"1056";1056;"Q16836";"Q16836-1,Q16836-2";"HCDH_HUMAN";"Hydroxyacyl-coenzyme A dehydrogenase, mitochondrial";"HADH";4;9;0,00043384823622043;4;3;6;3;NA;NA;"mitochondrial matrix, mitochondrial inner membrane, cytoplasm, mitochondrion, nucleus";0,000653310104529617
"1059";1059;"Q16891";"Q16891-1,Q16891-2";"IMMT_HUMAN";"Mitochondrial inner membrane protein";"IMMT";4;4;7,26144538648837e-05;4;NA;4;NA;NA;NA;"mitochondrion, integral component of membrane, mitochondrial inner membrane";0,000290360046457607
"1084";1084;"Q3ZCQ8";"Q3ZCQ8-2";"TIM50_HUMAN";"Mitochondrial import inner membrane translocase subunit TIM50";"TIMM50";4;6;0,000467776963424208;2;4;2;4;NA;NA;"mitochondrion, nuclear speck, mitochondrial inner membrane, mitochondrial inner membrane presequence translocase complex, integral component of membrane";0,000435540069686411
"1089";1089;"Q4ADV7";"Q4ADV7-3";"RIC1_HUMAN";"Protein RIC1 homolog";"KIAA1432";2;2;3,86800815387082e-05;NA;2;NA;2;NA;NA;"integral component of membrane";0,000145180023228804
"1113";1113;"Q5T2E6";"Q5T2E6-2";"CJ076_HUMAN";"UPF0668 protein C10orf76";"C10orf76";2;2;7,9886438359335e-05;NA;2;NA;2;NA;NA;"integral component of membrane";0,000145180023228804
"1114";1114;"Q5T4S7";"Q5T4S7-1";"UBR4_HUMAN";"E3 ubiquitin-protein ligase UBR4";"UBR4";1;1;7,43376986700893e-06;NA;1;NA;1;NA;NA;"integral component of membrane, cytoplasm, centrosome, nucleus";7,25900116144019e-05
"1115";1115;"Q5T4S7";"Q5T4S7-4";"UBR4_HUMAN";"E3 ubiquitin-protein ligase UBR4";"UBR4";3;3;2,23013096010268e-05;NA;3;NA;3;NA;NA;"integral component of membrane, cytoplasm, centrosome, nucleus";0,000217770034843206
"1116";1116;"Q5T4S7";"Q5T4S7-2";"UBR4_HUMAN";"E3 ubiquitin-protein ligase UBR4";"UBR4";1;1;7,43376986700893e-06;NA;1;NA;1;NA;NA;"integral component of membrane, cytoplasm, centrosome, nucleus";7,25900116144019e-05
"1124";1124;"Q5VIR6";"Q5VIR6-4";"VPS53_HUMAN";"Vacuolar protein sorting-associated protein 53 homolog";"VPS53";2;2;7,87435708577709e-05;NA;2;NA;2;NA;NA;"GARP complex, endosome membrane";0,000145180023228804
"1132";1132;"Q5VYP0";"Q5VYP0";"S31A3_HUMAN";"Spermatogenesis-associated protein 31A3";"SPATA31A3";1;1;2,04312383183303e-05;NA;1;NA;1;NA;5,46838469018301e-05;"integral component of membrane";7,25900116144019e-05
"1138";1138;"Q66K14";"Q66K14-2";"TBC9B_HUMAN";"TBC1 domain family member 9B";"TBC1D9B";3;3;6,60501072354982e-05;NA;3;NA;3;NA;NA;"integral component of membrane";0,000217770034843206
"1150";1150;"Q6P4H8";"Q6P4H8-1";"F173B_HUMAN";"Protein FAM173B";"FAM173B";2;2;0,000236230712573313;NA;2;NA;2;NA;NA;"integral component of membrane";0,000145180023228804
"1155";1155;"Q6QHC5";"Q6QHC5";"DEGS2_HUMAN";"Sphingolipid delta(4)-desaturase/C4-hydroxylase DES2";"DEGS2";2;2;0,000170407913404278;NA;2;NA;2;NA;0,000456093757131673;"endoplasmic reticulum membrane, integral component of membrane";0,000145180023228804
"1166";1166;"Q6ZNL6";"Q6ZNL6-1";"FGD5_HUMAN";"FYVE, RhoGEF and PH domain-containing protein 5";"FGD5";2;2;3,76482599381545e-05;NA;2;NA;2;NA;NA;"ruffle membrane, cytoskeleton, ruffle, lamellipodium, cytoplasm, early endosome, Golgi apparatus, endoplasmic reticulum";0,000145180023228804
"1170";1170;"Q6ZS81";"Q6ZS81-4";"WDFY4_HUMAN";"WD repeat- and FYVE domain-containing protein 4";"WDFY4";3;3;2,59304755164487e-05;NA;3;NA;3;NA;NA;"integral component of membrane";0,000217770034843206
"1171";1171;"Q6ZS81";"Q6ZS81-5";"WDFY4_HUMAN";"WD repeat- and FYVE domain-containing protein 4";"WDFY4";2;2;1,72869836776325e-05;2;NA;2;NA;NA;NA;"integral component of membrane";0,000145180023228804
"1178";1178;"Q75T13";"Q75T13-2";"PGAP1_HUMAN";"GPI inositol-deacylase";"PGAP1";1;1;4,47736627138681e-05;NA;1;NA;1;NA;NA;"endoplasmic reticulum membrane, integral component of membrane, endoplasmic reticulum";7,25900116144019e-05
"1183";1183;"Q7L5N7";"Q7L5N7-1";"PCAT2_HUMAN";"Lysophosphatidylcholine acyltransferase 2";"LPCAT2";2;2;0,00010117969858379;NA;2;NA;2;NA;NA;"endoplasmic reticulum, lipid particle, endoplasmic reticulum membrane, Golgi membrane, integral component of membrane, Golgi stack";0,000145180023228804
"1184";1184;"Q7LGA3";"Q7LGA3-2";"HS2ST_HUMAN";"Heparan sulfate 2-O-sulfotransferase 1";"HS2ST1";2;2;0,000154611674240398;NA;2;NA;2;NA;NA;"Golgi membrane, integral component of membrane";0,000145180023228804
"1195";1195;"Q7Z5K2";"Q7Z5K2-2";"WAPL_HUMAN";"Wings apart-like protein homolog";"WAPAL";1;1;6,93803647431704e-05;NA;1;NA;1;NA;NA;"nucleoplasm, chromosome, chromosome, centromeric region, cytoplasm, intracellular membrane-bounded organelle, chromatin, cohesin complex, microtubule cytoskeleton, synaptonemal complex, nucleus, cytosol";7,25900116144019e-05
"1196";1196;"Q7Z5K2";"Q7Z5K2-1";"WAPL_HUMAN";"Wings apart-like protein homolog";"WAPAL";0;0;0;NA;0;NA;0;NA;NA;"nucleoplasm, chromosome, chromosome, centromeric region, cytoplasm, intracellular membrane-bounded organelle, chromatin, cohesin complex, microtubule cytoskeleton, synaptonemal complex, nucleus, cytosol";0
"1208";1208;"Q86UQ4";"Q86UQ4-3";"ABCAD_HUMAN";"ATP-binding cassette sub-family A member 13";"ABCA13";2;2;1,08821186298106e-05;NA;2;NA;2;NA;NA;"integral component of membrane";0,000145180023228804
"1209";1209;"Q86UW7";"Q86UW7-3";"CAPS2_HUMAN";"Calcium-dependent secretion activator 2";"CADPS2";2;2;4,24704907635662e-05;NA;2;NA;2;NA;NA;"cell junction, cytoplasmic vesicle membrane, presynaptic membrane, postsynaptic membrane";0,000145180023228804
"1223";1223;"Q86YA3";"Q86YA3-1,Q86YA3-2";"CD021_HUMAN";"Uncharacterized protein C4orf21";"C4orf21";1;1;1,30802652161554e-05;NA;1;NA;1;NA;NA;"integral component of membrane";7,25900116144019e-05
"1226";1226;"Q8IUA7";"Q8IUA7-1";"ABCA9_HUMAN";"ATP-binding cassette sub-family A member 9";"ABCA9";6;7;0,000118624474201685;NA;6;NA;7;NA;NA;"integral component of membrane, mitochondrion";0,000508130081300813
"1235";1235;"Q8IWX8";"Q8IWX8";"CHERP_HUMAN";"Calcium homeostasis endoplasmic reticulum protein";"CHERP";2;7;0,000210312386575913;2;2;3;4;0,000246076577753853;0,000321655640946573;"perinuclear region of cytoplasm, cytoplasm, sarcoplasmic reticulum membrane";0,000508130081300813
"1238";1238;"Q8IXK2";"Q8IXK2-1,Q8IXK2-2";"GLT12_HUMAN";"Polypeptide N-acetylgalactosaminyltransferase 12";"GALNT12";2;2;4,73681205073854e-05;NA;2;NA;2;NA;NA;"integral component of membrane, Golgi membrane";0,000145180023228804
"1250";1250;"Q8N201";"Q8N201";"INT1_HUMAN";"Integrator complex subunit 1";"INTS1";6;6;7,53996657939477e-05;3;3;3;3;0,000102925180466908;0,000100902933940774;"integrator complex, integral component of membrane, nuclear membrane";0,000435540069686411
"1254";1254;"Q8N3I7";"Q8N3I7-1,Q8N3I7-2";"BBS5_HUMAN";"Bardet-Biedl syndrome 5 protein";"BBS5";2;3;0,000121059580710224;NA;2;NA;3;NA;NA;"BBSome, ciliary membrane, ciliary basal body, cytoplasm, intracellular";0,000217770034843206
"1257";1257;"Q8N5K1";"Q8N5K1";"CISD2_HUMAN";"CDGSH iron-sulfur domain-containing protein 2";"CISD2";1;1;0,000203858355665118;NA;1;NA;1;NA;0,000545623272420483;"mitochondrial outer membrane, protein complex, endoplasmic reticulum membrane, integral component of membrane, endoplasmic reticulum";7,25900116144019e-05
"1258";1258;"Q8N5M9";"Q8N5M9";"JAGN1_HUMAN";"Protein jagunal homolog 1";"JAGN1";1;1;0,000150387311556235;NA;1;NA;1;NA;0,000402508971457733;"integral component of membrane, endoplasmic reticulum membrane";7,25900116144019e-05
"1263";1263;"Q8NB59";"Q8NB59-5";"SYT14_HUMAN";"Synaptotagmin-14";"SYT14";2;2;9,91743351884357e-05;NA;2;NA;2;NA;NA;"integral component of membrane";0,000145180023228804
"1272";1272;"Q8NF37";"Q8NF37";"PCAT1_HUMAN";"Lysophosphatidylcholine acyltransferase 1";"LPCAT1";1;2;0,000103074449493599;NA;1;NA;2;NA;0,000275876935493503;"lipid particle, endoplasmic reticulum membrane, Golgi apparatus, endoplasmic reticulum, Golgi membrane, integral component of membrane";0,000145180023228804
"1275";1275;"Q8NF91";"Q8NF91-8";"SYNE1_HUMAN";"Nesprin-1";"SYNE1";2;2;7,15071774852879e-06;NA;2;NA;2;NA;NA;"cytoskeleton, integral component of membrane, sarcomere, nucleus, SUN-KASH complex, Golgi apparatus, nuclear envelope, postsynaptic membrane, cytoplasm, nuclear outer membrane, nuclear membrane";0,000145180023228804
"1276";1276;"Q8NF91";"Q8NF91-2";"SYNE1_HUMAN";"Nesprin-1";"SYNE1";3;5;1,7876794371322e-05;3;2;3;2;NA;NA;"cytoskeleton, integral component of membrane, sarcomere, nucleus, SUN-KASH complex, Golgi apparatus, nuclear envelope, postsynaptic membrane, cytoplasm, nuclear outer membrane, nuclear membrane";0,000362950058072009
"1277";1277;"Q8NFA0";"Q8NFA0";"UBP32_HUMAN";"Ubiquitin carboxyl-terminal hydrolase 32";"USP32";1;1;2,85960910378127e-05;1;0;1;0;7,02637609795914e-05;NA;"membrane, Golgi apparatus";7,25900116144019e-05
"1285";1285;"Q8TB61";"Q8TB61-2";"S35B2_HUMAN";"Adenosine 3'-phospho 5'-phosphosulfate transporter 1";"SLC35B2";2;2;0,000127411472290699;2;NA;2;NA;NA;NA;"Golgi apparatus, integral component of membrane, Golgi membrane, membrane";0,000145180023228804
"1291";1291;"Q8TDI7";"Q8TDI7-1";"TMC2_HUMAN";"Transmembrane channel-like protein 2";"TMC2";3;3;9,11287351483143e-05;NA;3;NA;3;NA;NA;"stereocilium bundle tip, integral component of membrane";0,000217770034843206
"1308";1308;"Q8WWM7";"Q8WWM7-3";"ATX2L_HUMAN";"Ataxin-2-like protein";"ATXN2L";1;1;4,26680279299084e-05;1;NA;1;NA;NA;NA;"membrane, nuclear speck, cytoplasmic stress granule, cytoplasm";7,25900116144019e-05
"1309";1309;"Q8WWM7";"Q8WWM7-6";"ATX2L_HUMAN";"Ataxin-2-like protein";"ATXN2L";2;2;8,53360558598168e-05;2;NA;2;NA;NA;NA;"membrane, nuclear speck, cytoplasmic stress granule, cytoplasm";0,000145180023228804
"1312";1312;"Q8WXH0";"Q8WXH0-4";"SYNE2_HUMAN";"Nesprin-2";"SYNE2";1;1;4,44135851122261e-06;NA;1;NA;1;NA;NA;"nuclear outer membrane, SUN-KASH complex, cytoplasm, nuclear lumen, sarcoplasmic reticulum membrane, focal adhesion, integral component of membrane, filopodium membrane, aggresome, nuclear envelope, sarcoplasmic reticulum, intermediate filament cytoskeleton, nucleus, nuclear membrane, Z disc, mitochondrion, lamellipodium membrane, nucleoplasm";7,25900116144019e-05
"1313";1313;"Q8WXH0";"Q8WXH0-2";"SYNE2_HUMAN";"Nesprin-2";"SYNE2";4;5;2,72826308546532e-05;2;3;2;3;NA;NA;"nuclear outer membrane, SUN-KASH complex, cytoplasm, nuclear lumen, sarcoplasmic reticulum membrane, focal adhesion, integral component of membrane, filopodium membrane, aggresome, nuclear envelope, sarcoplasmic reticulum, intermediate filament cytoskeleton, nucleus, nuclear membrane, Z disc, mitochondrion, lamellipodium membrane, nucleoplasm";0,000362950058072009
"1314";1314;"Q8WXH0";"Q8WXH0-7";"SYNE2_HUMAN";"Nesprin-2";"SYNE2";2;2;1,09130523418613e-05;0;2;0;2;NA;NA;"nuclear outer membrane, SUN-KASH complex, cytoplasm, nuclear lumen, sarcoplasmic reticulum membrane, focal adhesion, integral component of membrane, filopodium membrane, aggresome, nuclear envelope, sarcoplasmic reticulum, intermediate filament cytoskeleton, nucleus, nuclear membrane, Z disc, mitochondrion, lamellipodium membrane, nucleoplasm";0,000145180023228804
"1315";1315;"Q8WXH0";"Q8WXH0-3";"SYNE2_HUMAN";"Nesprin-2";"SYNE2";1;1;4,44135851122261e-06;NA;1;NA;1;NA;NA;"nuclear outer membrane, SUN-KASH complex, cytoplasm, nuclear lumen, sarcoplasmic reticulum membrane, focal adhesion, integral component of membrane, filopodium membrane, aggresome, nuclear envelope, sarcoplasmic reticulum, intermediate filament cytoskeleton, nucleus, nuclear membrane, Z disc, mitochondrion, lamellipodium membrane, nucleoplasm";7,25900116144019e-05
"1332";1332;"Q92523";"Q92523-4";"CPT1B_HUMAN";"Carnitine O-palmitoyltransferase 1, muscle isoform";"CPT1B";2;2;7,12976114372822e-05;NA;2;NA;2;NA;NA;"mitochondrion, integral component of membrane, mitochondrial outer membrane";0,000145180023228804
"1333";1333;"Q92538";"Q92538";"GBF1_HUMAN";"Golgi-specific brefeldin A-resistance guanine nucleotide exchange factor 1";"GBF1";2;2;3,01776499934605e-05;NA;2;NA;2;NA;8,20761973229152e-05;"Golgi stack, Golgi apparatus, trans-Golgi network, peroxisome, Golgi membrane, mitochondrion, cis-Golgi network, endoplasmic reticulum lumen";0,000145180023228804
"1334";1334;"Q92539";"Q92539";"LPIN2_HUMAN";"Phosphatidate phosphatase LPIN2";"LPIN2";3;3;9,21457969245232e-05;NA;3;NA;3;NA;0,000246626590770419;"endoplasmic reticulum membrane, cytosol, nucleus";0,000217770034843206
"1337";1337;"Q92574";"Q92574-1";"TSC1_HUMAN";"Hamartin";"TSC1";1;1;2,95542074901105e-05;NA;1;NA;1;NA;NA;"cell cortex, TSC1-TSC2 complex, membrane, growth cone, protein complex, lamellipodium, intracellular membrane-bounded organelle, cytosol, cytoplasm";7,25900116144019e-05
"1364";1364;"Q93084";"Q93084-6";"AT2A3_HUMAN";"Sarcoplasmic/endoplasmic reticulum calcium ATPase 3";"ATP2A3";2;2;9,96814586665485e-05;2;0;2;0;NA;NA;"sarcoplasmic reticulum, integral component of membrane, endoplasmic reticulum, platelet dense tubular network membrane, endoplasmic reticulum membrane, sarcoplasmic reticulum membrane, nuclear membrane";0,000145180023228804
"1365";1365;"Q93084";"Q93084-4";"AT2A3_HUMAN";"Sarcoplasmic/endoplasmic reticulum calcium ATPase 3";"ATP2A3";1;1;4,98407293332743e-05;0;1;0;1;NA;NA;"sarcoplasmic reticulum, integral component of membrane, endoplasmic reticulum, platelet dense tubular network membrane, endoplasmic reticulum membrane, sarcoplasmic reticulum membrane, nuclear membrane";7,25900116144019e-05
"1373";1373;"Q96AG4";"Q96AG4";"LRC59_HUMAN";"Leucine-rich repeat-containing protein 59";"LRRC59";5;9;0,000806800984146965;5;4;5;4;0,00122370328568148;0,000959728231619091;"mitochondrial nucleoid, nuclear envelope, integral component of membrane, endoplasmic reticulum membrane, endoplasmic reticulum";0,000653310104529617
"1382";1382;"Q96J65";"Q96J65-1";"MRP9_HUMAN";"Multidrug resistance-associated protein 9";"ABCC12";3;3;6,07524900988762e-05;3;NA;3;NA;NA;NA;"mitochondrion, integral component of membrane";0,000217770034843206
"1392";1392;"Q96N66";"Q96N66-1,Q96N66-2,Q96N66-3";"MBOA7_HUMAN";"Lysophospholipid acyltransferase 7";"MBOAT7";2;3;5,83069449465909e-05;2;NA;3;NA;NA;NA;"endoplasmic reticulum membrane, integral component of membrane";0,000217770034843206
"1393";1393;"Q96NN9";"Q96NN9-1";"AIFM3_HUMAN";"Apoptosis-inducing factor 3";"AIFM3";2;2;9,09781091398047e-05;2;NA;2;NA;NA;NA;"mitochondrial inner membrane, mitochondrion, endoplasmic reticulum";0,000145180023228804
"1396";1396;"Q96PQ1";"Q96PQ1-1";"SIG12_HUMAN";"Sialic acid-binding Ig-like lectin 12";"SIGLEC12";6;14;0,000647550070936257;6;6;8;6;NA;NA;"integral component of membrane";0,00101626016260163
"1403";1403;"Q96RQ3";"Q96RQ3";"MCCA_HUMAN";"Methylcrotonoyl-CoA carboxylase subunit alpha, mitochondrial";"MCCC1";13;27;0,00102491545710256;11;9;13;14;0,00134725512087029;0,0014223834274134;"mitochondrial inner membrane, mitochondrion, cytosol, mitochondrial matrix";0,00195993031358885
"1406";1406;"Q96RV3";"Q96RV3-1,Q96RV3-3";"PCX1_HUMAN";"Pecanex-like protein 1";"PCNX";2;2;1,17560350340841e-05;NA;2;NA;2;NA;NA;"integral component of membrane";0,000145180023228804
"1413";1413;"Q99442";"Q99442";"SEC62_HUMAN";"Translocation protein SEC62";"SEC62";3;6;0,000413847789696104;2;3;2;4;0,000376618454841319;0,000738437511546518;"integral component of membrane, endoplasmic reticulum, rough endoplasmic reticulum, membrane, endoplasmic reticulum membrane";0,000435540069686411
"1426";1426;"Q99961";"Q99961";"SH3G1_HUMAN";"Endophilin-A2";"SH3GL1";2;2;0,00014956998921082;NA;2;NA;2;NA;0,000400321422699811;"podosome, cell junction, cell projection, cytoplasm, early endosome membrane";0,000145180023228804
"1427";1427;"Q99996";"Q99996-3";"AKAP9_HUMAN";"A-kinase anchor protein 9";"AKAP9";2;2;1,53529920818898e-05;NA;2;NA;2;NA;NA;"pericentriolar material, Golgi apparatus, cytoskeleton, cytosol, voltage-gated potassium channel complex, centrosome, intracellular membrane-bounded organelle";0,000145180023228804
"1428";1428;"Q9BPW8";"Q9BPW8";"NIPS1_HUMAN";"Protein NipSnap homolog 1";"NIPSNAP1";2;3;0,000290713500156242;2;NA;3;NA;0,000793683609938483;NA;"mitochondrial inner membrane, synaptic membrane, mitochondrion";0,000217770034843206
"1433";1433;"Q9BQG0";"Q9BQG0-1";"MBB1A_HUMAN";"Myb-binding protein 1A";"MYBBP1A";3;5;0,000103617763609906;3;2;3;2;NA;NA;"nucleus, nucleolus, intracellular membrane-bounded organelle, NLS-dependent protein nuclear import complex, cytoplasm, membrane";0,000362950058072009
"1434";1434;"Q9BRC7";"Q9BRC7-1";"PLCD4_HUMAN";"1-phosphatidylinositol 4,5-bisphosphate phosphodiesterase delta-4";"PLCD4";2;2;7,22332756293725e-05;NA;2;NA;2;NA;NA;"nucleus, endoplasmic reticulum, membrane";0,000145180023228804
"1437";1437;"Q9BSJ8";"Q9BSJ8-2";"ESYT1_HUMAN";"Extended synaptotagmin-1";"ESYT1";3;3;7,47849946054101e-05;NA;3;NA;3;NA;NA;"integral component of endoplasmic reticulum membrane";0,000217770034843206
"1438";1438;"Q9BTC8";"Q9BTC8-1,Q9BTC8-2";"MTA3_HUMAN";"Metastasis-associated protein MTA3";"MTA3";2;2;4,6331444469345e-05;NA;2;NA;2;NA;NA;"NuRD complex, intracellular membrane-bounded organelle, cytoplasm, cohesin complex, nucleus";0,000145180023228804
"1439";1439;"Q9BTT0";"Q9BTT0";"AN32E_HUMAN";"Acidic leucine-rich nuclear phosphoprotein 32 family member E";"ANP32E";3;5;0,00051344921669386;3;2;3;2;0,000841067706054214;0,000549695087886307;"cytoplasmic membrane-bounded vesicle, nucleus, Swr1 complex";0,000362950058072009
"1452";1452;"Q9BW27";"Q9BW27";"NUP85_HUMAN";"Nuclear pore complex protein Nup85";"NUP85";3;4;0,000167810231797506;2;2;2;2;0,000229071285795253;0,000224570554197455;"nuclear membrane, cytosol, nuclear pore outer ring, condensed chromosome kinetochore, spindle, nuclear envelope";0,000290360046457607
"1466";1466;"Q9BYG0";"Q9BYG0";"B3GN5_HUMAN";"Lactosylceramide 1,3-N-acetyl-beta-D-glucosaminyltransferase";"B3GNT5";2;6;0,00043683933356811;2;NA;6;NA;0,00119262510699751;NA;"integral component of membrane, intracellular, Golgi membrane";0,000435540069686411
"1472";1472;"Q9C0D5";"Q9C0D5-1";"TANC1_HUMAN";"Protein TANC1";"TANC1";3;3;4,43646609588247e-05;NA;3;NA;3;NA;NA;"cell junction, dendrite, neuronal cell body, axon terminus, postsynaptic density, postsynaptic membrane";0,000217770034843206
"1476";1476;"Q9H1N7";"Q9H1N7-2";"S35B3_HUMAN";"Adenosine 3'-phospho 5'-phosphosulfate transporter 2";"SLC35B3";1;1;6,86306184907504e-05;NA;1;NA;1;NA;NA;"integral component of membrane, Golgi membrane, mitochondrion";7,25900116144019e-05
"1480";1480;"Q9H3N1";"Q9H3N1";"TMX1_HUMAN";"Thioredoxin-related transmembrane protein 1";"TMX1";2;2;0,000196577700105649;NA;2;NA;2;NA;0,000526136726976894;"endoplasmic reticulum, endoplasmic reticulum membrane, integral component of membrane, nucleolus";0,000145180023228804
"1486";1486;"Q9H5I5";"Q9H5I5-2";"PIEZ2_HUMAN";"Piezo-type mechanosensitive ion channel component 2";"PIEZO2";3;3;3,00009571382168e-05;3;NA;3;NA;NA;NA;"integral component of membrane";0,000217770034843206
"1490";1490;"Q9H9B4";"Q9H9B4";"SFXN1_HUMAN";"Sideroflexin-1";"SFXN1";7;9;0,000769217087369932;5;4;5;4;0,00116669847423669;0,000915020394742425;"integral component of membrane, mitochondrial inner membrane";0,000653310104529617
"1491";1491;"Q9HAP2";"Q9HAP2-1";"MLXIP_HUMAN";"MLX-interacting protein";"MLXIP";2;2;5,98930968765852e-05;2;NA;2;NA;NA;NA;"nucleus, mitochondrial outer membrane";0,000145180023228804
"1493";1493;"Q9HC07";"Q9HC07";"TM165_HUMAN";"Transmembrane protein 165";"TMEM165";2;2;0,000169881963054265;NA;2;NA;2;NA;0,000454686060350402;"lysosomal membrane, late endosome membrane, Golgi apparatus, intracellular membrane-bounded organelle, endosome membrane, integral component of membrane, early endosome membrane, trans-Golgi network membrane, Golgi membrane";0,000145180023228804
"1498";1498;"Q9HD20";"Q9HD20-2";"AT131_HUMAN";"Probable cation-transporting ATPase 13A1";"ATP13A1";2;2;4,57157442106161e-05;NA;2;NA;2;NA;NA;"integral component of membrane";0,000145180023228804
"1501";1501;"Q9NP80";"Q9NP80-1";"PLPL8_HUMAN";"Calcium-independent phospholipase A2-gamma";"PNPLA8";2;2;7,03858772756801e-05;NA;2;NA;2;NA;NA;"peroxisome, Golgi membrane, perinuclear region of cytoplasm, intracellular, membrane, integral component of membrane, peroxisomal membrane, endoplasmic reticulum membrane";0,000145180023228804
"1508";1508;"Q9NR30";"Q9NR30-1";"DDX21_HUMAN";"Nucleolar RNA helicase 2";"DDX21";16;26;0,000913847801257425;12;12;13;13;NA;NA;"nucleolus, membrane, nucleus";0,00188734030197445
"1510";1510;"Q9NRA8";"Q9NRA8-1";"4ET_HUMAN";"Eukaryotic translation initiation factor 4E transporter";"EIF4ENIF1";2;2;5,58799553599816e-05;NA;2;NA;2;NA;NA;"nucleus, nuclear speck, intracellular membrane-bounded organelle, cytoplasm, PML body, cytosol";0,000145180023228804
"1524";1524;"Q9NUT2";"Q9NUT2-1";"ABCB8_HUMAN";"ATP-binding cassette sub-family B member 8, mitochondrial";"ABCB8";2;2;7,48867428973902e-05;NA;2;NA;2;NA;NA;"nucleolus, integral component of membrane, nucleus, mitochondrion, ATP-binding cassette (ABC) transporter complex, mitochondrial inner membrane, mitochondrial envelope, membrane";0,000145180023228804
"1525";1525;"Q9NV96";"Q9NV96-1";"CC50A_HUMAN";"Cell cycle control protein 50A";"TMEM30A";4;7;0,000533645834081818;3;4;3;4;NA;NA;"endoplasmic reticulum, integral component of membrane";0,000508130081300813
"1526";1526;"Q9NVI7";"Q9NVI7-3";"ATD3A_HUMAN";"ATPase family AAA domain-containing protein 3A";"ATAD3A";2;2;8,68166498889303e-05;NA;2;NA;2;NA;NA;"integral component of membrane, mitochondrion, mitochondrial inner membrane, mitochondrial nucleoid";0,000145180023228804
"1539";1539;"Q9NZ01";"Q9NZ01-1,Q9NZ01-2";"TECR_HUMAN";"Very-long-chain enoyl-CoA reductase";"TECR";2;2;8,93535000480224e-05;NA;2;NA;2;NA;NA;"nucleus, endoplasmic reticulum, integral component of endoplasmic reticulum membrane, endoplasmic reticulum membrane";0,000145180023228804
"1543";1543;"Q9P035";"Q9P035";"HACD3_HUMAN";"Very-long-chain (3R)-3-hydroxyacyl-[acyl-carrier protein] dehydratase 3";"PTPLAD1";1;2;0,000152049049805475;NA;1;NA;2;NA;0,000406956584402018;"integral component of membrane, endoplasmic reticulum membrane";0,000145180023228804
"1550";1550;"Q9P283";"Q9P283-2";"SEM5B_HUMAN";"Semaphorin-5B";"SEMA5B";2;2;6,37610843088118e-05;NA;2;NA;2;NA;NA;"integral component of membrane";0,000145180023228804
"1551";1551;"Q9P283";"Q9P283-4";"SEM5B_HUMAN";"Semaphorin-5B";"SEMA5B";1;1;3,18805421544059e-05;NA;1;NA;1;NA;NA;"integral component of membrane";7,25900116144019e-05
"1552";1552;"Q9P289";"Q9P289-1,Q9P289-2";"MST4_HUMAN";"Serine/threonine-protein kinase MST4";"MST4";3;3;9,92339351494865e-05;NA;3;NA;3;NA;NA;"cytoplasm, Golgi membrane, nucleus, centrosome, Golgi apparatus, cytosol";0,000217770034843206
"1553";1553;"Q9P2B2";"Q9P2B2";"FPRP_HUMAN";"Prostaglandin F2 receptor negative regulator";"PTGFRN";13;21;0,000657495379192957;10;10;11;10;0,000940260749885408;0,000837987961055349;"integral component of membrane, Golgi apparatus, endoplasmic reticulum membrane";0,00152439024390244
"1556";1556;"Q9P2P1";"Q9P2P1-1";"NYNRI_HUMAN";"Protein NYNRIN";"NYNRIN";2;3;4,3499807188816e-05;NA;2;NA;3;NA;NA;"integral component of membrane";0,000217770034843206
"1561";1561;"Q9UBG0";"Q9UBG0";"MRC2_HUMAN";"C-type mannose receptor 2";"MRC2";4;4;7,44310426363514e-05;2;2;2;2;0,000101602950291877;9,96066825919746e-05;"integral component of membrane, membrane";0,000290360046457607
"1577";1577;"Q9UKD2";"Q9UKD2";"MRT4_HUMAN";"mRNA turnover protein 4 homolog";"MRTO4";5;6;0,00069090070330019;3;3;3;3;0,000943121946537779;0,000924591737783664;"nuclear membrane, nucleus, nucleolus";0,000435540069686411
"1583";1583;"Q9ULC5";"Q9ULC5-1";"ACSL5_HUMAN";"Long-chain-fatty-acid--CoA ligase 5";"ACSL5";4;4;0,000161176445181792;NA;4;NA;4;NA;NA;"integral component of membrane, mitochondrial inner membrane, nucleolus, nucleus, mitochondrial outer membrane, endoplasmic reticulum, endoplasmic reticulum membrane, mitochondrion";0,000290360046457607
"1586";1586;"Q9ULF5";"Q9ULF5";"S39AA_HUMAN";"Zinc transporter ZIP10";"SLC39A10";11;19;0,000629237884814714;6;10;6;13;0,000542493730980817;0,00115230907713351;"integral component of membrane";0,00137921022067364
"1604";1604;"Q9UQE7";"Q9UQE7";"SMC3_HUMAN";"Structural maintenance of chromosomes protein 3";"SMC3";6;6;0,000135682225216718;NA;6;NA;6;NA;0,000363151068743296;"chromosome, cytosol, chromosome, centromeric region, nucleoplasm, spindle pole, meiotic cohesin complex, nucleus, cohesin complex, nuclear meiotic cohesin complex, cytoplasm, basement membrane, nuclear matrix, lateral element, chromatin";0,000435540069686411
"1640";1640;"Q9Y5L4";"Q9Y5L4";"TIM13_HUMAN";"Mitochondrial import inner membrane translocase subunit Tim13";"TIMM13";2;5;0,00144846726393636;2;2;3;2;0,00237269626550031;0,00155071877424769;"mitochondrial intermembrane space protein transporter complex, mitochondrial inner membrane, mitochondrion, nucleolus";0,000362950058072009
"1641";1641;"Q9Y5M8";"Q9Y5M8";"SRPRB_HUMAN";"Signal recognition particle receptor subunit beta";"SRPRB";5;11;0,00111708360945646;5;4;6;5;0,00166351398688213;0,00135902475602888;"membrane, cytoplasm, cytoplasmic microtubule, integral component of membrane, endoplasmic reticulum membrane";0,00079849012775842
"1644";1644;"Q9Y639";"Q9Y639-1,Q9Y639-2";"NPTN_HUMAN";"Neuroplastin";"NPTN";4;10;0,00034573967355265;4;3;6;4;NA;NA;"presynaptic membrane, integral component of membrane";0,000725900116144019
"1645";1645;"Q9Y6F6";"Q9Y6F6-4";"MRVI1_HUMAN";"Protein MRVI1";"MRVI1";3;3;9,32911119145455e-05;3;NA;3;NA;NA;NA;"sarcoplasmic reticulum, platelet dense tubular network membrane, perinuclear region of cytoplasm, endoplasmic reticulum membrane, integral component of membrane";0,000217770034843206
"1653";1653;"Q9Y6V0";"Q9Y6V0-6";"PCLO_HUMAN";"Protein piccolo";"PCLO";2;3;1,79306806414235e-05;NA;2;NA;3;NA;NA;"synaptic vesicle, cell junction, cytoskeleton, membrane, synapse";0,000217770034843206
"1654";1654;"Q9Y6V0";"Q9Y6V0-5";"PCLO_HUMAN";"Protein piccolo";"PCLO";2;5;3,37655674416416e-05;NA;2;NA;5;NA;NA;"synaptic vesicle, cell junction, cytoskeleton, membrane, synapse";0,000362950058072009
"1655";1655;"Q9Y6V0";"Q9Y6V0-1";"PCLO_HUMAN";"Protein piccolo";"PCLO";2;2;1,35062269766567e-05;NA;2;NA;2;NA;NA;"synaptic vesicle, cell junction, cytoskeleton, membrane, synapse";0,000145180023228804
