"";"X";"protein.acs";"protein.g";"ID";"Description";"Gene";"global.peptide.count";"global.spectra.count";"global.dNSAF";"peptide.count.P5746.3.id.csv";"peptide.count.P5746.4.id.csv";"spectra.count.P5746.3.id.csv";"spectra.count.P5746.4.id.csv";"dNSAF.P5746.3.id.csv";"dNSAF.P5746.4.id.csv";"Go.Cc";"norm.sc"
"2";2;"A6NMY6";"A6NMY6,P07355-1,P07355-2";"ANXA2_HUMAN, AXA2L_HUMAN";"Annexin A2, Putative annexin A2-like protein";"ANXA2, ANXA2P2";2;3;8,49160851943895e-05;1;2;1;2;0,000219776671215611;0,000448148639439784;"basement membrane, melanosome";0,000227152267736806
"8";8;"O00170";"O00170";"AIP_HUMAN";"AH receptor-interacting protein";"AIP";2;3;0,000261695935280891;2;1;2;1;0,000451541160861165;0,000230185437530434;"nucleus, cytosol, cytoplasm, membrane";0,000227152267736806
"14";14;"O00410";"O00410-1,O00410-3";"IPO5_HUMAN";"Importin-5";"IPO5";13;21;0,000275532183454357;10;11;10;11;NA;NA;"intracellular membrane-bounded organelle, nuclear pore, nuclear membrane, Golgi apparatus, nucleus, cytoplasm";0,00159006587415764
"31";31;"O14929";"O14929-1,O14929-2";"HAT1_HUMAN";"Histone acetyltransferase type B catalytic subunit";"HAT1";4;5;0,000171757475423019;2;3;2;3;NA;NA;"nucleoplasm, protein complex, cytoplasm, intracellular membrane-bounded organelle, nuclear matrix, nuclear chromatin, nucleus";0,000378587112894677
"35";35;"O14980";"O14980";"XPO1_HUMAN";"Exportin-1";"XPO1";18;31;0,000833224219708533;12;16;14;17;0,000973912307739768;0,00120573324420704;"kinetochore, annulate lamellae, Cajal body, cytoplasm, nucleolus, ribonucleoprotein complex, nuclear envelope, nuclear membrane, cytosol, nucleoplasm, nucleus, intracellular membrane-bounded organelle";0,002347240099947
"58";58;"O43615";"O43615";"TIM44_HUMAN";"Mitochondrial import inner membrane translocase subunit TIM44";"TIMM44";1;1;6,36870638957921e-05;NA;1;NA;1;NA;0,000168055739789919;"mitochondrial inner membrane, mitochondrion, mitochondrial matrix";7,57174225789354e-05
"65";65;"O43747";"O43747-1,O43747-2";"AP1G1_HUMAN";"AP-1 complex subunit gamma-1";"AP1G1";3;5;8,75503433117337e-05;3;2;3;2;NA;NA;"trans-Golgi network membrane, perinuclear region of cytoplasm, clathrin-coated vesicle, clathrin adaptor complex, Golgi membrane, cytosol, AP-type membrane coat adaptor complex, clathrin-coated vesicle membrane, Golgi apparatus, cytoplasmic vesicle membrane, recycling endosome, lysosomal membrane, cytoplasm, intracellular membrane-bounded organelle";0,000378587112894677
"76";76;"O60506";"O60506-1,O60506-2,O60506-3,O60506-4";"HNRPQ_HUMAN";"Heterogeneous nuclear ribonucleoprotein Q";"SYNCRIP";11;20;0,000282372107802638;10;6;12;8;NA;NA;"histone pre-mRNA 3'end processing complex, membrane, GAIT complex, ribonucleoprotein complex, endoplasmic reticulum, nucleoplasm, CRD-mediated mRNA stability complex, catalytic step 2 spliceosome, nucleus";0,00151434845157871
"77";77;"O60610";"O60610-1,O60610-2,O60610-3";"DIAP1_HUMAN";"Protein diaphanous homolog 1";"DIAPH1";10;16;0,00012069833493039;7;7;9;7;NA;NA;"ruffle membrane, neuron projection, cytoplasm, mitotic spindle";0,00121147876126297
"78";78;"O60664";"O60664-1,O60664-3";"PLIN3_HUMAN";"Perilipin-3";"PLIN3";2;4;0,000132656925718424;2;2;2;2;NA;NA;"cytoplasm, intracellular membrane-bounded organelle, endosome, lipid particle, Golgi apparatus, endosome membrane";0,000302869690315742
"100";100;"O75533";"O75533";"SF3B1_HUMAN";"Splicing factor 3B subunit 1";"SF3B1";19;39;0,000860947517143423;15;18;19;20;0,00108556866510717;0,00116504899363563;"nuclear speck, nucleoplasm, U12-type spliceosomal complex, nucleus, intracellular membrane-bounded organelle, catalytic step 2 spliceosome, spliceosomal complex";0,00295297948057848
"103";103;"O75643";"O75643-1";"U520_HUMAN";"U5 small nuclear ribonucleoprotein 200 kDa helicase";"SNRNP200";15;22;0,00029649071319277;12;10;12;10;NA;NA;"membrane, nucleoplasm, nucleus, U5 snRNP, catalytic step 2 spliceosome, spliceosomal complex";0,00166578329673658
"104";104;"O75663";"O75663-1";"TIPRL_HUMAN";"TIP41-like protein";"TIPRL";4;6;0,00063499749001981;2;3;2;4;NA;NA;"cytoplasm, intracellular membrane-bounded organelle";0,000454304535473612
"116";116;"O76021";"O76021";"RL1D1_HUMAN";"Ribosomal L1 domain-containing protein 1";"RSL1D1";4;5;0,000293740335519368;3;2;3;2;0,000456148723727095;0,000310045691367524;"nucleolus, membrane";0,000378587112894677
"120";120;"O94979";"O94979-1,O94979-2,O94979-3,O94979-4,O94979-6,O94979-7,O94979-8,O94979-9";"SC31A_HUMAN";"Protein transport protein Sec31A";"SEC31A";1;1;2,94944189353463e-06;NA;1;NA;1;NA;NA;"ER to Golgi transport vesicle, COPII vesicle coat, ER to Golgi transport vesicle membrane, endoplasmic reticulum, intracellular membrane-bounded organelle, cytoplasm, cytosol, endoplasmic reticulum membrane, perinuclear region of cytoplasm, Golgi membrane, vesicle coat";7,57174225789354e-05
"135";135;"O95831";"O95831-1";"AIFM1_HUMAN";"Apoptosis-inducing factor 1, mitochondrial";"AIFM1";4;8;0,000375680951137332;3;4;4;4;NA;NA;"cytosol, nucleus, mitochondrial intermembrane space, perinuclear region of cytoplasm, mitochondrion, mitochondrial inner membrane";0,000605739380631483
"159";159;"P04843";"P04843";"RPN1_HUMAN";"Dolichyl-diphosphooligosaccharide--protein glycosyltransferase subunit 1";"RPN1";3;5;0,000237121522906903;3;2;3;2;0,000368225493618248;0,000250284001268676;"melanosome, rough endoplasmic reticulum, endoplasmic reticulum membrane, oligosaccharyltransferase complex, integral component of membrane";0,000378587112894677
"239";239;"P12236";"P05141,P12236";"ADT2_HUMAN, ADT3_HUMAN";"ADP/ATP translocase 2, ADP/ATP translocase 3";"SLC25A5, SLC25A6";4;6;0,000289797512223806;3;3;3;3;0,000375021601721941;0,000382355005293842;"nucleus, mitochondrial inner membrane presequence translocase complex, mitochondrion, mitochondrial inner membrane, integral component of membrane";0,000454304535473612
"241";241;"P12270";"P12270";"TPR_HUMAN";"Nucleoprotein TPR";"TPR";9;11;0,000134004266479001;6;5;6;5;0,000189177210855926;0,000160730415541776;"nuclear pore, nucleus, mitotic spindle, nuclear periphery, kinetochore, extrinsic component of membrane, nucleoplasm, nuclear inclusion body, nuclear envelope, cytoplasmic dynein complex, cytoplasm, nuclear membrane, nuclear pore nuclear basket";0,000832891648368289
"245";245;"P12956";"P12956";"XRCC6_HUMAN";"X-ray repair cross-complementing protein 6";"XRCC6";17;29;0,00137078823242372;15;14;15;14;0,00183508107246533;0,00174623435367916;"nuclear telomere cap complex, nucleoplasm, nonhomologous end joining complex, membrane, nucleus, transcription factor complex, cytosol, Ku70:Ku80 complex, nucleolus";0,00219580525478913
"256";256;"P14317";"P14317";"HCLS1_HUMAN";"Hematopoietic lineage cell-specific protein";"HCLS1";10;23;0,00136232657666801;9;8;12;11;0,00183961213684178;0,00171928629266559;"membrane, mitochondrion, cytoplasm, nucleus, transcription factor complex";0,00174150071931551
"304";304;"P20700";"P20700";"LMNB1_HUMAN";"Lamin-B1";"LMNB1";5;8;0,000392990483015673;4;4;4;4;0,000508561717010869;0,000518506446314289;"nuclear membrane, nucleoplasm, nuclear envelope, nuclear inner membrane, lamin filament";0,000605739380631483
"305";305;"P20810";"P20810-1,P20810-2,P20810-3,P20810-4,P20810-5,P20810-6,P20810-7";"ICAL_HUMAN";"Calpastatin";"CAST";1;1;5,80842471365981e-06;NA;1;NA;1;NA;NA;"cytosol, cytoplasm, membrane";7,57174225789354e-05
"334";334;"P25205";"P25205";"MCM3_HUMAN";"DNA replication licensing factor MCM3";"MCM3";24;43;0,00153195764093888;18;21;19;24;0,00175195735061851;0,00225627310054584;"nucleoplasm, centrosome, intracellular membrane-bounded organelle, nucleus, alpha DNA polymerase:primase complex, perinuclear region of cytoplasm, MCM complex";0,00325584917089422
"342";342;"P26196";"P26196";"DDX6_HUMAN";"Probable ATP-dependent RNA helicase DDX6";"DDX6";5;9;0,000536395395296237;4;4;4;5;0,000617012766394139;0,000786347767961111;"cytoplasm, cytosol, intracellular membrane-bounded organelle, cytoplasmic stress granule, cytoplasmic mRNA processing body, RISC complex";0,000681456803210419
"369";369;"P29590";"P29590-1,P29590-10,P29590-11,P29590-12,P29590-13,P29590-14,P29590-2,P29590-3,P29590-4,P29590-5,P29590-8,P29590-9";"PML_HUMAN";"Protein PML";"PML";6;12;3,26378150577075e-05;5;6;5;7;NA;NA;"early endosome membrane, nuclear membrane, PML body, nuclear matrix, cytoplasm, cytosol, nucleus, nucleoplasm, nucleolus, extrinsic component of endoplasmic reticulum membrane";0,000908609070947225
"385";385;"P30153";"P30153";"2AAA_HUMAN";"Serine/threonine-protein phosphatase 2A 65 kDa regulatory subunit A alpha isoform";"PPP2R1A";15;35;0,00208043044956704;14;14;18;17;0,00273224566605975;0,00270829385753126;"mitochondrion, chromosome, centromeric region, protein phosphatase type 2A complex, membrane, microtubule cytoskeleton, cytosol, nucleus";0,00265010979026274
"386";386;"P30154";"P30154-1,P30154-2";"2AAB_HUMAN";"Serine/threonine-protein phosphatase 2A 65 kDa regulatory subunit A beta isoform";"PPP2R1B";2;2;5,8254030653434e-05;2;0;2;0;NA;NA;"membrane raft";0,000151434845157871
"427";427;"P35998";"P35998";"PRS7_HUMAN";"26S protease regulatory subunit 7";"PSMC2";8;16;0,00106370634201933;8;6;9;7;0,00154858804590954;0,00122801007088985;"proteasome complex, nucleoplasm, proteasome accessory complex, cytosol, cytoplasm, cytoplasmic mRNA processing body, nucleus, membrane";0,00121147876126297
"451";451;"P40939";"P40939";"ECHA_HUMAN";"Trifunctional enzyme subunit alpha, mitochondrial";"HADHA";6;11;0,000415009281375987;6;5;6;5;0,000585879094695352;0,000497779779718501;"mitochondrial fatty acid beta-oxidation multienzyme complex, mitochondrial inner membrane, mitochondrion, mitochondrial nucleoid";0,000832891648368289
"458";458;"P42166";"P42166-1,P42167-1,P42167-2";"LAP2A_HUMAN, LAP2B_HUMAN";"Lamina-associated polypeptide 2, isoform alpha, Lamina-associated polypeptide 2, isoforms beta/gamma";"TMPO";3;6;0,000107814804797371;3;2;3;3;NA;NA;"chromatin, nuclear inner membrane, nuclear envelope, nucleus";0,000454304535473612
"461";461;"P42704";"P42704";"LPPRC_HUMAN";"Leucine-rich PPR motif-containing protein, mitochondrial";"LRPPRC";10;19;0,000392356172695167;7;10;8;11;0,000427571257056483;0,000599406842349696;"mitochondrial nucleoid, nucleoplasm, nuclear outer membrane, cytoskeleton, microtubule, nuclear inner membrane, ribonucleoprotein complex, nucleus, mitochondrion, condensed nuclear chromosome, perinuclear region of cytoplasm";0,00143863102899977
"465";465;"P43243";"P43243-1";"MATR3_HUMAN";"Matrin-3";"MATR3";18;38;0,00129148643385375;14;16;19;19;NA;NA;"nucleus, nuclear matrix, nuclear inner membrane";0,00287726205799955
"469";469;"P46060";"P46060";"RAGP1_HUMAN";"Ran GTPase-activating protein 1";"RANGAP1";4;9;0,000441361117424331;4;3;6;3;0,000761543014058864;0,000388217347794088;"condensed chromosome kinetochore, spindle pole, cytoplasm, nuclear pore, perinuclear region of cytoplasm, cytosol, nuclear membrane";0,000681456803210419
"486";486;"P48444";"P48444";"COPD_HUMAN";"Coatomer subunit delta";"ARCN1";11;20;0,00112667525952634;9;9;11;9;0,00160381058114093;0,00133786839425712;"COPI vesicle coat, clathrin adaptor complex, cytoplasm, Golgi apparatus, endoplasmic reticulum, cytosol, intracellular membrane-bounded organelle";0,00151434845157871
"492";492;"P48735";"P48735";"IDHP_HUMAN";"Isocitrate dehydrogenase [NADP], mitochondrial";"IDH2";12;18;0,00121801509700702;7;10;8;10;0,00140657069577991;0,00177941371542267;"mitochondrion, mitochondrial inner membrane, mitochondrial matrix";0,00136291360642084
"515";515;"P49790";"P49790";"NU153_HUMAN";"Nuclear pore complex protein Nup153";"NUP153";1;2;3,9032614075794e-05;NA;1;NA;2;NA;0,000102998229674635;"nucleoplasm, nuclear inclusion body, nuclear pore, cytoplasm, nucleolus, nuclear pore nuclear basket, nuclear membrane, nuclear periphery";0,000151434845157871
"516";516;"P49792";"P49792";"RBP2_HUMAN";"E3 SUMO-protein ligase RanBP2";"RANBP2";4;9;8,03594838486608e-05;4;4;5;4;0,000115546357850639;9,42446580459594e-05;"nuclear inclusion body, mitochondrion, cytosol, nuclear pore nuclear basket, nuclear pore, nuclear membrane";0,000681456803210419
"548";548;"P53041";"P53041";"PPP5_HUMAN";"Serine/threonine-protein phosphatase 5";"PPP5C";4;8;0,000461507861818005;3;3;4;4;0,000597228789916571;0,000608907369819986;"nucleus, cytoplasm, cytosol, membrane, neuron projection, intracellular membrane-bounded organelle, neuronal cell body";0,000605739380631483
"583";583;"P57737";"P57737-1,P57737-2";"CORO7_HUMAN";"Coronin-7";"CORO7";7;11;0,000171163287399934;5;6;5;6;NA;NA;"integral component of membrane, Golgi apparatus, cytosol, Golgi membrane, cytoplasmic membrane-bounded vesicle";0,000832891648368289
"589";589;"P60468";"P60468";"SC61B_HUMAN";"Protein transport protein Sec61 subunit beta";"SEC61B";1;2;0,000599719851685376;1;1;1;1;0,000776086370230128;0,000791262441510868;"endoplasmic reticulum, membrane, integral component of membrane, endoplasmic reticulum Sec complex";0,000151434845157871
"616";616;"P61758";"P61758";"PFD3_HUMAN";"Prefoldin subunit 3";"VBP1";3;3;0,000438373901739564;NA;3;NA;3;NA;0,00115676945764025;"nucleus, cytoplasm, intracellular membrane-bounded organelle, prefoldin complex";0,000227152267736806
"657";657;"P62841";"P62841";"RS15_HUMAN";"40S ribosomal protein S15";"RPS15";6;14;0,00277939131263843;6;4;8;6;0,00411058160232233;0,00314322183662248;"cytosol, cytosolic small ribosomal subunit, nucleus, nucleoplasm, membrane";0,0010600439161051
"706";706;"P82970";"P82970";"HMGN5_HUMAN";"High mobility group nucleosome-binding domain-containing protein 5";"HMGN5";4;11;0,00112287972230453;4;4;6;5;0,00158519769238494;0,00134682968767807;"chromatin, intracellular membrane-bounded organelle, nucleoplasm, nucleolus, nucleus";0,000832891648368289
"717";717;"P99999";"P99999";"CYC_HUMAN";"Cytochrome c";"CYCS";2;2;0,000548315292969486;2;NA;2;NA;0,00141912936270652;NA;"respiratory chain, protein phosphatase type 2A complex, mitochondrion, mitochondrial inner membrane, nucleus, cytosol, mitochondrial intermembrane space";0,000151434845157871
"720";720;"Q00688";"Q00688";"FKBP3_HUMAN";"Peptidyl-prolyl cis-trans isomerase FKBP3";"FKBP3";5;12;0,00154213676147668;5;4;7;5;0,00232825911069038;0,00169556237466615;"nucleus, endoplasmic reticulum membrane";0,000908609070947225
"751";751;"Q07666";"Q07666-1,Q07666-2";"KHDR1_HUMAN";"KH domain-containing, RNA-binding, signal transduction-associated protein 1";"KHDRBS1";4;6;0,00019494279603317;3;3;3;3;NA;NA;"cytoplasm, membrane, nucleus, Grb2-Sos complex";0,000454304535473612
"756";756;"Q08211";"Q08211-1";"DHX9_HUMAN";"ATP-dependent RNA helicase A";"DHX9";28;53;0,00120132858479338;25;26;26;27;NA;NA;"cytosol, nucleolus, ribonucleoprotein complex, centrosome, cytoplasm, nucleoplasm, CRD-mediated mRNA stability complex, nucleus, membrane";0,00401302339668358
"760";760;"Q10567";"Q10567-1,Q10567-2,Q10567-3";"AP1B1_HUMAN";"AP-1 complex subunit beta-1";"AP1B1";8;14;0,000141556635171258;5;8;6;8;NA;NA;"clathrin adaptor complex, clathrin-coated vesicle membrane, cytosol, trans-Golgi network membrane, lysosomal membrane, Golgi membrane, cytoplasmic vesicle membrane";0,0010600439161051
"762";762;"Q12765";"Q12765-1,Q12765-2";"SCRN1_HUMAN";"Secernin-1";"SCRN1";5;5;0,000173831841068225;3;2;3;2;NA;NA;"nuclear membrane, nucleus, cytoplasm";0,000378587112894677
"779";779;"Q13185";"Q13185";"CBX3_HUMAN";"Chromobox protein homolog 3";"CBX3";5;7;0,00110112497358626;4;3;4;3;0,00162850910474519;0,00124526548172202;"nuclear heterochromatin, chromatin, nuclear inner membrane, condensed chromosome, centromeric region, nuclear centromeric heterochromatin, nuclear envelope, spindle, nucleus, nuclear euchromatin";0,000530021958052548
"798";798;"Q13596";"Q13596-1,Q13596-2";"SNX1_HUMAN";"Sorting nexin-1";"SNX1";3;4;0,000110293306057081;2;2;2;2;NA;NA;"Golgi apparatus, cytoplasmic membrane-bounded vesicle, endosome membrane, intracellular membrane-bounded organelle, cytosol, early endosome membrane, retromer complex, cytoplasm";0,000302869690315742
"811";811;"Q14061";"Q14061";"COX17_HUMAN";"Cytochrome c oxidase copper chaperone";"COX17";2;3;0,00137078823242372;2;1;2;1;0,00236521560451086;0,00120573324420704;"cytoplasm, mitochondrial intermembrane space";0,000227152267736806
"813";813;"Q14151";"Q14151";"SAFB2_HUMAN";"Scaffold attachment factor B2";"SAFB2";1;1;4,6987494500708e-05;0;1;0;1;0;0,000119561166398284;"cytoplasm, nucleus, intracellular membrane-bounded organelle";7,57174225789354e-05
"821";821;"Q14677";"Q14677-1,Q14677-2,Q14677-3";"EPN4_HUMAN";"Clathrin interactor 1";"CLINT1";3;5;7,67641410157281e-05;2;3;2;3;NA;NA;"perinuclear region of cytoplasm, Golgi apparatus, membrane, clathrin-coated vesicle, cytosol, intracellular membrane-bounded organelle, nucleus";0,000378587112894677
"827";827;"Q14790";"Q14790-1,Q14790-2,Q14790-4,Q14790-7,Q14790-8,Q14790-9";"CASP8_HUMAN";"Caspase-8";"CASP8";1;1;1,00161979404656e-05;1;NA;1;NA;NA;NA;"neuron projection, membrane raft, cytosol, death-inducing signaling complex, mitochondrial outer membrane, ripoptosome, nucleus, mitochondrion, cytoplasm, Noc1p-Noc2p complex, CD95 death-inducing signaling complex, cytoskeleton, cell body, microtubule organizing center";7,57174225789354e-05
"830";830;"Q14966";"Q14966-1,Q14966-2,Q14966-3,Q14966-4";"ZN638_HUMAN";"Zinc finger protein 638";"ZNF638";2;3;1,09150225787025e-05;2;1;2;1;NA;NA;"nucleus, cytoplasm, nucleoplasm, nuclear speck, intracellular membrane-bounded organelle";0,000227152267736806
"833";833;"Q14980";"Q14980-2";"NUMA1_HUMAN";"Nuclear mitotic apparatus protein 1";"NUMA1";16;27;0,000367487909117847;12;13;13;14;NA;NA;"spindle, dendrite, nuclear matrix, neuronal cell body, spindle microtubule, cytosol, apical part of cell, cytoplasm, chromosome, Golgi membrane, nucleus, nucleoplasm, spindle pole";0,00204437040963126
"835";835;"Q15005";"Q15005";"SPCS2_HUMAN";"Signal peptidase complex subunit 2";"SPCS2";1;2;0,000254748255583168;1;1;1;1;0,000329665006823417;0,000336111479579838;"endoplasmic reticulum membrane, signal peptidase complex, integral component of membrane";0,000151434845157871
"849";849;"Q15363";"Q15363";"TMED2_HUMAN";"Transmembrane emp24 domain-containing protein 2";"TMED2";1;2;0,000286433361998985;1;1;1;1;0,000370668117124837;0,00037791638997534;"intracellular membrane-bounded organelle, COPI-coated vesicle, endoplasmic reticulum-Golgi intermediate compartment membrane, Golgi cisterna membrane, integral component of membrane, COPI-coated vesicle membrane, endoplasmic reticulum, zymogen granule membrane, endoplasmic reticulum-Golgi intermediate compartment, Golgi apparatus, endoplasmic reticulum membrane";0,000151434845157871
"860";860;"Q15436";"Q15436";"SC23A_HUMAN";"Protein transport protein Sec23A";"SEC23A";2;2;9,4073702225157e-05;2;NA;2;NA;0,000259709948730605;NA;"smooth endoplasmic reticulum membrane, ER to Golgi transport vesicle membrane, Golgi membrane, perinuclear region of cytoplasm, endoplasmic reticulum membrane, endoplasmic reticulum, cytosol, COPII vesicle coat";0,000151434845157871
"861";861;"Q15437";"Q15437";"SC23B_HUMAN";"Protein transport protein Sec23B";"SEC23B";1;2;9,38283992206585e-05;1;1;1;1;0,000129516369477779;9,90367593025336e-05;"Golgi membrane, intracellular membrane-bounded organelle, endoplasmic reticulum-Golgi intermediate compartment membrane, perinuclear region of cytoplasm, membrane, COPII vesicle coat, endoplasmic reticulum membrane";0,000151434845157871
"867";867;"Q15691";"Q15691";"MARE1_HUMAN";"Microtubule-associated protein RP/EB family member 1";"MAPRE1";2;4;0,000429650042998478;2;NA;4;NA;0,00111200435137451;NA;"cell projection membrane, cortical microtubule cytoskeleton, microtubule, microtubule plus-end, Golgi apparatus, cytoplasmic microtubule, centrosome, cytosol, cytoplasm";0,000302869690315742
"888";888;"Q16836";"Q16836-1,Q16836-2";"HCDH_HUMAN";"Hydroxyacyl-coenzyme A dehydrogenase, mitochondrial";"HADH";2;2;9,167692000286e-05;2;NA;2;NA;NA;NA;"mitochondrial matrix, mitochondrial inner membrane, cytoplasm, mitochondrion, nucleus";0,000151434845157871
"900";900;"Q53QZ3";"Q53QZ3";"RHG15_HUMAN";"Rho GTPase-activating protein 15";"ARHGAP15";1;2;0,000121206538445886;1;NA;2;NA;0,00031370228017723;NA;"membrane, cytosol";0,000151434845157871
"906";906;"Q5SW79";"Q5SW79-1,Q5SW79-2,Q5SW79-3";"CE170_HUMAN";"Centrosomal protein of 170 kDa";"CEP170";1;2;1,21155525593005e-05;1;1;1;1;NA;NA;"microtubule, cytoplasm, centrosome, spindle, nuclear membrane, centriole";0,000151434845157871
"908";908;"Q5VYK3";"Q5VYK3";"ECM29_HUMAN";"Proteasome-associated protein ECM29 homolog";"ECM29";3;5;7,8012338430618e-05;3;2;3;2;0,000121145189499337;8,23427581409684e-05;"centrosome, endocytic vesicle, late endosome, proteasome complex, endoplasmic reticulum, endoplasmic reticulum-Golgi intermediate compartment, cytoplasmic membrane-bounded vesicle, multivesicular body, early endosome, ER to Golgi transport vesicle, nucleus";0,000378587112894677
"909";909;"Q6FI81";"Q6FI81-1,Q6FI81-3";"CPIN1_HUMAN";"Anamorsin";"CIAPIN1";4;6;0,000276793777700943;2;4;2;4;NA;NA;"cytoplasm, nucleolus, mitochondrial intermembrane space, nucleus";0,000454304535473612
"942";942;"Q8IWX8";"Q8IWX8";"CHERP_HUMAN";"Calcium homeostasis endoplasmic reticulum protein";"CHERP";2;2;6,28527355478123e-05;NA;2;NA;2;NA;0,000165854136211885;"perinuclear region of cytoplasm, cytoplasm, sarcoplasmic reticulum membrane";0,000151434845157871
"957";957;"Q8NF91";"Q8NF91-1,Q8NF91-4";"SYNE1_HUMAN";"Nesprin-1";"SYNE1";7;9;1,47254163878642e-05;4;5;4;5;NA;NA;"cytoskeleton, integral component of membrane, sarcomere, nucleus, SUN-KASH complex, Golgi apparatus, nuclear envelope, postsynaptic membrane, cytoplasm, nuclear outer membrane, nuclear membrane";0,000681456803210419
"965";965;"Q8WXA9";"Q8WXA9-1,Q8WXA9-2";"SREK1_HUMAN";"Splicing regulatory glutamine/lysine-rich protein 1";"SREK1";1;1;2,83332213394666e-05;1;NA;1;NA;NA;NA;"nucleus, intracellular membrane-bounded organelle, mitochondrion, spliceosomal complex";7,57174225789354e-05
"987";987;"Q96C19";"Q96C19";"EFHD2_HUMAN";"EF-hand domain-containing protein D2";"EFHD2";2;2;0,00023988794067415;2;NA;2;NA;0,000620869096184102;NA;"membrane raft";0,000151434845157871
"993";993;"Q96HE7";"Q96HE7";"ERO1A_HUMAN";"ERO1-like protein alpha";"ERO1L";2;2;0,000123019456755975;2;NA;2;NA;0,00031839440829954;NA;"membrane, endoplasmic reticulum membrane, intracellular membrane-bounded organelle, endoplasmic reticulum lumen, endoplasmic reticulum";0,000151434845157871
"1009";1009;"Q99447";"Q99447";"PCY2_HUMAN";"Ethanolamine-phosphate cytidylyltransferase";"PCYT2";1;2;0,000148002842575311;1;1;1;1;0,00019152774175345;0,000195272993277746;"endoplasmic reticulum membrane";0,000151434845157871
"1030";1030;"Q9BQG0";"Q9BQG0-1,Q9BQG0-2";"MBB1A_HUMAN";"Myb-binding protein 1A";"MYBBP1A";8;10;0,000108383105726273;5;5;5;5;NA;NA;"nucleus, nucleolus, intracellular membrane-bounded organelle, NLS-dependent protein nuclear import complex, cytoplasm, membrane";0,000757174225789354
"1035";1035;"Q9BSJ8";"Q9BSJ8-1,Q9BSJ8-2";"ESYT1_HUMAN";"Extended synaptotagmin-1";"ESYT1";4;6;7,82243284807012e-05;3;3;3;3;NA;NA;"integral component of endoplasmic reticulum membrane";0,000454304535473612
"1037";1037;"Q9BTT0";"Q9BTT0";"AN32E_HUMAN";"Acidic leucine-rich nuclear phosphoprotein 32 family member E";"ANP32E";4;6;0,000644475064497717;4;2;4;2;0,00111200435137451;0,00056687458496301;"cytoplasmic membrane-bounded vesicle, nucleus, Swr1 complex";0,000454304535473612
"1052";1052;"Q9BZE4";"Q9BZE4";"NOG1_HUMAN";"Nucleolar GTP-binding protein 1";"GTPBP4";2;2;9,08093150816973e-05;2;NA;2;NA;0,000235029310858335;NA;"nucleolus, nuclear membrane, cytoplasm, Golgi apparatus, perinuclear region of cytoplasm, membrane, nucleus";0,000151434845157871
"1084";1084;"Q9NR30";"Q9NR30-1,Q9NR30-2";"DDX21_HUMAN";"Nucleolar RNA helicase 2";"DDX21";10;19;0,000349262135847422;9;8;10;9;NA;NA;"nucleolus, membrane, nucleus";0,00143863102899977
"1115";1115;"Q9NZT2";"Q9NZT2-1,Q9NZT2-2";"OGFR_HUMAN";"Opioid growth factor receptor";"OGFR";1;1;2,12603787894373e-05;NA;1;NA;1;NA;NA;"membrane, cytoplasm, nucleus";7,57174225789354e-05
"1117";1117;"Q9P289";"Q9P289-1,Q9P289-2";"MST4_HUMAN";"Serine/threonine-protein kinase MST4";"MST4";5;7;0,000242194555488325;4;3;4;3;NA;NA;"cytoplasm, Golgi membrane, nucleus, centrosome, Golgi apparatus, cytosol";0,000530021958052548
"1122";1122;"Q9UBE0";"Q9UBE0";"SAE1_HUMAN";"SUMO-activating enzyme subunit 1";"SAE1";4;9;0,000748783167422203;3;3;4;5;0,000861321289503957;0,00109770512117115;"cytosol, nucleus, nucleoplasm, intracellular membrane-bounded organelle";0,000681456803210419
"1142";1142;"Q9UKX7";"Q9UKX7-1,Q9UKX7-2";"NUP50_HUMAN";"Nuclear pore complex protein Nup50";"NUP50";4;4;0,000123019456755975;2;2;2;2;NA;NA;"nuclear pore, nucleus, nucleoplasm, nuclear membrane";0,000302869690315742
"1151";1151;"Q9UNH7";"Q9UNH7";"SNX6_HUMAN";"Sorting nexin-6";"SNX6";2;3;0,000382875333883866;2;1;2;1;0,000611693690821775;0,000374193075788391;"nucleus, cytoplasm, intracellular, cytoplasmic vesicle membrane, early endosome membrane";0,000227152267736806
"1184";1184;"Q9Y5L4";"Q9Y5L4";"TIM13_HUMAN";"Mitochondrial import inner membrane translocase subunit Tim13";"TIMM13";1;2;0,000606032692229432;1;1;1;1;0,000784255700443076;0,000799591519842561;"mitochondrial intermembrane space protein transporter complex, mitochondrial inner membrane, mitochondrion, nucleolus";0,000151434845157871
"1190";1190;"Q9Y678";"Q9Y678";"COPG1_HUMAN";"Coatomer subunit gamma-1";"COPG1";10;14;0,000614815774725511;7;7;7;7;0,000820484903996153;0,000782209095498158;"cytosol, COPI vesicle coat, Golgi membrane";0,0010600439161051
"1191";1191;"Q9Y6D5";"Q9Y6D5,Q9Y6D6";"BIG1_HUMAN, BIG2_HUMAN";"Brefeldin A-inhibited guanine nucleotide-exchange protein 1, Brefeldin A-inhibited guanine nucleotide-exchange protein 2";"ARFGEF1, ARFGEF2";2;4;3,16858039415498e-05;2;2;2;2;4,10040129565725e-05;4,18058307017299e-05;"microtubule organizing center, axonemal microtubule, dendritic spine, cytosol, cytoplasmic membrane-bounded vesicle, trans-Golgi network, Golgi membrane, cell junction, cytoplasmic vesicle, membrane, asymmetric synapse, symmetric synapse, recycling endosome, perinuclear region of cytoplasm";0,000302869690315742
