"";"X";"protein.acs";"protein.g";"ID";"Description";"Gene";"global.peptide.count";"global.spectra.count";"global.dNSAF";"peptide.count.P5767";"peptide.count.P5768";"spectra.count.P5767";"spectra.count.P5768";"dNSAF.P5767";"dNSAF.P5768";"Go.Cc"
"1";1;"O00299";"O00299";"CLIC1_HUMAN";"Chloride intracellular channel protein 1";"CLIC1";5;8;0,00196463389159311;2;4;2;6;0,00117625569265145;0,00354523404923759;"brush border, mitochondrion, nuclear envelope, perinuclear region of cytoplasm, plasma membrane, blood microparticle, nuclear membrane, extracellular vesicular exosome, chloride channel complex"
"2";2;"O00571";"O00571-1,O00571-2";"DDX3X_HUMAN";"ATP-dependent RNA helicase DDX3X";"DDX3X";7;16;0,000715221703737067;7;4;9;7;NA;NA;"mitochondrial outer membrane, cytoplasmic stress granule, extracellular vesicular exosome, nucleus, nuclear speck"
"3";3;"O15127";"O15127";"SCAM2_HUMAN";"Secretory carrier-associated membrane protein 2";"SCAMP2";2;2;0,00035978477801971;NA;2;NA;2;NA;0,000865654919823971;"extracellular vesicular exosome, nucleus, Golgi apparatus, transport vesicle, recycling endosome membrane, integral component of membrane, trans-Golgi network membrane"
"5";5;"O15372";"O15372";"EIF3H_HUMAN";"Eukaryotic translation initiation factor 3 subunit H";"EIF3H";1;2;0,000336276113546831;1;1;1;1;0,000402667076603692;0,000404546120201827;"cytosol, eukaryotic 48S preinitiation complex, eukaryotic 43S preinitiation complex, extracellular vesicular exosome, eukaryotic translation initiation factor 3 complex"
"6";6;"O15427";"O15427";"MOT4_HUMAN";"Monocarboxylate transporter 4";"SLC16A3";8;28;0,00356380362915868;8;4;17;11;0,00518184900300322;0,00336860769337952;"actin cytoskeleton, nuclear membrane, integral component of plasma membrane"
"9";9;"O43175";"O43175";"SERA_HUMAN";"D-3-phosphoglycerate dehydrogenase";"PHGDH";5;12;0,00133248621352891;5;3;7;5;0,00186148532223546;0,00133583709485031;"extracellular vesicular exosome, cytosol"
"10";10;"O43242";"O43242";"PSMD3_HUMAN";"26S proteasome non-ATPase regulatory subunit 3";"PSMD3";1;1;0,000110832576749517;NA;1;NA;1;NA;0,000266667105451392;"extracellular vesicular exosome, nucleoplasm, proteasome accessory complex, cytosol"
"11";11;"O43707";"O43707";"ACTN4_HUMAN";"Alpha-actinin-4";"ACTN4";1;1;9,74499385031432e-05;1;NA;1;NA;0,000233378942312568;NA;"platelet alpha granule lumen, protein complex, nucleus, neuron projection, Z disc, extracellular vesicular exosome, cell-cell junction, stress fiber, cortical cytoskeleton, ribonucleoprotein complex, perinuclear region of cytoplasm, pseudopodium"
"12";12;"O43776";"O43776";"SYNC_HUMAN";"Asparagine--tRNA ligase, cytoplasmic";"NARS";2;2;0,000216002175124972;NA;2;NA;2;NA;0,000519708884346873;"mitochondrion, extracellular vesicular exosome, cytosol"
"14";14;"O60488";"O60488-1,O60488-2";"ACSL4_HUMAN";"Long-chain-fatty-acid--CoA ligase 4";"ACSL4";2;2;8,32413445629287e-05;2;NA;2;NA;NA;NA;"peroxisomal membrane, neuronal cell body, endoplasmic reticulum membrane, extracellular vesicular exosome, mitochondrial outer membrane, integral component of membrane, lipid particle"
"19";19;"O75369";"O75369-1,O75369-2,O75369-3,O75369-6,O75369-7,O75369-8,O75369-9";"FLNB_HUMAN";"Filamin-B";"FLNB";6;6;1,94964080325823e-05;NA;6;NA;6;NA;NA;"extracellular vesicular exosome, cell cortex, cytosol, plasma membrane, focal adhesion, actin cytoskeleton, integral component of membrane, Z disc, stress fiber"
"24";24;"O76094";"O76094";"SRP72_HUMAN";"Signal recognition particle 72 kDa protein";"SRP72";2;3;0,000264610712299146;2;NA;3;NA;0,000633705563179581;NA;"endoplasmic reticulum, cytosol, signal recognition particle, endoplasmic reticulum targeting, plasma membrane, nucleolus"
"26";26;"O94804";"O94804";"STK10_HUMAN";"Serine/threonine-protein kinase 10";"STK10";2;4;0,000244564446215877;NA;2;NA;4;NA;0,000588430720293567;"extracellular vesicular exosome, cytoplasm, plasma membrane"
"28";28;"O95347";"O95347-1";"SMC2_HUMAN";"Structural maintenance of chromosomes protein 2";"SMC2";2;2;9,88882138416747e-05;NA;2;NA;2;NA;NA;"extracellular vesicular exosome, cytosol, condensin complex, nuclear chromosome"
"30";30;"P00338";"P00338-1,P00338-3";"LDHA_HUMAN";"L-lactate dehydrogenase A chain";"LDHA";9;30;0,00292159568529978;9;6;15;15;NA;NA;"extracellular vesicular exosome, cilium, mitochondrion, cytosol"
"32";32;"P00558";"P00558";"PGK1_HUMAN";"Phosphoglycerate kinase 1";"PGK1";24;122;0,0173153973862771;21;21;45;77;0,0152955551400539;0,0262945276785379;"extracellular vesicular exosome, cytosol"
"33";33;"P01892";"P01892";"1A02_HUMAN";"HLA class I histocompatibility antigen, A-2 alpha chain";"HLA-A";2;5;0,00294571733437553;2;1;3;2;0,00427158060440958;0,00273096339774603;"cell surface, early endosome membrane, integral component of lumenal side of endoplasmic reticulum membrane, ER to Golgi transport vesicle membrane, Golgi membrane, phagocytic vesicle membrane, MHC class I protein complex"
"34";34;"P02533";"P02533";"K1C14_HUMAN";"Keratin, type I cytoskeletal 14";"KRT14";10;22;0,00444501799380846;9;5;13;9;0,00643356211956014;0,00419982820265726;"keratin filament, cell periphery, cytosol, extracellular vesicular exosome, nucleus"
"35";35;"P02538";"P02538";"K2C6A_HUMAN";"Keratin, type II cytoskeletal 6A";"KRT6A";2;4;0,00162009475518363;2;1;2;2;0,00226581027065155;0,00164512107037067;"extracellular vesicular exosome, keratin filament, intermediate filament"
"36";36;"P02786";"P02786";"TFR1_HUMAN";"Transferrin receptor protein 1";"TFRC";1;1;7,78744684003188e-05;1;NA;1;NA;0,000186498435479605;NA;"extracellular vesicular exosome, blood microparticle, integral component of plasma membrane, endosome, external side of plasma membrane, coated pit, perinuclear region of cytoplasm, cytoplasmic membrane-bounded vesicle, melanosome"
"38";38;"P04040";"P04040";"CATA_HUMAN";"Catalase";"CAT";3;7;0,000786133153490884;3;2;5;2;0,00134477050250948;0,000540418346531473;"endoplasmic reticulum, peroxisomal matrix, Golgi apparatus, lysosome, cytosol, peroxisomal membrane, mitochondrial intermembrane space, plasma membrane"
"39";39;"P04075";"P04075";"ALDOA_HUMAN";"Fructose-bisphosphate aldolase A";"ALDOA";13;52;0,00972318362598266;12;13;20;32;0,0092712461384419;0,0141236637017434;"extracellular space, extracellular vesicular exosome, I band, actin cytoskeleton, cytosol, platelet alpha granule lumen"
"40";40;"P04259";"P04259";"K2C6B_HUMAN";"Keratin, type II cytoskeletal 6B";"KRT6B";0;0;0;0;0;0;0;0;0;"keratin filament, extracellular vesicular exosome"
"41";41;"P04264";"P04264";"K2C1_HUMAN";"Keratin, type II cytoskeletal 1";"KRT1";25;196;0,0217364005336638;24;23;83;113;0,0219262234928043;0,0302635288397638;"extracellular vesicular exosome, keratin filament, plasma membrane, cytoskeleton, membrane, blood microparticle"
"42";42;"P04406";"P04406";"G3P_HUMAN";"Glyceraldehyde-3-phosphate dehydrogenase";"GAPDH";10;61;0,0107768965822053;8;9;19;42;0,00803891763679252;0,0178531637046681;"perinuclear region of cytoplasm, extracellular vesicular exosome, lipid particle, nucleus, GAIT complex, cytosol, ribonucleoprotein complex, microtubule cytoskeleton, plasma membrane"
"45";45;"P04908";"P04908,P0C0S8,P20671,Q16777,Q6FI13,Q7L7L0,Q93077,Q96KK5,Q99878,Q9BTM1-1";"H2A1_HUMAN, H2A1B_HUMAN, H2A1C_HUMAN, H2A1D_HUMAN, H2A1H_HUMAN, H2A1J_HUMAN, H2A2A_HUMAN, H2A2C_HUMAN, H2A3_HUMAN, H2AJ_HUMAN";"Histone H2A type 1, Histone H2A type 1-B/E, Histone H2A type 1-C, Histone H2A type 1-D, Histone H2A type 1-H, Histone H2A type 1-J, Histone H2A type 2-A, Histone H2A type 2-C, Histone H2A type 3, Histone H2A.J";"H2AFJ, HIST1H2AB,HIST1H2AE, HIST1H2AC, HIST1H2AD, HIST1H2AH, HIST1H2AJ, HIST1H2AM,HIST1H2AL,HIST1H2AG,HIST1H2AI,HIST1H2AK, HIST2H2AA3,HIST2H2AA4, HIST2H2AC, HIST3H2A";3;10;0,000457377094159523;2;3;5;5;0,000608321077100857;0,000611159803910056;"nucleus, nucleosome, extracellular vesicular exosome"
"46";46;"P05023";"P05023-1,P05023-3";"AT1A1_HUMAN";"Sodium/potassium-transporting ATPase subunit alpha-1";"ATP1A1";2;2;5,78539550188097e-05;2;NA;2;NA;NA;NA;"T-tubule, endoplasmic reticulum, basolateral plasma membrane, melanosome, endosome, Golgi apparatus, sodium:potassium-exchanging ATPase complex, caveola, extracellular vesicular exosome"
"47";47;"P05141";"P05141";"ADT2_HUMAN";"ADP/ATP translocase 2";"SLC25A5";10;25;0,00496515066981899;8;6;13;12;0,00618323671992784;0,00573423762326348;"MMXD complex, mitochondrial nucleoid, integral component of plasma membrane, mitochondrial inner membrane"
"50";50;"P05198";"P05198";"IF2A_HUMAN";"Eukaryotic translation initiation factor 2 subunit 1";"EIF2S1";2;5;0,00093943803149591;2;2;3;2;0,00134989343775714;0,000904128471816147;"polysome, cytoplasmic stress granule, eukaryotic translation initiation factor 2 complex, extracellular vesicular exosome, nucleus, cytosol"
"51";51;"P05387";"P05387";"RLA2_HUMAN";"60S acidic ribosomal protein P2";"RPLP2";3;3;0,00154394598219763;NA;3;NA;3;NA;0,00371478872115765;"extracellular vesicular exosome, cytosolic large ribosomal subunit"
"52";52;"P05388";"P05388,Q8NHW5";"RLA0_HUMAN, RLA0L_HUMAN";"60S acidic ribosomal protein P0, 60S acidic ribosomal protein P0-like";"RPLP0, RPLP0P6";5;10;0,000933510977669437;5;2;6;4;0,0013413767599164;0,000898424191236865;"extracellular vesicular exosome, nucleus, cytosolic large ribosomal subunit"
"53";53;"P05534";"P05534,P30447";"1A23_HUMAN, 1A24_HUMAN";"HLA class I histocompatibility antigen, A-23 alpha chain, HLA class I histocompatibility antigen, A-24 alpha chain";"HLA-A";0;0;NA;0;0;0;0;NA;NA;"plasma membrane, ER to Golgi transport vesicle membrane, Golgi membrane, MHC class I protein complex, integral component of lumenal side of endoplasmic reticulum membrane, extracellular vesicular exosome, early endosome membrane, phagocytic vesicle membrane"
"54";54;"P05556";"P05556-1";"ITB1_HUMAN";"Integrin beta-1";"ITGB1";1;2;0,000148332320762512;1;1;1;1;NA;NA;"cytoplasm, recycling endosome, basement membrane, filopodium, alpha7-beta1 integrin complex, myelin sheath abaxonal region, focal adhesion, extracellular vesicular exosome, alpha3-beta1 integrin complex, hemidesmosome, alpha8-beta1 integrin complex, cleavage furrow, alpha9-beta1 integrin complex, external side of plasma membrane, melanosome, acrosomal vesicle, lamellipodium, intercalated disc, ruffle, sarcolemma, neuromuscular junction, membrane raft, cell surface"
"55";55;"P05787";"P05787";"K2C8_HUMAN";"Keratin, type II cytoskeletal 8";"KRT8";1;1;0,000145630196623395;1;0;1;0;0,000357917024382717;0;"intermediate filament, nucleoplasm, keratin filament, Z disc, cytoplasm, nuclear matrix, sarcolemma, extracellular vesicular exosome, costamere, dystrophin-associated glycoprotein complex"
"57";57;"P06576";"P06576";"ATPB_HUMAN";"ATP synthase subunit beta, mitochondrial";"ATP5B";9;19;0,00212572272911267;6;7;7;12;0,0018755608256172;0,00323025106187622;"mitochondrial nucleoid, cell surface, mitochondrial proton-transporting ATP synthase, catalytic core, extracellular vesicular exosome, plasma membrane"
"58";58;"P06733";"P06733-1";"ENOA_HUMAN";"Alpha-enolase";"ENO1";22;76;0,0103641227990839;17;19;29;47;NA;NA;"M band, cytosol, phosphopyruvate hydratase complex, plasma membrane, nucleus, extracellular vesicular exosome, extracellular space"
"59";59;"P06744";"P06744-1,P06744-2";"G6PI_HUMAN";"Glucose-6-phosphate isomerase";"GPI";3;4;0,000212131168402302;2;2;2;2;NA;NA;"neuron projection, cytosol, nucleus, extracellular space, extracellular vesicular exosome, plasma membrane"
"61";61;"P06753";"P06753-2,P06753-3";"TPM3_HUMAN";"Tropomyosin alpha-3 chain";"TPM3";5;13;0,00203186553114916;4;4;7;6;NA;NA;"cytosol, stress fiber, extracellular vesicular exosome, muscle thin filament tropomyosin"
"62";62;"P07195";"P07195";"LDHB_HUMAN";"L-lactate dehydrogenase B chain";"LDHB";6;24;0,00464656176057258;5;6;10;14;0,00458317113298382;0,00658634162413249;"extracellular vesicular exosome, cytosol, mitochondrion"
"63";63;"P07237";"P07237";"PDIA1_HUMAN";"Protein disulfide-isomerase";"P4HB";5;7;0,00081553577143641;5;NA;7;NA;0,00195309385187303;NA;"procollagen-proline 4-dioxygenase complex, plasma membrane, melanosome, endoplasmic reticulum-Golgi intermediate compartment, endoplasmic reticulum lumen, extracellular vesicular exosome"
"64";64;"P07437";"P07437";"TBB5_HUMAN";"Tubulin beta chain";"TUBB";3;14;0,0104604353499888;2;3;4;10;0,00936412564930629;0,0154192907907834;"extracellular vesicular exosome, cytosol, cell body, plasma membrane, microtubule, nuclear envelope lumen"
"65";65;"P07737";"P07737";"PROF1_HUMAN";"Profilin-1";"PFN1";7;28;0,0118369191968485;6;6;12;16;0,0121490409398143;0,0162743124926906;"synapse, extracellular vesicular exosome, cytoplasm, blood microparticle, neuron projection, cytoskeleton, nucleus"
"67";67;"P07900";"P07900-1,P07900-2";"HS90A_HUMAN";"Heat shock protein HSP 90-alpha";"HSP90AA1";8;26;0,00180470607921844;7;7;14;12;NA;NA;"extracellular vesicular exosome, mitochondrion, apical plasma membrane, basolateral plasma membrane, neuron projection, cell surface, extracellular matrix, perinuclear region of cytoplasm, neuronal cell body, brush border membrane, cytosol, protein complex, endocytic vesicle lumen, melanosome, plasma membrane"
"68";68;"P07910";"P07910-1,P07910-2,P07910-3,P07910-4";"HNRPC_HUMAN";"Heterogeneous nuclear ribonucleoproteins C1/C2";"HNRNPC";2;2;9,67068561834025e-05;2;NA;2;NA;NA;NA;"catalytic step 2 spliceosome, nucleoplasm, extracellular vesicular exosome"
"69";69;"P08107";"P08107-1,P08107-2";"HSP71_HUMAN";"Heat shock 70 kDa protein 1A/1B";"HSPA1B,HSPA1A";2;4;0,000328680648186247;1;1;2;2;NA;NA;"blood microparticle, mitochondrion, ribonucleoprotein complex, perinuclear region of cytoplasm, endoplasmic reticulum, extracellular vesicular exosome, aggresome, cytosol, nuclear speck"
"70";70;"P08195";"P08195-1,P08195-2,P08195-3,P08195-4";"4F2_HUMAN";"4F2 cell-surface antigen heavy chain";"SLC3A2";6;11;0,000258345458661375;1;6;2;9;NA;NA;"apical plasma membrane, melanosome, extracellular vesicular exosome, integral component of membrane, plasma membrane"
"71";71;"P08238";"P08238";"HS90B_HUMAN";"Heat shock protein HSP 90-beta";"HSP90AB1";9;27;0,0039949699137119;6;8;10;17;0,00351923185603122;0,00610557127879382;"basolateral plasma membrane, extracellular vesicular exosome, brush border membrane, apical plasma membrane, mitochondrion, melanosome, cell surface, cytosol, inclusion body"
"73";73;"P08575";"P08575-1,P08575-2";"PTPRC_HUMAN";"Receptor-type tyrosine-protein phosphatase C";"PTPRC";23;54;0,00122544792298661;19;18;29;25;NA;NA;"integral component of plasma membrane, membrane raft, extracellular vesicular exosome, focal adhesion, external side of plasma membrane"
"76";76;"P08779";"P08779";"K1C16_HUMAN";"Keratin, type I cytoskeletal 16";"KRT16";5;13;0,00262104847299719;5;3;7;6;0,00345690181216892;0,00279396604884317;"intermediate filament, extracellular vesicular exosome"
"77";77;"P08865";"P08865";"RSSA_HUMAN";"40S ribosomal protein SA";"RPSA";3;4;0,000802502996396506;1;2;1;3;0,000480470545642372;0,00144813797604451;"cytosolic small ribosomal subunit, 90S preribosome, nucleus, plasma membrane, extracellular vesicular exosome"
"78";78;"P09211";"P09211";"GSTP1_HUMAN";"Glutathione S-transferase P";"GSTP1";3;9;0,00253648268503896;2;3;4;5;0,00269978687551428;0,00339048176931055;"extracellular space, TRAF2-GSTP1 complex, extracellular vesicular exosome, nucleus, mitochondrion, cytosol"
"79";79;"P09429";"P09429";"HMGB1_HUMAN";"High mobility group protein B1";"HMGB1";8;19;0,00541062064330683;5;7;6;13;0,00395550170133488;0,00918426317416961;"nucleoplasm, condensed chromosome, cell surface, extracellular space"
"81";81;"P09651";"P09651-1,P09651-2,P09651-3";"ROA1_HUMAN";"Heterogeneous nuclear ribonucleoprotein A1";"HNRNPA1";6;15;0,000833372447294758;6;4;10;5;NA;NA;"extracellular vesicular exosome, intermediate filament cytoskeleton, nucleolus, catalytic step 2 spliceosome, cytoplasm, nucleoplasm"
"83";83;"P09972";"P09972";"ALDOC_HUMAN";"Fructose-bisphosphate aldolase C";"ALDOC";2;8;0,00149587440399733;1;2;1;7;0,000463562306922095;0,00308955143475636;"mitochondrion, cytoskeleton, axon, extracellular vesicular exosome, cytosol"
"85";85;"P10599";"P10599";"THIO_HUMAN";"Thioredoxin";"TXN";3;19;0,0107095935590534;3;3;8;11;0,0107991475020571;0,0149181197849664;"extracellular vesicular exosome, mitochondrion, nucleoplasm, cytosol"
"86";86;"P10768";"P10768";"ESTD_HUMAN";"S-formylglutathione hydrolase";"ESD";3;4;0,000839497815379323;2;2;2;2;0,00100523979407447;0,00100993073979463;"Golgi apparatus, cytoplasmic membrane-bounded vesicle, nucleus, extracellular vesicular exosome"
"87";87;"P10809";"P10809";"CH60_HUMAN";"60 kDa heat shock protein, mitochondrial";"HSPD1";23;79;0,00815983085995662;21;19;37;42;0,0091524188580916;0,01043771350971;"coated vesicle, mitochondrial matrix, extracellular vesicular exosome, mitochondrial inner membrane, cell surface, early endosome, plasma membrane, secretory granule, lipopolysaccharide receptor complex, coated pit, extracellular space, cytosol"
"88";88;"P11021";"P11021";"GRP78_HUMAN";"78 kDa glucose-regulated protein";"HSPA5";9;18;0,00173074219908048;4;8;6;12;0,00139003579243894;0,00276215395518144;"extracellular vesicular exosome, cell surface, endoplasmic reticulum lumen, midbody, integral component of endoplasmic reticulum membrane, melanosome, endoplasmic reticulum-Golgi intermediate compartment, endoplasmic reticulum chaperone complex, nucleus"
"89";89;"P11142";"P11142-1";"HSP7C_HUMAN";"Heat shock cognate 71 kDa protein";"HSPA8";15;42;0,00510814687544035;11;12;21;21;NA;NA;"clathrin-sculpted gamma-aminobutyric acid transport vesicle membrane, nucleolus, ribonucleoprotein complex, extracellular vesicular exosome, Prp19 complex, cytosol, melanosome, spliceosomal complex, plasma membrane, blood microparticle"
"90";90;"P11413";"P11413-1,P11413-2,P11413-3";"G6PD_HUMAN";"Glucose-6-phosphate 1-dehydrogenase";"G6PD";2;2;7,6614363733647e-05;2;NA;2;NA;NA;NA;"nucleus, extracellular vesicular exosome, intracellular membrane-bounded organelle, cytoplasmic side of plasma membrane, cytosol, centrosome"
"92";92;"P11586";"P11586";"C1TC_HUMAN";"C-1-tetrahydrofolate synthase, cytoplasmic";"MTHFD1";4;11;0,000696289364520498;4;4;5;6;0,000757961555959892;0,000913798295044127;"extracellular vesicular exosome, mitochondrion, cytosol"
"94";94;"P12004";"P12004";"PCNA_HUMAN";"Proliferating cell nuclear antigen";"PCNA";2;2;0,00045352180830837;NA;2;NA;2;NA;0,00109118953495052;"extracellular vesicular exosome, PCNA complex, nucleoplasm, microtubule cytoskeleton, cytoplasm, DNA replication factor C complex, nuclear replication fork, PCNA-p21 complex"
"96";96;"P12814";"P12814-1,P12814-2,P12814-3";"ACTN1_HUMAN";"Alpha-actinin-1";"ACTN1";1;1;3,31752219642614e-05;1;NA;1;NA;NA;NA;"fascia adherens, ruffle, pseudopodium, Z disc, plasma membrane, extracellular vesicular exosome, focal adhesion, cytosol, nucleus, cytoskeleton, platelet alpha granule lumen, dendritic spine"
"99";99;"P13164";"P13164,Q01628,Q01629";"IFM1_HUMAN, IFM2_HUMAN, IFM3_HUMAN";"Interferon-induced transmembrane protein 1, Interferon-induced transmembrane protein 2, Interferon-induced transmembrane protein 3";"IFITM1, IFITM2, IFITM3";1;3;0,00045526612295571;1;1;2;1;0,000726865697253845;0,000365128805925752;"plasma membrane, integral component of membrane"
"100";100;"P13489";"P13489";"RINI_HUMAN";"Ribonuclease inhibitor";"RNH1";1;2;0,000256766143098665;1;1;1;1;0,000307459459792841;0,000308894217594454;"cytoplasm, angiogenin-PRI complex, extracellular vesicular exosome"
"101";101;"P13639";"P13639";"EF2_HUMAN";"Elongation factor 2";"EEF2";17;58;0,0040008235047623;15;13;28;30;0,00462550898252447;0,0049790291717148;"polysome, ribonucleoprotein complex, extracellular vesicular exosome, cytosol"
"102";102;"P13645";"P13645";"K1C10_HUMAN";"Keratin, type I cytoskeletal 10";"KRT10";25;161;0,0193995681657119;24;23;72;89;0,0203038746156855;0,0263328616012515;"cytoplasm, extracellular space, keratin filament, intermediate filament, extracellular vesicular exosome"
"103";103;"P13646";"P13646-1,P13646-3";"K1C13_HUMAN";"Keratin, type I cytoskeletal 13";"KRT13";0;0;0;0;0;0;0;NA;NA;"extracellular vesicular exosome, keratin filament"
"104";104;"P13647";"P13647";"K2C5_HUMAN";"Keratin, type II cytoskeletal 5";"KRT5";11;29;0,00520398161012174;7;11;11;18;0,00508609985534446;0,00736964844515837;"keratin filament, cytosol, plasma membrane, extracellular vesicular exosome, mitochondrion"
"105";105;"P13667";"P13667";"PDIA4_HUMAN";"Protein disulfide-isomerase A4";"PDIA4";2;2;0,000183518127082922;NA;2;NA;2;NA;0,000441551114142769;"melanosome, endoplasmic reticulum lumen, cell surface"
"106";106;"P13796";"P13796";"PLSL_HUMAN";"Plastin-2";"LCP1";16;36;0,00339815862110482;11;13;18;18;0,00406905677410047;0,00408804500414478;"extracellular vesicular exosome, actin filament, actin filament bundle, ruffle membrane, phagocytic cup, plasma membrane, filopodium, focal adhesion, cytosol, ruffle, extracellular space"
"108";108;"P14618";"P14618-1";"KPYM_HUMAN";"Pyruvate kinase isozymes M1/M2";"PKM";26;106;0,0122562957627223;20;23;39;67;NA;NA;"cytosol, mitochondrion, plasma membrane, nucleus, extracellular vesicular exosome, cilium"
"109";109;"P14625";"P14625";"ENPL_HUMAN";"Endoplasmin";"HSP90B1";8;16;0,00128896916157868;8;3;11;5;0,0020340860020998;0,00100758684981775;"cytosol, melanosome, midbody, extracellular vesicular exosome, perinuclear region of cytoplasm, endoplasmic reticulum membrane, endocytic vesicle lumen, endoplasmic reticulum lumen, plasma membrane"
"110";110;"P14868";"P14868";"SYDC_HUMAN";"Aspartate--tRNA ligase, cytoplasmic";"DARS";3;3;0,000354398778348756;3;NA;3;NA;0,000848735394997004;NA;"extracellular vesicular exosome, cytosol"
"111";111;"P15311";"P15311";"EZRI_HUMAN";"Ezrin";"EZR";3;5;0,000632563941272214;2;1;3;2;0,000953272468843755;0,00057437264847768;"cortical cytoskeleton, astrocyte projection, Schwann cell microvillus, nucleolus, cytosol, actin filament, uropod, microvillus, T-tubule, cell body, microspike, extracellular vesicular exosome, extrinsic component of membrane, ruffle membrane, ruffle, filopodium, microvillus membrane, apical plasma membrane, membrane raft, basolateral plasma membrane, cell tip, apical part of cell"
"113";113;"P15880";"P15880";"RS2_HUMAN";"40S ribosomal protein S2";"RPS2";9;19;0,00383790895460957;7;5;11;8;0,00532125228876961;0,00388806100507968;"cytosolic small ribosomal subunit, extracellular vesicular exosome, nucleoplasm"
"114";114;"P16070";"P16070-1,P16070-10,P16070-11,P16070-12,P16070-13,P16070-14,P16070-16,P16070-17,P16070-18,P16070-3,P16070-4,P16070-5,P16070-6,P16070-7,P16070-8";"CD44_HUMAN";"CD44 antigen";"CD44";4;10;5,31757376318439e-05;4;3;6;4;NA;NA;"extracellular vesicular exosome, integral component of plasma membrane, basolateral plasma membrane, external side of plasma membrane, cell surface"
"115";115;"P16150";"P16150";"LEUK_HUMAN";"Leukosialin";"SPN";4;28;0,00414292171889696;4;3;14;14;0,00496085838375749;0,00498400820088651;"integral component of plasma membrane, uropod, cell surface, basement membrane, extracellular space, external side of plasma membrane, extracellular vesicular exosome"
"116";116;"P16152";"O75828,P16152";"CBR1_HUMAN, CBR3_HUMAN";"Carbonyl reductase [NADPH] 1, Carbonyl reductase [NADPH] 3";"CBR1, CBR3";1;3;0,000320494202080734;1;1;1;2;0,000255846229177797;0,000514080268270914;"extracellular vesicular exosome, cytosol"
"118";118;"P16615";"P16615-1,P16615-2,P16615-3,P16615-4,P16615-5";"AT2A2_HUMAN";"Sarcoplasmic/endoplasmic reticulum calcium ATPase 2";"ATP2A2";3;3;3,40794218719246e-05;NA;3;NA;3;NA;NA;"platelet dense tubular network membrane, integral component of plasma membrane, sarcoplasmic reticulum membrane"
"119";119;"P16949";"P16949-1,P16949-2";"STMN1_HUMAN";"Stathmin";"STMN1";2;2;0,000397212053585519;NA;2;NA;2;NA;NA;"membrane, microtubule, intracellular, cytosol, extracellular vesicular exosome"
"121";121;"P17066";"P17066";"HSP76_HUMAN";"Heat shock 70 kDa protein 6";"HSPA6";0;0;0;0;0;0;0;0;0;"blood microparticle, extracellular vesicular exosome"
"122";122;"P17813";"P17813-1,P17813-2";"EGLN_HUMAN";"Endoglin";"ENG";1;1;4,49730972524638e-05;NA;1;NA;1;NA;NA;"endothelial microparticle, extracellular space, external side of plasma membrane, transforming growth factor beta receptor homodimeric complex, cytoplasm, nucleus, cell surface"
"123";123;"P17844";"P17844";"DDX5_HUMAN";"Probable ATP-dependent RNA helicase DDX5";"DDX5";5;13;0,0016916769699079;5;3;8;5;0,00246234633597394;0,00159446516431339;"catalytic step 2 spliceosome, extracellular vesicular exosome, nucleolus"
"124";124;"P17858";"P17858-1,P17858-2";"K6PL_HUMAN";"6-phosphofructokinase, liver type";"PFKL";1;1;7,5877687159285e-05;1;0;1;0;NA;NA;"6-phosphofructokinase complex, extracellular vesicular exosome"
"125";125;"P17987";"P17987";"TCPA_HUMAN";"T-complex protein 1 subunit alpha";"TCP1";4;6;0,000638682690477435;4;NA;6;NA;0,00152955551400539;NA;"cell body, plasma membrane, Golgi apparatus, chaperonin-containing T-complex, extracellular vesicular exosome, nuclear heterochromatin, nucleus, microtubule, zona pellucida receptor complex, cytosol, cell junction, centrosome, acrosomal vesicle, pericentriolar material"
"126";126;"P18077";"P18077";"RL35A_HUMAN";"60S ribosomal protein L35a";"RPL35A";3;8;0,00430433425339944;3;2;5;3;0,00644267322565908;0,00388364275393754;"cytosolic large ribosomal subunit, extracellular vesicular exosome"
"128";128;"P18465";"P10319,P18465";"1B57_HUMAN, 1B58_HUMAN";"HLA class I histocompatibility antigen, B-57 alpha chain, HLA class I histocompatibility antigen, B-58 alpha chain";"HLA-B";0;0;NA;0;0;0;0;NA;NA;"ER to Golgi transport vesicle membrane, phagocytic vesicle membrane, early endosome membrane, integral component of lumenal side of endoplasmic reticulum membrane, Golgi membrane, cell surface, MHC class I protein complex"
"130";130;"P18669";"P18669";"PGAM1_HUMAN";"Phosphoglycerate mutase 1";"PGAM1";3;4;0,000932040881641611;2;2;2;2;0,00111605362964173;0,00112126168748853;"cytosol, extracellular vesicular exosome"
"132";132;"P19338";"P19338";"NUCL_HUMAN";"Nucleolin";"NCL";27;70;0,00583510101253093;25;19;43;27;0,00858418150911759;0,00541522017802558;"ribonucleoprotein complex, nucleoplasm, extracellular vesicular exosome, nucleolus, cell cortex"
"134";134;"P20231";"P20231,Q15661-1,Q15661-2";"TRYB1_HUMAN, TRYB2_HUMAN";"Tryptase alpha/beta-1, Tryptase beta-2";"TPSAB1, TPSB2";2;2;0,000143477808446648;2;NA;2;NA;0,00103082771610545;NA;"extracellular region"
"135";135;"P20618";"P20618";"PSB1_HUMAN";"Proteasome subunit beta type-1";"PSMB1";1;1;0,000245579236449138;1;NA;1;NA;0,000588127846325725;NA;"proteasome core complex, extracellular vesicular exosome, nucleoplasm, cytosol"
"137";137;"P20701";"P20701-1,P20701-2,P20701-3";"ITAL_HUMAN";"Integrin alpha-L";"ITGAL";2;2;3,37234165152378e-05;NA;2;NA;2;NA;NA;"integrin complex, immunological synapse, extracellular vesicular exosome, external side of plasma membrane"
"138";138;"P21281";"P21281";"VATB2_HUMAN";"V-type proton ATPase subunit B, brain isoform";"ATP6V1B2";1;1;0,000115821127170729;1;NA;1;NA;0,0002773753639227;NA;"integral component of membrane, microvillus, cytosol, lysosomal membrane, melanosome, extracellular vesicular exosome, plasma membrane, proton-transporting V-type ATPase, V1 domain, Golgi apparatus"
"139";139;"P21291";"P21291";"CSRP1_HUMAN";"Cysteine and glycine-rich protein 1";"CSRP1";2;3;0,000919967813226564;1;2;1;2;0,000734397984272019;0,00147565009648749;"extracellular vesicular exosome, nucleus"
"140";140;"P21333";"P21333-1,P21333-2";"FLNA_HUMAN";"Filamin-A";"FLNA";14;27;0,000301848147256241;10;11;14;13;NA;NA;"cytosol, plasma membrane, dendritic shaft, nucleus, cortical cytoskeleton, actin filament, perinuclear region of cytoplasm, apical dendrite, extracellular vesicular exosome, trans-Golgi network, Myb complex, actin cytoskeleton, neuronal cell body"
"141";141;"P21796";"P21796";"VDAC1_HUMAN";"Voltage-dependent anion-selective channel protein 1";"VDAC1";3;5;0,00197514356445253;1;2;1;4;0,00250421927499116;0,0030190862398101;"mitochondrial outer membrane, mitochondrial inner membrane, pore complex, extracellular vesicular exosome, mitochondrial nucleoid, plasma membrane"
"142";142;"P22102";"P22102-1";"PUR2_HUMAN";"Trifunctional purine biosynthetic protein adenosine-3";"GART";3;4;0,000234394439541554;NA;3;NA;4;NA;NA;"cytosol, extracellular vesicular exosome"
"143";143;"P22234";"P22234-1,P22234-2";"PUR6_HUMAN";"Multifunctional protein ADE2";"PAICS";4;6;0,000417773618712299;NA;4;NA;6;NA;NA;"extracellular vesicular exosome, cytosol"
"144";144;"P22314";"P22314";"UBA1_HUMAN";"Ubiquitin-like modifier-activating enzyme 1";"UBA1";18;43;0,00240542308820645;14;12;25;18;0,00334921576003071;0,00242268829640716;"extracellular vesicular exosome"
"149";149;"P23284";"P23284";"PPIB_HUMAN";"Peptidyl-prolyl cis-trans isomerase B";"PPIB";5;13;0,00356203586942199;3;5;6;7;0,00393718919345833;0,00461482240822825;"endoplasmic reticulum lumen, extracellular vesicular exosome, melanosome, macromolecular complex"
"150";150;"P23396";"P23396";"RS3_HUMAN";"40S ribosomal protein S3";"RPS3";9;20;0,00487116016331212;7;7;10;10;0,00583287287919752;0,00586009194695651;"ruffle membrane, nucleus, extracellular vesicular exosome, cytosolic small ribosomal subunit"
"151";151;"P23528";"P23528";"COF1_HUMAN";"Cofilin-1";"CFL1";10;32;0,0114090787439503;8;8;18;14;0,0153692686588012;0,0120096583153892;"ruffle membrane, extracellular space, cytoplasm, extracellular vesicular exosome, nucleus, cortical actin cytoskeleton, lamellipodium membrane, nuclear matrix"
"153";153;"P24752";"P24752";"THIL_HUMAN";"Acetyl-CoA acetyltransferase, mitochondrial";"ACAT1";5;10;0,00138605611204315;2;4;4;6;0,00132776403713817;0,00200094006057672;"mitochondrial matrix, mitochondrial inner membrane, extracellular vesicular exosome"
"155";155;"P25705";"P25705";"ATPA_HUMAN";"ATP synthase subunit alpha, mitochondrial";"ATP5A1";11;30;0,00321073757599868;9;9;15;15;0,00384463320880198;0,00386257416756898;"mitochondrial matrix, plasma membrane, mitochondrial proton-transporting ATP synthase complex, proton-transporting ATP synthase complex, catalytic core F(1), extracellular vesicular exosome"
"156";156;"P25786";"P25786-1,P25786-2";"PSA1_HUMAN";"Proteasome subunit alpha type-1";"PSMA1";3;3;0,00033755472994815;NA;3;NA;3;NA;NA;"centrosome, extracellular vesicular exosome, proteasome core complex, alpha-subunit complex, cytosol, nucleoplasm, proteasome core complex, polysome"
"157";157;"P26038";"P26038";"MOES_HUMAN";"Moesin";"MSN";28;90;0,0115637512175725;24;21;48;42;0,0154902645890451;0,01224996501242;"apical plasma membrane, apical part of cell, basolateral plasma membrane, filopodium, microvillus membrane, extracellular vesicular exosome, cytoskeleton, cytoplasm, nucleolus, uropod, extrinsic component of membrane, plasma membrane, microvillus, blood microparticle"
"159";159;"P26583";"P26583";"HMGB2_HUMAN";"High mobility group protein B2";"HMGB2";6;10;0,00292944708715933;5;2;8;2;0,00542540903213396;0,00145352711258481;"extracellular space, nucleoplasm, condensed chromosome, perinuclear region of cytoplasm, protein complex"
"160";160;"P26599";"P26599-1,P26599-2,P26599-3";"PTBP1_HUMAN";"Polypyrimidine tract-binding protein 1";"PTBP1";2;3;0,000111458749499515;2;NA;3;NA;NA;NA;"nucleoplasm, nucleolus, extracellular vesicular exosome"
"162";162;"P27348";"P27348";"1433T_HUMAN";"14-3-3 protein theta";"YWHAQ";8;19;0,00552301233433543;5;5;10;9;0,00715740201887714;0,00612413153035049;"cytosol, protein complex, extracellular vesicular exosome, cytoplasmic vesicle membrane"
"165";165;"P27708";"P27708";"PYR1_HUMAN";"CAD protein";"CAD";2;2;5,31996368397684e-05;2;NA;2;NA;0,000127405672777078;NA;"neuronal cell body, terminal bouton, nuclear matrix, protein complex, extracellular vesicular exosome, cytosol"
"166";166;"P27797";"P27797";"CALR_HUMAN";"Calreticulin";"CALR";3;3;0,00042578846031829;3;NA;3;NA;0,0010197036760036;NA;"endocytic vesicle lumen, acrosomal vesicle, nucleus, cytosol, extracellular space, endoplasmic reticulum lumen, perinuclear region of cytoplasm, Golgi apparatus, external side of plasma membrane, sarcoplasmic reticulum lumen, proteinaceous extracellular matrix, polysome, MHC class I peptide loading complex, extracellular vesicular exosome, cell surface, integral component of lumenal side of endoplasmic reticulum membrane"
"167";167;"P27816";"P27816-1,P27816-6";"MAP4_HUMAN";"Microtubule-associated protein 4";"MAP4";5;10;0,000256877586737163;5;3;7;3;NA;NA;"microtubule associated complex, microtubule, mitotic spindle, cytoplasm, plasma membrane"
"169";169;"P28074";"P28074-1";"PSB5_HUMAN";"Proteasome subunit beta type-5";"PSMB5";2;2;0,0004500729732642;2;NA;2;NA;NA;NA;"extracellular vesicular exosome, cytosol, nucleoplasm, proteasome core complex"
"170";170;"P29401";"P29401";"TKT_HUMAN";"Transketolase";"TKT";6;11;0,00104499286649545;6;3;8;3;0,00182008103967255;0,000685715414017864;"extracellular vesicular exosome, cytosol, nucleus, peroxisome"
"172";172;"P29966";"P29966";"MARCS_HUMAN";"Myristoylated alanine-rich C-kinase substrate";"MARCKS";4;9;0,00160440169836801;2;4;2;7;0,000853848258822288;0,0030024145788473;"plasma membrane, extracellular vesicular exosome, centrosome, cell cortex, actin cytoskeleton, germinal vesicle"
"173";173;"P30040";"P30040";"ERP29_HUMAN";"Endoplasmic reticulum resident protein 29";"ERP29";2;2;0,00045352180830837;NA;2;NA;2;NA;0,00109118953495052;"melanosome, cell surface, endoplasmic reticulum lumen, endoplasmic reticulum"
"174";174;"P30041";"P30041";"PRDX6_HUMAN";"Peroxiredoxin-6";"PRDX6";4;10;0,00264216946358225;3;3;5;5;0,0031638127447433;0,00317857665872864;"extracellular space, cytosol, extracellular vesicular exosome, cytoplasmic membrane-bounded vesicle, lysosome"
"175";175;"P30050";"P30050-1";"RL12_HUMAN";"60S ribosomal protein L12";"RPL12";4;13;0,00466302877451606;2;4;4;9;NA;NA;"extracellular vesicular exosome, cytosolic large ribosomal subunit"
"176";176;"P30086";"P30086";"PEBP1_HUMAN";"Phosphatidylethanolamine-binding protein 1";"PEBP1";4;11;0,00348144682260249;3;3;6;5;0,00454776933575935;0,0038074928960172;"extracellular vesicular exosome, cytoplasm"
"177";177;"P30101";"P30101";"PDIA3_HUMAN";"Protein disulfide-isomerase A3";"PDIA3";10;25;0,00292993049426942;9;8;16;9;0,00449073460481583;0,00253782595801859;"endoplasmic reticulum lumen, cell surface, melanosome, extracellular vesicular exosome"
"178";178;"P30536";"P30536-1";"TSPOA_HUMAN";"Translocator protein";"TSPO";2;2;0,000700409419931862;2;NA;2;NA;NA;NA;"extracellular vesicular exosome, integral component of membrane, mitochondrial outer membrane"
"179";179;"P30613";"P30613-1,P30613-2";"KPYR_HUMAN";"Pyruvate kinase isozymes R/L";"PKLR";1;1;5,34817981231145e-05;1;0;1;0;NA;NA;"extracellular vesicular exosome, cytosol"
"180";180;"P31146";"P31146";"COR1A_HUMAN";"Coronin-1A";"CORO1A";9;23;0,00295281064563465;6;7;9;14;0,00276713513813557;0,00432451904632235;"phagocytic cup, immunological synapse, phagocytic vesicle, extracellular vesicular exosome, phagocytic vesicle membrane, cortical actin cytoskeleton, lamellipodium, actin filament"
"181";181;"P31689";"P31689";"DNJA1_HUMAN";"DnaJ homolog subfamily A member 1";"DNAJA1";2;2;0,000298159173724143;2;NA;2;NA;0,000714049425513852;NA;"extracellular vesicular exosome, membrane"
"184";184;"P31946";"P31946-1,P31946-2";"1433B_HUMAN";"14-3-3 protein beta/alpha";"YWHAB";4;8;0,00115801285572288;2;3;3;5;NA;NA;"melanosome, perinuclear region of cytoplasm, extracellular vesicular exosome, cytosol, cytoplasmic vesicle membrane, transcriptional repressor complex"
"186";186;"P32119";"P32119-1";"PRDX2_HUMAN";"Peroxiredoxin-2";"PRDX2";4;11;0,00356786571536212;4;2;7;4;NA;NA;"cytosol, cytoplasm, extracellular vesicular exosome"
"188";188;"P33316";"P33316-2,P33316-3";"DUT_HUMAN";"Deoxyuridine 5'-triphosphate nucleotidohydrolase, mitochondrial";"DUT";1;1;0,000117429753936989;1;NA;1;NA;NA;NA;"nucleoplasm, extracellular vesicular exosome, mitochondrion"
"192";192;"P34932";"P34932";"HSP74_HUMAN";"Heat shock 70 kDa protein 4";"HSPA4";2;2;0,000156573005249318;NA;2;NA;2;NA;0,000423810221163819;"extracellular vesicular exosome, mitochondrion, nucleus"
"193";193;"P35232";"P35232";"PHB_HUMAN";"Prohibitin";"PHB";4;10;0,00217590426412656;3;4;4;6;0,0020843942788897;0,00314118163921419;"mitochondrial inner membrane, extracellular vesicular exosome, integral component of plasma membrane, nucleoplasm"
"194";194;"P35527";"P35527";"K1C9_HUMAN";"Keratin, type I cytoskeletal 9";"KRT9";23;127;0,0121769756990275;19;22;57;70;0,0130551114842284;0,0161839346756707;"intermediate filament, extracellular vesicular exosome, extracellular space"
"195";195;"P35579";"P35579-1";"MYH9_HUMAN";"Myosin-9";"MYH9";45;102;0,00349865746223473;39;24;64;38;NA;NA;"uropod, nucleus, ruffle, plasma membrane, cleavage furrow, protein complex, actomyosin contractile ring, myosin II complex, spindle, stress fiber, cortical cytoskeleton, cytosol, cell-cell adherens junction, immunological synapse, extracellular vesicular exosome, neuromuscular junction"
"197";197;"P35908";"P35908";"K22E_HUMAN";"Keratin, type II cytoskeletal 2 epidermal";"KRT2";21;109;0,0135197538063872;19;20;46;63;0,014281149627081;0,0181936137469615;"keratin filament, intermediate filament, extracellular vesicular exosome, extracellular space, Golgi apparatus"
"199";199;"P36578";"P36578";"RL4_HUMAN";"60S ribosomal protein L4";"RPL4";11;23;0,00318792905769923;9;7;14;9;0,0046471741299836;0,00300141009086508;"cytosolic large ribosomal subunit, extracellular vesicular exosome, nucleolus"
"203";203;"P37802";"P37802";"TAGL2_HUMAN";"Transgelin-2";"TAGLN2";5;11;0,00327151033078726;4;4;5;6;0,00356127665739949;0,00429347440133798;"extracellular vesicular exosome"
"204";204;"P38646";"P38646";"GRP75_HUMAN";"Stress-70 protein, mitochondrial";"HSPA9";10;16;0,00139462965500424;7;8;7;9;0,00146122485530412;0,00188748469631721;"nucleolus, extracellular vesicular exosome, mitochondrial nucleoid"
"205";205;"P39019";"P39019";"RS19_HUMAN";"40S ribosomal protein S19";"RPS19";3;8;0,00326535701982026;2;3;4;4;0,00391003616453792;0,00392828232582188;"nucleolus, extracellular vesicular exosome, cytosolic small ribosomal subunit"
"206";206;"P39023";"P39023";"RL3_HUMAN";"60S ribosomal protein L3";"RPL3";11;27;0,00396522107090457;9;7;17;10;0,00597905654192679;0,00353350457347502;"nucleolus, extracellular vesicular exosome, cytosolic large ribosomal subunit"
"208";208;"P40227";"P40227";"TCPZ_HUMAN";"T-complex protein 1 subunit zeta";"CCT6A";5;7;0,000780211246496603;4;3;4;3;0,00106771232364972;0,000804521097802504;"cytosol, chaperonin-containing T-complex, zona pellucida receptor complex, acrosomal vesicle, extracellular vesicular exosome, cell body, microtubule"
"209";209;"P40925";"P40925-1";"MDHC_HUMAN";"Malate dehydrogenase, cytoplasmic";"MDH1";5;8;0,00141759511339503;2;4;2;6;NA;NA;"centrosome, cytosol, mitochondrion, extracellular vesicular exosome, extracellular space"
"210";210;"P40926";"P40926";"MDHM_HUMAN";"Malate dehydrogenase, mitochondrial";"MDH2";10;19;0,00332694474467634;7;7;10;9;0,00419345594569526;0,00379172221538281;"plasma membrane, mitochondrial matrix, nucleus, mitochondrial inner membrane, extracellular vesicular exosome"
"212";212;"P41091";"P41091,Q2VIR3-1";"IF2G_HUMAN, IF2GL_HUMAN";"Eukaryotic translation initiation factor 2 subunit 3, Putative eukaryotic translation initiation factor 2 subunit 3-like protein";"EIF2S3, EIF2S3L";2;2;0,000125391093186954;NA;2;NA;2;NA;0,000603390823351878;"cytosol, extracellular vesicular exosome"
"214";214;"P41252";"P41252";"SYIC_HUMAN";"Isoleucine--tRNA ligase, cytoplasmic";"IARS";6;10;0,000468974611602554;5;2;7;3;0,000786189918186607;0,00033851085810866;"cytosol, nucleus, extracellular vesicular exosome"
"223";223;"P46777";"P46777";"RL5_HUMAN";"60S ribosomal protein L5";"RPL5";4;8;0,00159419787162942;4;3;5;3;0,00238617526876262;0,00143838620516205;"extracellular vesicular exosome, nucleolus, nucleus, cytosolic large ribosomal subunit"
"224";224;"P46779";"P46779-1";"RL28_HUMAN";"60S ribosomal protein L28";"RPL28";7;19;0,00820808265474893;4;6;10;9;NA;NA;"cytosolic large ribosomal subunit, extracellular vesicular exosome"
"225";225;"P46781";"P46781";"RS9_HUMAN";"40S ribosomal protein S9";"RPS9";8;19;0,00579642950361136;6;5;11;8;0,00803673670417266;0,00587217461076467;"cytosolic small ribosomal subunit, extracellular vesicular exosome, nucleolus"
"226";226;"P46782";"P46782";"RS5_HUMAN";"40S ribosomal protein S5";"RPS5";4;9;0,00261108511695187;2;4;4;5;0,00277919237185294;0,0034902018213491;"extracellular vesicular exosome, cytosolic small ribosomal subunit"
"228";228;"P46940";"P46940";"IQGA1_HUMAN";"Ras GTPase-activating-like protein IQGAP1";"IQGAP1";3;3;0,000107153764606353;2;1;2;1;0,000171078830373566;8,59385843760067e-05;"cell leading edge, actin filament, neuron projection, midbody, cytoplasm, extrinsic component of cytoplasmic side of plasma membrane, nucleus, ribonucleoprotein complex, microtubule, slit diaphragm, lateral plasma membrane, extracellular vesicular exosome"
"229";229;"P47756";"P47756-2";"CAPZB_HUMAN";"F-actin-capping protein subunit beta";"CAPZB";2;4;0,000854651205548625;2;2;2;2;NA;NA;"F-actin capping protein complex, Z disc, extracellular vesicular exosome, cortical cytoskeleton, cytosol, lamellipodium, intercalated disc, acrosomal vesicle, WASH complex, membrane"
"231";231;"P48047";"P48047";"ATPO_HUMAN";"ATP synthase subunit O, mitochondrial";"ATP5O";3;4;0,00111144781191065;2;2;2;2;0,00133088085412676;0,00133709140198163;"plasma membrane, mitochondrial proton-transporting ATP synthase complex"
"233";233;"P49207";"P49207";"RL34_HUMAN";"60S ribosomal protein L34";"RPL34";4;13;0,00657606622047137;3;4;6;7;0,00726865697253845;0,00851967213826754;"extracellular vesicular exosome, cytosolic large ribosomal subunit"
"235";235;"P49327";"P49327";"FAS_HUMAN";"Fatty acid synthase";"FASN";29;64;0,00150848830863859;25;18;38;26;0,00214499196202747;0,0014744747479439;"mitochondrion, plasma membrane, Golgi apparatus, glycogen granule, cytosol, extracellular vesicular exosome, melanosome"
"236";236;"P49368";"P49368-1";"TCPG_HUMAN";"T-complex protein 1 subunit gamma";"CCT3";4;4;0,00043438235584765;4;NA;4;NA;NA;NA;"cytosol, chaperonin-containing T-complex, cell body, microtubule, plasma membrane, extracellular vesicular exosome, zona pellucida receptor complex"
"237";237;"P49411";"P49411";"EFTU_HUMAN";"Elongation factor Tu, mitochondrial";"TUFM";9;17;0,00222596931799141;8;5;11;6;0,00344939584205641;0,00189026859704925;"mitochondrial nucleoid, extracellular vesicular exosome"
"238";238;"P50395";"P50395-1,P50395-2";"GDIB_HUMAN";"Rab GDP dissociation inhibitor beta";"GDI2";2;2;0,000132999092099421;NA;2;NA;2;NA;NA;"membrane, cytosol, extracellular vesicular exosome, Golgi apparatus"
"239";239;"P50502";"P50502,Q8IZP2";"F10A1_HUMAN, ST134_HUMAN";"Hsc70-interacting protein, Putative protein FAM10A4";"ST13, ST13P4";4;13;0,0012633821802876;4;3;7;6;0,00162918173522413;0,00140295797350781;"protein complex, cytosol, cytoplasm, extracellular vesicular exosome"
"240";240;"P50552";"P50552";"VASP_HUMAN";"Vasodilator-stimulated phosphoprotein";"VASP";4;9;0,00140174043120574;4;3;6;3;0,00223798122575526;0,00112421237613981;"tight junction, actin cytoskeleton, plasma membrane, extracellular vesicular exosome, lamellipodium membrane, filopodium membrane, cytosol, focal adhesion"
"241";241;"P50914";"P50914";"RL14_HUMAN";"60S ribosomal protein L14";"RPL14";6;16;0,00440443504999012;5;4;8;8;0,0052740022684465;0,00529861336971323;"cytosolic large ribosomal subunit, extracellular vesicular exosome"
"242";242;"P50990";"P50990";"TCPQ_HUMAN";"T-complex protein 1 subunit theta";"CCT8";8;17;0,00183601848856226;5;6;8;9;0,00206917972210949;0,00233868997956093;"microtubule, intermediate filament cytoskeleton, extracellular vesicular exosome, zona pellucida receptor complex, aggresome, cell body, chaperonin-containing T-complex, cytosol, centrosome"
"243";243;"P50991";"P50991";"TCPD_HUMAN";"T-complex protein 1 subunit delta";"CCT4";6;11;0,0012078488976376;NA;6;NA;11;NA;0,00290612723083762;"cell body, chaperonin-containing T-complex, extracellular vesicular exosome, zona pellucida receptor complex, cytosol, centrosome, melanosome, microtubule, nucleus"
"244";244;"P51572";"P51572-1,P51572-2";"BAP31_HUMAN";"B-cell receptor-associated protein 31";"BCAP31";8;15;0,00180440841415373;7;4;9;6;NA;NA;"Golgi membrane, integral component of plasma membrane, lipid particle, endoplasmic reticulum-Golgi intermediate compartment membrane, integral component of lumenal side of endoplasmic reticulum membrane, cytosol"
"247";247;"P52209";"P52209";"6PGD_HUMAN";"6-phosphogluconate dehydrogenase, decarboxylating";"PGD";2;2;0,00024507079082502;2;NA;2;NA;0,000586910190329191;NA;"extracellular vesicular exosome, cytosol"
"248";248;"P52907";"P52907";"CAZA1_HUMAN";"F-actin-capping protein subunit alpha-1";"CAPZA1";2;4;0,0008277565871922;2;2;2;2;0,000991180496255243;0,000995805834342959;"F-actin capping protein complex, WASH complex, extracellular vesicular exosome, cytosol"
"249";249;"P53396";"P53396-1,P53396-2";"ACLY_HUMAN";"ATP-citrate synthase";"ACLY";2;4;0,000107510619408251;2;2;2;2;NA;NA;"plasma membrane, mitochondrion, citrate lyase complex, nucleus, extracellular vesicular exosome, cytosol"
"250";250;"P53999";"P53999";"TCP4_HUMAN";"Activated RNA polymerase II transcriptional coactivator p15";"SUB1";3;7;0,00326214308574564;3;2;5;2;0,00558026814820865;0,00224252337497706;"nucleolus, extracellular vesicular exosome, transcription factor complex"
"251";251;"P54577";"P54577";"SYYC_HUMAN";"Tyrosine--tRNA ligase, cytoplasmic";"YARS";4;4;0,000448368151395775;2;2;2;2;0,00053688943547159;0,00053939482693577;"cytosol, nucleus, extracellular space"
"252";252;"P54819";"P54819-1,P54819-2,P54819-3,P54819-5";"KAD2_HUMAN";"Adenylate kinase 2, mitochondrial";"AK2";2;4;0,000247634292821097;2;NA;4;NA;NA;NA;"mitochondrial intermembrane space, mitochondrial inner membrane, sperm mitochondrial sheath, cytosol, extracellular vesicular exosome"
"253";253;"P55060";"P55060-1,P55060-3";"XPO2_HUMAN";"Exportin-2";"CSE1L";3;6;0,000182856630229379;3;NA;6;NA;NA;NA;"extracellular vesicular exosome, nucleus, cytoplasm"
"254";254;"P55072";"P55072";"TERA_HUMAN";"Transitional endoplasmic reticulum ATPase";"VCP";7;11;0,000807730218147227;5;4;6;5;0,0010551276250459;0,000883376143368754;"site of double-strand break, proteasome complex, lipid particle, extracellular vesicular exosome, endoplasmic reticulum, nucleus, cytosol, perinuclear region of cytoplasm"
"256";256;"P55884";"P55884-1,P55884-2";"EIF3B_HUMAN";"Eukaryotic translation initiation factor 3 subunit B";"EIF3B";1;1;3,63541744374953e-05;NA;1;NA;1;NA;NA;"eukaryotic translation initiation factor 3 complex, extracellular vesicular exosome, eukaryotic 48S preinitiation complex, eukaryotic 43S preinitiation complex, cytosol"
"260";260;"P60174";"P60174-1,P60174-3";"TPIS_HUMAN";"Triosephosphate isomerase";"TPI1";9;22;0,00227633061477855;8;6;12;10;NA;NA;"cytosol, extracellular space, extracellular vesicular exosome"
"261";261;"P60709";"P60709,P63261";"ACTB_HUMAN, ACTG_HUMAN";"Actin, cytoplasmic 1, Actin, cytoplasmic 2";"ACTB, ACTG1";7;87;0,0158610624958012;7;7;37;50;0,0146263422409607;0,023550951169978;"ribonucleoprotein complex, MLL5-L complex, cortical cytoskeleton, cytosol, blood microparticle, NuA4 histone acetyltransferase complex, cytoskeleton, extracellular vesicular exosome, postsynaptic density, axon"
"262";262;"P60842";"P60842,Q14240-1,Q14240-2";"IF4A1_HUMAN, IF4A2_HUMAN";"Eukaryotic initiation factor 4A-I, Eukaryotic initiation factor 4A-II";"EIF4A1, EIF4A2";2;4;0,00019404785568604;NA;2;NA;4;NA;0,00140295797350781;"cytosol, eukaryotic translation initiation factor 4F complex, extracellular vesicular exosome"
"263";263;"P60866";"P60866-1,P60866-2";"RS20_HUMAN";"40S ribosomal protein S20";"RPS20";3;8;0,00198939818434428;3;3;5;3;NA;NA;"extracellular vesicular exosome, cytosolic small ribosomal subunit"
"264";264;"P61006";"P61006";"RAB8A_HUMAN";"Ras-related protein Rab-8A";"RAB8A";3;6;0,0024016937500852;3;1;5;1;0,00456485703589371;0,00137584767450283;"neuronal cell body, extracellular vesicular exosome, Golgi membrane, dendrite, phagocytic vesicle, postsynaptic density, phagocytic vesicle membrane, recycling endosome membrane, nonmotile primary cilium, cytoplasmic vesicle membrane, plasma membrane"
"265";265;"P61019";"P61019-1,P61019-2";"RAB2A_HUMAN";"Ras-related protein Rab-2A";"RAB2A";1;1;0,00013958631128359;NA;1;NA;1;NA;NA;"endoplasmic reticulum-Golgi intermediate compartment membrane, extracellular vesicular exosome, lysosomal membrane, endoplasmic reticulum membrane, melanosome, Golgi membrane"
"266";266;"P61088";"P61088,Q5JXB2";"UBE2N_HUMAN, UE2NL_HUMAN";"Putative ubiquitin-conjugating enzyme E2 N-like, Ubiquitin-conjugating enzyme E2 N";"UBE2N, UBE2NL";1;2;0,000388095711372081;1;1;1;1;0,00046471741299836;0,000466886014134568;"nucleus, cytosol, UBC13-UEV1A complex, ubiquitin ligase complex, extracellular vesicular exosome, UBC13-MMS2 complex"
"267";267;"P61247";"P61247";"RS3A_HUMAN";"40S ribosomal protein S3a";"RPS3A";8;23;0,00515623374105141;7;7;10;13;0,0053688943547159;0,007012132750165;"extracellular vesicular exosome, cytosolic small ribosomal subunit, nucleolus"
"268";268;"P61254";"P61254";"RL26_HUMAN";"60S ribosomal protein L26";"RPL26";3;6;0,0024490177648652;2;2;3;3;0,00293252712340344;0,00294621174436641;"cytosolic large ribosomal subunit, extracellular vesicular exosome"
"270";270;"P61353";"P61353";"RL27_HUMAN";"60S ribosomal protein L27";"RPL27";3;7;0,00304626596977718;3;2;5;2;0,00521098569722425;0,00209412109280946;"extracellular vesicular exosome, cytosolic large ribosomal subunit"
"271";271;"P61586";"P61586";"RHOA_HUMAN";"Transforming protein RhoA";"RHOA";5;14;0,00429318312839063;4;4;7;7;0,00514078588990413;0,00516477533770623;"cytosol, extracellular vesicular exosome, cell cortex, midbody, cleavage furrow, apical junction complex, plasma membrane, lamellipodium, cytoskeleton"
"272";272;"P61604";"P61604";"CH10_HUMAN";"10 kDa heat shock protein, mitochondrial";"HSPE1";4;10;0,00580241137100415;3;3;4;6;0,00555838474370587;0,00837648437123783;"extracellular vesicular exosome, mitochondrion, mitochondrial matrix"
"273";273;"P61978";"P61978-1,P61978-2,P61978-3";"HNRPK_HUMAN";"Heterogeneous nuclear ribonucleoprotein K";"HNRNPK";12;33;0,00140611351150468;8;10;15;18;NA;NA;"extracellular vesicular exosome, podosome, nucleoplasm, nuclear chromatin, cytoplasm, cell projection, cell junction, catalytic step 2 spliceosome"
"274";274;"P61981";"P61981";"1433G_HUMAN";"14-3-3 protein gamma";"YWHAG";4;10;0,00278550983124217;3;3;5;5;0,00331062311502257;0,003374746344885;"extracellular vesicular exosome, cytosol, cytoplasmic vesicle membrane"
"276";276;"P62241";"P62241";"RS8_HUMAN";"40S ribosomal protein S8";"RPS8";5;18;0,00512174388325174;4;5;6;12;0,00408861954705288;0,00821539813332941;"extracellular vesicular exosome, cytosolic small ribosomal subunit"
"277";277;"P62244";"P62244";"RS15A_HUMAN";"40S ribosomal protein S15a";"RPS15A";3;8;0,00364212898364568;2;2;4;4;0,00436119418352307;0,00438154567110902;"cytosolic small ribosomal subunit, extracellular vesicular exosome"
"278";278;"P62249";"P62249";"RS16_HUMAN";"40S ribosomal protein S16";"RPS16";7;18;0,0072967310117559;6;4;11;7;0,010678951511024;0,00682740849436508;"extracellular vesicular exosome, cytosolic small ribosomal subunit"
"279";279;"P62258";"P62258-1";"1433E_HUMAN";"14-3-3 protein epsilon";"YWHAE";6;18;0,00485661831753047;6;4;9;9;NA;NA;"mitochondrion, cytosol, extracellular vesicular exosome, kinesin complex, cytoplasmic vesicle membrane, melanosome"
"280";280;"P62263";"P62263";"RS14_HUMAN";"40S ribosomal protein S14";"RPS14";5;16;0,00627121546852899;4;5;6;10;0,00563200573368873;0,00943047909344657;"extracellular vesicular exosome, nucleolus, mitochondrion, cytosolic small ribosomal subunit"
"282";282;"P62269";"P62269";"RS18_HUMAN";"40S ribosomal protein S18";"RPS18";10;22;0,00856619152403507;10;4;16;6;0,0149198748383684;0,00562106188069907;"cytosolic small ribosomal subunit, extracellular vesicular exosome"
"283";283;"P62273";"P62273-1";"RS29_HUMAN";"40S ribosomal protein S29";"RPS29";2;5;0,00528433892716449;2;NA;5;NA;NA;NA;"cytosolic small ribosomal subunit, extracellular vesicular exosome"
"284";284;"P62280";"P62280";"RS11_HUMAN";"40S ribosomal protein S11";"RPS11";6;13;0,00486961865693133;5;4;9;4;0,00807372973848416;0,00360506922306438;"cytosolic small ribosomal subunit, extracellular vesicular exosome"
"287";287;"P62328";"P62328";"TYB4_HUMAN";"Thymosin beta-4";"TMSB4X";2;2;0,00269020890837465;NA;2;NA;2;NA;0,00647273792322924;"cytoskeleton, platelet alpha granule lumen, extracellular region"
"290";290;"P62701";"P62701";"RS4X_HUMAN";"40S ribosomal protein S4, X isoform";"RPS4X";12;35;0,0078762770321235;9;9;18;17;0,00970075512304561;0,00920457788322332;"cytosolic small ribosomal subunit, extracellular vesicular exosome, polysome"
"291";291;"P62750";"P62750";"RL23A_HUMAN";"60S ribosomal protein L23a";"RPL23A";4;8;0,0030351074863714;3;4;4;4;0,00363432848626922;0,00365128805925752;"extracellular vesicular exosome, nucleus, TORC2 complex, cytosolic large ribosomal subunit"
"293";293;"P62805";"P62805";"H4_HUMAN";"Histone H4";"HIST1H4J,HIST1H4D,HIST1H4K,HIST1H4C,HIST2H4A,HIST4H4,HIST1H4E,HIST1H4A,HIST1H4B,HIST1H4I,HIST2H4B,HIST1H4H,HIST1H4L,HIST1H4F";5;19;0,0109175468320447;5;4;12;7;0,0165132595298446;0,0096776858269641;"nucleosome, nucleolus, extracellular vesicular exosome, actin cytoskeleton, nucleoplasm"
"294";294;"P62826";"P62826";"RAN_HUMAN";"GTP-binding nuclear protein Ran";"RAN";5;9;0,00246602483267676;5;2;7;2;0,00459338739236805;0,00131852068806521;"melanosome, nucleoplasm, nuclear pore, extracellular vesicular exosome, cytosol"
"295";295;"P62829";"P62829";"RL23_HUMAN";"60S ribosomal protein L23";"RPL23";7;21;0,00887768939763635;4;6;9;12;0,0091117807048607;0,012205734369518;"nucleolus, extracellular vesicular exosome, cytosolic large ribosomal subunit"
"298";298;"P62851";"P62851";"RS25_HUMAN";"40S ribosomal protein S25";"RPS25";2;7;0,00331433737511757;2;2;2;5;0,002267820975432;0,00569600937244173;"cytosolic small ribosomal subunit, extracellular vesicular exosome, nucleolus"
"299";299;"P62854";"P62854";"RS26_HUMAN";"40S ribosomal protein S26";"RPS26";3;12;0,0061757839287905;3;3;6;6;0,00739506839814781;0,0074295774423153;"extracellular vesicular exosome, cytosolic small ribosomal subunit"
"300";300;"P62857";"P62857";"RS28_HUMAN";"40S ribosomal protein S28";"RPS28";1;2;0,00171549553577514;1;NA;2;NA;0,00410837133230434;NA;"extracellular vesicular exosome, cytosolic small ribosomal subunit"
"301";301;"P62879";"P62873,P62879,Q9HAV0";"GBB1_HUMAN, GBB2_HUMAN, GBB4_HUMAN";"Guanine nucleotide-binding protein G(I)/G(S)/G(T) subunit beta-1, Guanine nucleotide-binding protein G(I)/G(S)/G(T) subunit beta-2, Guanine nucleotide-binding protein subunit beta-4";"GNB1, GNB2, GNB4";2;2;0,000116048227420083;2;NA;2;NA;0,000277919237185294;NA;"lysosomal membrane, protein complex, plasma membrane, extracellular vesicular exosome, cell body, perinuclear region of cytoplasm"
"302";302;"P62899";"P62899-1";"RL31_HUMAN";"60S ribosomal protein L31";"RPL31";4;11;0,00520824444661332;4;3;6;5;NA;NA;"cytosolic large ribosomal subunit, extracellular vesicular exosome"
"303";303;"P62906";"P62906";"RL10A_HUMAN";"60S ribosomal protein L10a";"RPL10A";4;11;0,00300014081026113;3;4;4;7;0,00261269697630414;0,00459355594551752;"cytosolic large ribosomal subunit, mitochondrion, extracellular vesicular exosome"
"305";305;"P62913";"P62913-1,P62913-2";"RL11_HUMAN";"60S ribosomal protein L11";"RPL11";3;9;0,00149623978611849;2;3;4;5;NA;NA;"extracellular vesicular exosome, cytosolic large ribosomal subunit, nucleolus"
"307";307;"P62937";"P62937";"PPIA_HUMAN";"Peptidyl-prolyl cis-trans isomerase A";"PPIA";9;32;0,0114782246757318;8;8;17;15;0,0146033926448272;0,0129454758464585;"cytosol, nucleus, extracellular vesicular exosome"
"309";309;"P62987";"P62987";"RL40_HUMAN";"Ubiquitin-60S ribosomal protein L40";"UBA52";5;23;0,0106347320909185;4;4;10;13;0,0110733446066015;0,0144625237972153;"ribosome, plasma membrane, lysosomal membrane, cytosol, nucleoplasm, endocytic vesicle membrane, endosome membrane, cytosolic large ribosomal subunit"
"310";310;"P63104";"P63104";"1433Z_HUMAN";"14-3-3 protein zeta/delta";"YWHAZ";10;22;0,00639506691344103;7;6;11;11;0,00787314222076486;0,00748504964820615;"cytosol, blood microparticle, protein complex, mast cell granule, perinuclear region of cytoplasm, postsynaptic density, melanosome, nucleoplasm, mitochondrion, cell leading edge, extracellular vesicular exosome, cytoplasmic vesicle membrane"
"313";313;"P63244";"P63244";"GBLP_HUMAN";"Guanine nucleotide-binding protein subunit beta-2-like 1";"GNB2L1";4;4;0,00074680878213555;1;3;1;3;0,0004471255866388;0,0013476362868553;"neuronal cell body, mitochondrion, cytoskeleton, phagocytic cup, cytosol, nucleus, perinuclear region of cytoplasm, dendrite, perikaryon, midbody, small ribosomal subunit, extracellular vesicular exosome"
"314";314;"P67809";"P67809";"YBOX1_HUMAN";"Nuclease-sensitive element-binding protein 1";"YBX1";4;9;0,00254075285790939;3;3;4;5;0,00349972372751851;0,00282540147442546;"CRD-mediated mRNA stability complex, cytoplasmic stress granule, U12-type spliceosomal complex, nucleoplasm, histone pre-mRNA 3'end processing complex, extracellular vesicular exosome"
"315";315;"P67936";"P67936-1";"TPM4_HUMAN";"Tropomyosin alpha-4 chain";"TPM4";2;3;0,00107391404003665;1;2;1;2;NA;NA;"filamentous actin, cytosol, podosome, extracellular vesicular exosome, muscle thin filament tropomyosin, stress fiber, cortical cytoskeleton"
"316";316;"P68104";"P68104,Q5VTE0";"EF1A1_HUMAN, EF1A3_HUMAN";"Elongation factor 1-alpha 1, Putative elongation factor 1-alpha-like 3";"EEF1A1, EEF1A1P5";18;77;0,00493204966535352;13;17;27;50;0,00414171850220941;0,00770564038479671;"extracellular space, eukaryotic translation elongation factor 1 complex, nucleus, cytosol, plasma membrane, extracellular vesicular exosome"
"317";317;"P68133";"P68032,P68133";"ACTC_HUMAN, ACTS_HUMAN";"Actin, alpha cardiac muscle 1, Actin, alpha skeletal muscle";"ACTA1, ACTC1";1;2;0,000350340395634263;1;0;2;0;0,000766631227773369;0;"blood microparticle, extracellular vesicular exosome, cytosol, striated muscle thin filament, stress fiber, actin filament"
"319";319;"P68366";"P68366";"TBA4A_HUMAN";"Tubulin alpha-4A chain";"TUBA4A";1;1;0,00739807449803029;0;1;0;1;NA;0,0111250183055502;"microtubule, cytosol, extracellular vesicular exosome"
"320";320;"P68371";"P68371";"TBB4B_HUMAN";"Tubulin beta-4B chain";"TUBB4B";3;5;0,00352797591674253;1;2;2;3;0,00435302715321685;0,00445539194646479;"cytosol, extracellular vesicular exosome, nucleus, microtubule, plasma membrane"
"321";321;"P68431";"P68431,P84243,Q16695,Q71DI3";"H31_HUMAN, H31T_HUMAN, H32_HUMAN, H33_HUMAN";"Histone H3.1, Histone H3.1t, Histone H3.2, Histone H3.3";"H3F3A,H3F3B, HIST1H3C,HIST1H3G,HIST1H3I,HIST1H3F,HIST1H3H,HIST1H3D,HIST1H3E,HIST1H3J,HIST1H3B,HIST1H3A, HIST2H3A,HIST2H3C,HIST2H3D, HIST3H3";2;4;0,000435180852825311;2;NA;4;NA;0,00104219713944485;NA;"nucleosome, nucleoplasm, extracellular vesicular exosome"
"323";323;"P78371";"P78371-1,P78371-2";"TCPB_HUMAN";"T-complex protein 1 subunit beta";"CCT2";4;4;0,000221250826109317;4;NA;4;NA;NA;NA;"zona pellucida receptor complex, cell body, chaperonin-containing T-complex, nucleus, extracellular vesicular exosome, microtubule, cytosol"
"325";325;"P81605";"P81605-1,P81605-2";"DCD_HUMAN";"Dermcidin";"DCD";1;1;0,000269020890837465;1;NA;1;NA;NA;NA;"extracellular vesicular exosome"
"326";326;"P83731";"P83731";"RL24_HUMAN";"60S ribosomal protein L24";"RPL24";6;20;0,00753943897888437;6;6;9;11;0,00812515476866559;0,00997708648039156;"cytosolic large ribosomal subunit, extracellular vesicular exosome"
"327";327;"P84077";"P61204,P84077";"ARF1_HUMAN, ARF3_HUMAN";"ADP-ribosylation factor 1, ADP-ribosylation factor 3";"ARF1, ARF3";3;4;0,00102767254274138;2;2;2;2;0,00156617470679005;0,00110143827643901;"Golgi membrane, postsynaptic membrane, plasma membrane, extracellular vesicular exosome, neuron projection, perinuclear region of cytoplasm, cytosol, sarcomere, cell junction, postsynaptic density"
"328";328;"P84085";"P84085";"ARF5_HUMAN";"ADP-ribosylation factor 5";"ARF5";2;3;0,00155007275196825;0;2;0;3;0;0,00332267213392434;"plasma membrane, perinuclear region of cytoplasm, Golgi apparatus"
"330";330;"Q00325";"Q00325-1,Q00325-2";"MPCP_HUMAN";"Phosphate carrier protein, mitochondrial";"SLC25A3";6;14;0,00114445351350745;5;3;8;6;NA;NA;"mitochondrial inner membrane, extracellular vesicular exosome, integral component of plasma membrane"
"331";331;"Q00610";"Q00610-1,Q00610-2";"CLH1_HUMAN";"Clathrin heavy chain 1";"CLTC";10;15;0,000265005653660786;8;4;10;5;NA;NA;"cytosol, clathrin complex, spindle, mitochondrion, melanosome, trans-Golgi network membrane, extracellular vesicular exosome, clathrin coat of coated pit, clathrin coat of trans-Golgi network vesicle, clathrin-coated endocytic vesicle membrane"
"333";333;"Q00839";"Q00839-1";"HNRPU_HUMAN";"Heterogeneous nuclear ribonucleoprotein U";"HNRNPU";2;8;0,00443476862471457;2;2;5;3;NA;NA;"cell surface, catalytic step 2 spliceosome, CRD-mediated mRNA stability complex, nucleoplasm"
"334";334;"Q00839";"Q00839-2";"HNRPU_HUMAN";"Heterogeneous nuclear ribonucleoprotein U";"HNRNPU";1;3;0,00166303823426797;1;1;2;1;NA;NA;"cell surface, catalytic step 2 spliceosome, CRD-mediated mRNA stability complex, nucleoplasm"
"335";335;"Q01469";"Q01469";"FABP5_HUMAN";"Fatty acid-binding protein, epidermal";"FABP5";3;13;0,00569925739107518;3;3;5;8;0,00524958559127777;0,00843853240361737;"cytoplasm, extracellular vesicular exosome"
"336";336;"Q01518";"Q01518-1,Q01518-2";"CAP1_HUMAN";"Adenylyl cyclase-associated protein 1";"CAP1";6;15;0,000934493620803826;5;5;6;9;NA;NA;"cortical actin cytoskeleton, plasma membrane, extracellular vesicular exosome"
"338";338;"Q01650";"Q01650";"LAT1_HUMAN";"Large neutral amino acids transporter small subunit 1";"SLC7A5";3;6;0,000700409419931862;2;3;2;4;0,000559127459426034;0,00112347324900231;"plasma membrane, extracellular vesicular exosome, integral component of membrane, cytosol, apical plasma membrane"
"339";339;"Q01813";"Q01813";"K6PP_HUMAN";"6-phosphofructokinase type C";"PFKP";1;1;0,0001509811122047;0;1;0;1;NA;0,000363265903854702;"extracellular vesicular exosome, cytosol, 6-phosphofructokinase complex"
"341";341;"Q02790";"Q02790";"FKBP4_HUMAN";"Peptidyl-prolyl cis-trans isomerase FKBP4";"FKBP4";3;3;0,00038682742473361;NA;3;NA;3;NA;0,000930720485693093;"perinuclear region of cytoplasm, microtubule, axonal growth cone, extracellular vesicular exosome, neuronal cell body, cytosol, mitochondrion, nucleus, membrane"
"343";343;"Q04446";"Q04446";"GLGB_HUMAN";"1,4-alpha-glucan-branching enzyme";"GBE1";4;4;0,000337234165152378;2;2;2;2;0,000403814276252136;0,000405698673250835;"cytosol, extracellular vesicular exosome"
"344";344;"Q04837";"Q04837";"SSBP_HUMAN";"Single-stranded DNA-binding protein, mitochondrial";"SSBP1";2;4;0,00159958367524979;2;1;3;1;0,00287308400603716;0,000962163745344886;"mitochondrial nucleoid, extracellular vesicular exosome"
"345";345;"Q04917";"Q04917";"1433F_HUMAN";"14-3-3 protein eta";"YWHAH";2;3;0,000839049912581484;1;1;1;2;0,000664816186512663;0,00135538593038471;"cytoplasmic vesicle membrane, extracellular vesicular exosome, cytosol, intercalated disc, plasma membrane"
"346";346;"Q06187";"Q06187";"BTK_HUMAN";"Tyrosine-protein kinase BTK";"BTK";2;2;0,000179619411181312;2;NA;2;NA;0,00043016331096965;NA;"nucleus, membrane raft, plasma membrane, perinuclear region of cytoplasm, mast cell granule, cytosol, cytoplasmic vesicle"
"347";347;"Q06323";"Q06323";"PSME1_HUMAN";"Proteasome activator complex subunit 1";"PSME1";5;8;0,00190151312399172;2;4;4;4;0,00227692869019277;0,00228755396483603;"extracellular vesicular exosome, cytosol, nucleoplasm, proteasome complex, proteasome activator complex"
"348";348;"Q06830";"Q06830";"PRDX1_HUMAN";"Peroxiredoxin-1";"PRDX1";10;36;0,0133085160152967;8;7;17;19;0,0143919311935434;0,0176405796054974;"extracellular space, nuclear euchromatin, melanosome, mitochondrial matrix, mitochondrion, nucleus, cytosol, extracellular vesicular exosome, peroxisomal matrix, nucleolus"
"355";355;"Q13162";"Q13162";"PRDX4_HUMAN";"Peroxiredoxin-4";"PRDX4";1;2;0,000505753005109082;1;0;2;0;0,00115615266275179;0;"mitochondrion, extracellular space, extracellular vesicular exosome"
"356";356;"Q13200";"Q13200";"PSMD2_HUMAN";"26S proteasome non-ATPase regulatory subunit 2";"PSMD2";2;2;0,000130362546220798;2;NA;2;NA;0,00031220002415088;NA;"extracellular vesicular exosome, cytosol, nucleoplasm, proteasome regulatory particle"
"359";359;"Q13451";"Q13451";"FKBP5_HUMAN";"Peptidyl-prolyl cis-trans isomerase FKBP5";"FKBP5";2;2;0,000259013549165174;NA;2;NA;2;NA;0,000623195773790123;"membrane, nucleus, cytoplasm, extracellular vesicular exosome"
"360";360;"Q13509";"Q13509";"TBB3_HUMAN";"Tubulin beta-3 chain";"TUBB3";0;0;0;0;0;0;0;0;0;"microtubule, axon, cytoplasm, plasma membrane"
"361";361;"Q13765";"Q13765";"NACA_HUMAN";"Nascent polypeptide-associated complex subunit alpha";"NACA";2;6;0,0016516631437463;1;2;2;4;0,00131850056711163;0,00264930668485662;"nucleus, nascent polypeptide-associated complex, extracellular vesicular exosome"
"367";367;"Q14204";"Q14204";"DYHC1_HUMAN";"Cytoplasmic dynein 1 heavy chain 1";"DYNC1H1";4;8;0,000101910625887632;3;3;5;3;0,000152538539565755;9,19502158702388e-05;"Golgi apparatus, cytosol, centrosome, microtubule, cytoplasmic dynein complex, extracellular vesicular exosome"
"368";368;"Q14444";"Q14444-1,Q14444-2";"CAPR1_HUMAN";"Caprin-1";"CAPRIN1";3;4;0,00016695231589349;2;2;2;2;NA;NA;"cytosol, cytoplasmic mRNA processing body, dendrite, cytoplasmic stress granule, integral component of plasma membrane"
"371";371;"Q14697";"Q14697-1,Q14697-2";"GANAB_HUMAN";"Neutral alpha-glucosidase AB";"GANAB";2;5;0,000156738866483693;2;NA;5;NA;NA;NA;"glucosidase II complex, melanosome, extracellular vesicular exosome, endoplasmic reticulum lumen, Golgi apparatus"
"374";374;"Q14974";"Q14974";"IMB1_HUMAN";"Importin subunit beta-1";"KPNB1";4;10;0,00067562324182925;3;3;6;4;0,00097081377372945;0,000650229380415722;"nuclear membrane, nucleoplasm, cytosol, extracellular vesicular exosome, nuclear pore"
"376";376;"Q15046";"Q15046-1,Q15046-2";"SYK_HUMAN";"Lysine--tRNA ligase";"KARS";3;3;0,000148705015035785;3;NA;3;NA;NA;NA;"mitochondrial matrix, cytosol, nucleus, plasma membrane, extracellular region, aminoacyl-tRNA synthetase multienzyme complex, microtubule cytoskeleton"
"378";378;"Q15084";"Q15084-1,Q15084-2";"PDIA6_HUMAN";"Protein disulfide-isomerase A6";"PDIA6";3;9;0,000605297004384296;3;2;5;4;NA;NA;"melanosome, extracellular vesicular exosome, endoplasmic reticulum lumen, endoplasmic reticulum membrane, plasma membrane, endoplasmic reticulum-Golgi intermediate compartment"
"380";380;"Q15365";"Q15365";"PCBP1_HUMAN";"Poly(rC)-binding protein 1";"PCBP1";4;14;0,00355968158266097;4;4;8;6;0,00445919854719774;0,00411429248410719;"nucleoplasm, cytoplasm, extracellular vesicular exosome, ribonucleoprotein complex"
"383";383;"Q16181";"Q16181-1,Q16181-2";"SEPT7_HUMAN";"Septin-7";"SEPT7";5;8;0,000541735432350044;4;3;5;3;NA;NA;"stress fiber, septin complex, extracellular vesicular exosome, synapse, axoneme, microtubule cytoskeleton, cleavage furrow, condensed chromosome kinetochore, nucleolus, midbody, spindle, plasma membrane, axon terminus"
"384";384;"Q16555";"Q16555";"DPYL2_HUMAN";"Dihydropyrimidinase-related protein 2";"DPYSL2";11;24;0,0024832697615766;8;8;12;12;0,00297354148876573;0,00298741750302888;"membrane, cytosol, dendrite, extracellular vesicular exosome, growth cone, mitochondrion, axon, protein complex, neuronal cell body, cytoskeleton"
"385";385;"Q16658";"Q16658";"FSCN1_HUMAN";"Fascin";"FSCN1";8;14;0,00168069846608396;6;4;10;4;0,002875026591572;0,00115537715465349;"invadopodium, cytosol, extracellular vesicular exosome, cell junction, filopodium, stress fiber"
"389";389;"Q29RF7";"Q29RF7-1";"PDS5A_HUMAN";"Sister chromatid cohesion protein PDS5 homolog A";"PDS5A";6;12;0,000531200562311823;4;4;7;5;NA;NA;"cytosol, nucleoplasm, chromatin, plasma membrane, chromosome, centromeric region"
"391";391;"Q562R1";"Q562R1";"ACTBL_HUMAN";"Beta-actin-like protein 2";"ACTBL2";1;2;0,000557518698264553;1;1;1;1;0,000575863520191014;0,000742596132201936;"cytoplasm, extracellular space, cytoskeleton, extracellular vesicular exosome"
"392";392;"Q5XKE5";"Q5XKE5";"K2C79_HUMAN";"Keratin, type II cytoskeletal 79";"KRT79";0;0;0;0;0;0;0;0;0;"extracellular vesicular exosome, keratin filament"
"396";396;"Q71U36";"Q71U36";"TBA1A_HUMAN";"Tubulin alpha-1A chain";"TUBA1A";0;0;NA;0;0;0;0;NA;NA;"cytosol, microtubule, cytoplasmic microtubule, extracellular vesicular exosome"
"397";397;"Q7KZF4";"Q7KZF4";"SND1_HUMAN";"Staphylococcal nuclease domain-containing protein 1";"SND1";6;14;0,00091053224591142;5;3;9;5;0,00140181241613241;0,000782418869840897;"mitochondrion, nucleus, melanosome, extracellular vesicular exosome, RISC complex, cytoplasm"
"398";398;"Q7Z2W4";"Q7Z2W4-1,Q7Z2W4-2,Q7Z2W4-3";"ZCCHV_HUMAN";"Zinc finger CCCH-type antiviral protein 1";"ZC3HAV1";2;10;0,000218716171412573;2;2;4;6;NA;NA;"nucleus, plasma membrane, Golgi apparatus, cytoplasm"
"400";400;"Q7Z6Z7";"Q7Z6Z7-1,Q7Z6Z7-2,Q7Z6Z7-3";"HUWE1_HUMAN";"E3 ubiquitin-protein ligase HUWE1";"HUWE1";11;12;5,41240018145792e-05;4;7;4;8;NA;NA;"nucleus, cytoplasm, extracellular vesicular exosome"
"401";401;"Q86UE4";"Q86UE4";"LYRIC_HUMAN";"Protein LYRIC";"MTDH";6;15;0,00152537618516088;5;5;8;7;0,00194829980707216;0,00171271759480636;"nucleolus, intercellular canaliculus, tight junction, perinuclear region of cytoplasm, endoplasmic reticulum membrane, integral component of membrane, apical plasma membrane, nuclear body, nuclear membrane"
"402";402;"Q86UP2";"Q86UP2-1,Q86UP2-2,Q86UP2-3";"KTN1_HUMAN";"Kinectin";"KTN1";4;4;5,81523910432251e-05;4;NA;4;NA;NA;NA;"integral component of plasma membrane, endoplasmic reticulum membrane"
"403";403;"Q86YV0";"Q86YV0-1,Q86YV0-2";"RASL3_HUMAN";"RAS protein activator like-3";"RASAL3";4;6;0,000175621946540778;4;NA;6;NA;NA;NA;"intrinsic component of the cytoplasmic side of the plasma membrane, cytoplasm, extracellular vesicular exosome"
"404";404;"Q86YZ3";"Q86YZ3";"HORN_HUMAN";"Hornerin";"HRNR";10;25;0,000519163122668792;9;6;16;9;0,000795726658046314;0,000449684950455926;"cornified envelope, extracellular vesicular exosome"
"407";407;"Q8NC51";"Q8NC51-1,Q8NC51-2,Q8NC51-3,Q8NC51-4";"PAIRB_HUMAN";"Plasminogen activator inhibitor 1 RNA-binding protein";"SERBP1";12;27;0,00097915691885695;9;7;13;14;NA;NA;"nucleus, extracellular vesicular exosome, cytoplasm, perinuclear region of cytoplasm, plasma membrane"
"410";410;"Q8TF72";"Q8TF72-1";"SHRM3_HUMAN";"Protein Shroom3";"SHROOM3";2;2;5,93032023890203e-05;2;NA;2;NA;NA;NA;"cytoskeleton, cytoplasm, apical plasma membrane, microtubule, adherens junction, apical junction complex"
"412";412;"Q92598";"Q92598-1,Q92598-2,Q92598-3";"HS105_HUMAN";"Heat shock protein 105 kDa";"HSPH1";5;7;0,000178836299702018;4;2;5;2;NA;NA;"endocytic vesicle lumen, extracellular vesicular exosome, nucleus, microtubule"
"415";415;"Q92930";"Q92930";"RAB8B_HUMAN";"Ras-related protein Rab-8B";"RAB8B";1;2;0,000800564583361732;1;0;2;0;0,00182594281435748;NA;"peroxisomal membrane, mitochondrion, phagocytic vesicle, perinuclear region of cytoplasm, phagocytic vesicle membrane, cell tip, extracellular vesicular exosome, plasma membrane"
"418";418;"Q95604";"Q95604";"1C17_HUMAN";"HLA class I histocompatibility antigen, Cw-17 alpha chain";"HLA-C";1;1;0,000291680356553165;1;0;1;0;0,000762036618088708;NA;"MHC class I protein complex, phagocytic vesicle membrane, ER to Golgi transport vesicle membrane, early endosome membrane, Golgi membrane, integral component of lumenal side of endoplasmic reticulum membrane, cell surface"
"424";424;"Q99497";"Q99497";"PARK7_HUMAN";"Protein DJ-1";"PARK7";4;7;0,00219202207349046;4;NA;7;NA;0,00524958559127777;NA;"cytosol, membrane raft, plasma membrane, nucleus, extracellular vesicular exosome, mitochondrion"
"427";427;"Q99714";"Q99714-1,Q99714-2";"HCD2_HUMAN";"3-hydroxyacyl-CoA dehydrogenase type-2";"HSD17B10";2;2;0,000226760904154185;2;NA;2;NA;NA;NA;"endoplasmic reticulum, mitochondrial inner membrane, mitochondrial matrix, plasma membrane"
"430";430;"Q99832";"Q99832-1,Q99832-3,Q99832-4";"TCPH_HUMAN";"T-complex protein 1 subunit eta";"CCT7";5;9;0,000326986718144985;3;3;4;5;NA;NA;"extracellular vesicular exosome, mitochondrion, chaperonin-containing T-complex, zona pellucida receptor complex, cell body, cytosol, microtubule"
"433";433;"Q9BVC6";"Q9BVC6";"TM109_HUMAN";"Transmembrane protein 109";"TMEM109";2;2;0,000487116016331212;2;NA;2;NA;0,0011665745758395;NA;"nuclear outer membrane, extracellular vesicular exosome, sarcoplasmic reticulum membrane, integral component of membrane, cytoplasm, nuclear membrane"
"434";434;"Q9BVG8";"Q9BVG8-3";"KIFC3_HUMAN";"Kinesin-like protein KIFC3";"KIFC3";2;2;0,000142099870310306;NA;2;NA;2;NA;NA;"extracellular vesicular exosome, Golgi apparatus, zonula adherens, kinesin complex, cytoplasmic vesicle membrane, microtubule, centrosome"
"437";437;"Q9H0U4";"Q9H0U4";"RAB1B_HUMAN";"Ras-related protein Rab-1B";"RAB1B";2;2;0,000824462033611335;2;0;2;0;0,00188044857000995;NA;"extracellular vesicular exosome, mitochondrion, Golgi apparatus, membrane"
"438";438;"Q9H299";"Q9H299";"SH3L3_HUMAN";"SH3 domain-binding glutamic acid-rich-like protein 3";"SH3BGRL3";1;1;0,000636393505206907;NA;1;NA;1;NA;0,00153118531517251;"nucleus, cytoplasm, extracellular vesicular exosome"
"442";442;"Q9NUQ9";"Q9NUQ9";"FA49B_HUMAN";"Protein FAM49B";"FAM49B";3;9;0,00164401655511784;2;3;4;5;0,00174986186375926;0,00219753448010869;"extracellular vesicular exosome, cilium"
"443";443;"Q9NX63";"Q9NX63";"CHCH3_HUMAN";"Coiled-coil-helix-coiled-coil-helix domain-containing protein 3, mitochondrial";"CHCHD3";2;3;0,000782175277324788;2;NA;3;NA;0,00187320014490528;NA;"mitochondrial inner membrane, extracellular vesicular exosome, nucleus"
"446";446;"Q9NZB2";"Q9NZB2-1,Q9NZB2-4,Q9NZB2-6";"F120A_HUMAN";"Constitutive coactivator of PPAR-gamma-like protein 1";"FAM120A";2;2;3,52919475159465e-05;2;NA;2;NA;NA;NA;"plasma membrane, cytoplasm"
"450";450;"Q9UQ80";"Q9UQ80";"PA2G4_HUMAN";"Proliferation-associated protein 2G4";"PA2G4";7;15;0,00225322065929857;5;5;6;9;0,00215845905022081;0,0032527972304553;"ribonucleoprotein complex, nucleolus, cytoplasm, extracellular vesicular exosome"
"453";453;"Q9Y277";"Q9Y277-1,Q9Y277-2";"VDAC3_HUMAN";"Voltage-dependent anion-selective channel protein 3";"VDAC3";2;4;0,000790057425781012;0;2;0;4;NA;NA;"pore complex, mitochondrial outer membrane, extracellular vesicular exosome"
"457";457;"Q9Y490";"Q9Y490";"TLN1_HUMAN";"Talin-1";"TLN1";19;33;0,000768631116678472;12;14;15;18;0,000836710808527153;0,00100873837764611;"cytosol, actin cytoskeleton, ruffle, intracellular membrane-bounded organelle, centrosome, focal adhesion, cell-cell junction, extracellular vesicular exosome, plasma membrane, cell surface, ruffle membrane"
