"";"Protein.Acs";"Protein.G";"ID";"Description";"Gene";"Global.Peptide.Count";"Global.Spectra.Count";"Global.DNSAF";"Peptide.Count.P5571";"Spectra.Count.P5571";"DNSAF.P5571";"Unspecific.Spectra.Count";"Go.Cc";"matched_mask"
"1";"O00182";"O00182-1,O00182-2,Q3B8N2-1,Q3B8N2-2,Q6DKI2";"LEG9B_HUMAN, LEG9C_HUMAN, LEG9_HUMAN";"Galectin-9, Galectin-9B, Galectin-9C";"LGALS9, LGALS9B, LGALS9C";"1";"1";"9.28565430420166E-5";"1";"1";"5.75695736610797E-4";"0";"extracellular region, cytoplasm";FALSE
"2";"O00571";"O00571-1";"DDX3X_HUMAN";"ATP-dependent RNA helicase DDX3X";"DDX3X";"6";"10";"0.00249394159408921";"6";"10";"0";"0";"mitochondrial outer membrane, cytoplasmic stress granule, extracellular vesicular exosome, nucleus, nuclear speck";FALSE
"3";"O14974";"O14974-1,O14974-3,O14974-4";"MYPT1_HUMAN";"Protein phosphatase 1 regulatory subunit 12A";"PPP1R12A";"2";"2";"1.06860151151266E-4";"2";"2";"0";"0";"PTW/PP1 phosphatase complex, kinetochore, nucleoplasm, contractile fiber, centrosome";FALSE
"4";"O43175";"O43175";"SERA_HUMAN";"D-3-phosphoglycerate dehydrogenase";"PHGDH";"2";"2";"6.19508193353492E-4";"2";"2";"7.69034454909733E-4";"0";"extracellular vesicular exosome, cytosol";FALSE
"5";"O43390";"O43390-1,O43390-2";"HNRPR_HUMAN";"Heterogeneous nuclear ribonucleoprotein R";"HNRNPR";"1";"1";"1.82573860142328E-4";"1";"1";"0";"2";"nucleoplasm, cytoplasm, catalytic step 2 spliceosome";FALSE
"6";"O60506";"O60506-1,O60506-2,O60506-3,O60506-4";"HNRPQ_HUMAN";"Heterogeneous nuclear ribonucleoprotein Q";"SYNCRIP";"2";"4";"3.7100883939035E-4";"2";"4";"0";"2";"catalytic step 2 spliceosome, CRD-mediated mRNA stability complex, nucleoplasm, GAIT complex, histone pre-mRNA 3'end processing complex, endoplasmic reticulum";FALSE
"7";"O60814";"O60814,P58876,P62807,Q5QNW6-1,Q5QNW6-2,Q93079,Q99877,Q99879,Q99880";"H2B1C_HUMAN, H2B1D_HUMAN, H2B1H_HUMAN, H2B1K_HUMAN, H2B1L_HUMAN, H2B1M_HUMAN, H2B1N_HUMAN, H2B2F_HUMAN";"Histone H2B type 1-C/E/F/G/I, Histone H2B type 1-D, Histone H2B type 1-H, Histone H2B type 1-K, Histone H2B type 1-L, Histone H2B type 1-M, Histone H2B type 1-N, Histone H2B type 2-F";"HIST1H2BD, HIST1H2BF,HIST1H2BE,HIST1H2BC,HIST1H2BG,HIST1H2BI, HIST1H2BH, HIST1H2BK, HIST1H2BL, HIST1H2BM, HIST1H2BN, HIST2H2BF";"6";"15";"0.00218384832709928";"6";"15";"0.0034855047998885";"0";"nucleus, nucleosome";FALSE
"8";"O60869";"O60869-1";"EDF1_HUMAN";"Endothelial differentiation-related factor 1";"EDF1";"4";"7";"0.00780873334257391";"4";"7";"0";"0";"nucleus, cytoplasm, nucleolus";FALSE
"9";"O75534";"O75534-1,O75534-2";"CSDE1_HUMAN";"Cold shock domain-containing protein E1";"CSDE1";"4";"7";"7.24118129511866E-4";"4";"7";"0";"0";"CRD-mediated mRNA stability complex";FALSE
"10";"O75937";"O75937";"DNJC8_HUMAN";"DnaJ homolog subfamily C member 8";"DNAJC8";"2";"2";"0.00130512990931783";"2";"2";"0.00162013978050153";"0";"nucleoplasm";FALSE
"11";"O75947";"O75947-1";"ATP5H_HUMAN";"ATP synthase subunit d, mitochondrial";"ATP5H";"6";"10";"0.0102545921446401";"6";"10";"0";"0";"mitochondrial proton-transporting ATP synthase complex, mitochondrial proton-transporting ATP synthase complex, coupling factor F(o)";FALSE
"12";"O95182";"O95182";"NDUA7_HUMAN";"NADH dehydrogenase [ubiquinone] 1 alpha subcomplex subunit 7";"NDUFA7";"2";"2";"0.00292210501820718";"2";"2";"0.00362739260590166";"0";"mitochondrial respiratory chain complex I";FALSE
"13";"O95831";"O95831-1,O95831-3";"AIFM1_HUMAN";"Apoptosis-inducing factor 1, mitochondrial";"AIFM1";"3";"5";"6.73323546201899E-4";"3";"5";"0";"0";"perinuclear region of cytoplasm, mitochondrial inner membrane, nucleus, cytosol, mitochondrial intermembrane space";FALSE
"14";"P00367";"P00367,P49448";"DHE3_HUMAN, DHE4_HUMAN";"Glutamate dehydrogenase 1, mitochondrial, Glutamate dehydrogenase 2, mitochondrial";"GLUD1, GLUD2";"2";"2";"2.95876224961838E-4";"2";"2";"3.6728975310653E-4";"0";"mitochondrial matrix";FALSE
"15";"P00558";"P00558";"PGK1_HUMAN";"Phosphoglycerate kinase 1";"PGK1";"9";"18";"0.00712657267030384";"9";"18";"0.00884666254245081";"0";"extracellular vesicular exosome, cytosol";FALSE
"16";"P01892";"P01892,P10316";"1A02_HUMAN, 1A69_HUMAN";"HLA class I histocompatibility antigen, A-2 alpha chain, HLA class I histocompatibility antigen, A-69 alpha chain";"HLA-A";"2";"2";"7.53876408806875E-4";"2";"2";"9.35834165449515E-4";"2";"cell surface, early endosome membrane, integral component of lumenal side of endoplasmic reticulum membrane, ER to Golgi transport vesicle membrane, Golgi membrane, phagocytic vesicle membrane, MHC class I protein complex";FALSE
"17";"P02533";"P02533";"K1C14_HUMAN";"Keratin, type I cytoskeletal 14";"KRT14";"1";"1";"4.76980740163826E-4";"1";"1";"5.9210616978075E-4";"4";"keratin filament, cell periphery, cytosol, extracellular vesicular exosome, nucleus";FALSE
"18";"P02545";"P02545-1,P02545-2";"LMNA_HUMAN";"Prelamin-A/C";"LMNA";"3";"3";"3.72964458272678E-4";"3";"3";"0";"0";"nuclear envelope, nucleoplasm, cytosol, lamin filament, nuclear speck, perinuclear region of cytoplasm";FALSE
"19";"P04075";"P04075";"ALDOA_HUMAN";"Fructose-bisphosphate aldolase A";"ALDOA";"7";"11";"0.00498925348575759";"7";"11";"0.00619347391364802";"0";"extracellular space, extracellular vesicular exosome, I band, actin cytoskeleton, cytosol, platelet alpha granule lumen";FALSE
"20";"P04259";"P04259";"K2C6B_HUMAN";"Keratin, type II cytoskeletal 6B";"KRT6B";"0";"0";"0";"0";"0";"0";"3";"keratin filament, extracellular vesicular exosome";FALSE
"21";"P04264";"P04264";"K2C1_HUMAN";"Keratin, type II cytoskeletal 1";"KRT1";"11";"21";"0.00564002567955205";"11";"21";"0.00700131833716733";"1";"extracellular vesicular exosome, keratin filament, plasma membrane, cytoskeleton, membrane, blood microparticle";FALSE
"22";"P04406";"P04406";"G3P_HUMAN";"Glyceraldehyde-3-phosphate dehydrogenase";"GAPDH";"5";"8";"0.00394266109919297";"5";"8";"0.00489427300855985";"0";"perinuclear region of cytoplasm, extracellular vesicular exosome, lipid particle, nucleus, GAIT complex, cytosol, ribonucleoprotein complex, microtubule cytoskeleton, plasma membrane";FALSE
"23";"P04908";"P04908,Q7L7L0,Q93077";"H2A1B_HUMAN, H2A1C_HUMAN, H2A3_HUMAN";"Histone H2A type 1-B/E, Histone H2A type 1-C, Histone H2A type 3";"HIST1H2AB,HIST1H2AE, HIST1H2AC, HIST3H2A";"1";"2";"0.00366886518952679";"1";"2";"0.00455439293852097";"40";"nucleus, nucleosome, extracellular vesicular exosome";FALSE
"24";"P05114";"P05114";"HMGN1_HUMAN";"Non-histone chromosomal protein HMG-14";"HMGN1";"2";"5";"0.00825494667643528";"2";"5";"0.0102473841116722";"0";"chromatin, nucleus, cytoplasm";FALSE
"25";"P05204";"P05204";"HMGN2_HUMAN";"Non-histone chromosomal protein HMG-17";"HMGN2";"2";"5";"0.00917216297381697";"2";"5";"0.0113859823463024";"0";"cytoplasm, nucleus, chromatin";FALSE
"26";"P05387";"P05387";"RLA2_HUMAN";"60S acidic ribosomal protein P2";"RPLP2";"2";"2";"0.00287128580049923";"2";"2";"0.00356430751710337";"0";"extracellular vesicular exosome, cytosolic large ribosomal subunit";FALSE
"27";"P05787";"P05787";"K2C8_HUMAN";"Keratin, type II cytoskeletal 8";"KRT8";"1";"1";"3.71204241960948E-4";"1";"1";"4.60799154780072E-4";"2";"intermediate filament, nucleoplasm, keratin filament, Z disc, cytoplasm, nuclear matrix, sarcolemma, extracellular vesicular exosome, costamere, dystrophin-associated glycoprotein complex";FALSE
"28";"P06454";"P06454-1,P06454-2";"PTMA_HUMAN";"Prothymosin alpha";"PTMA";"2";"2";"0.00148737777953789";"2";"2";"0";"0";"cytoplasm, nucleus";FALSE
"29";"P06576";"P06576";"ATPB_HUMAN";"ATP synthase subunit beta, mitochondrial";"ATP5B";"5";"8";"0.00249677026130368";"5";"8";"0.00309939784095945";"0";"mitochondrial nucleoid, cell surface, mitochondrial proton-transporting ATP synthase, catalytic core, extracellular vesicular exosome, plasma membrane";FALSE
"30";"P06733";"P06733-1";"ENOA_HUMAN";"Alpha-enolase";"ENO1";"10";"15";"0.00570618433854973";"10";"15";"0";"0";"M band, cytosol, phosphopyruvate hydratase complex, plasma membrane, nucleus, extracellular vesicular exosome, extracellular space";FALSE
"31";"P06748";"P06748-1,P06748-2";"NPM_HUMAN";"Nucleophosmin";"NPM1";"9";"16";"0.00449248798717566";"9";"16";"0";"0";"spindle pole centrosome, ribonucleoprotein complex, cytosol, nucleolus, nucleoplasm";FALSE
"32";"P06753";"P06753-2,P06753-3";"TPM3_HUMAN";"Tropomyosin alpha-3 chain";"TPM3";"3";"5";"0.00269905198173186";"3";"5";"0";"6";"cytosol, stress fiber, extracellular vesicular exosome, muscle thin filament tropomyosin";FALSE
"33";"P07195";"P07195";"LDHB_HUMAN";"L-lactate dehydrogenase B chain";"LDHB";"3";"3";"0.00148292455265304";"3";"3";"0.00184084744521057";"0";"extracellular vesicular exosome, cytosol, mitochondrion";FALSE
"34";"P07237";"P07237";"PDIA1_HUMAN";"Protein disulfide-isomerase";"P4HB";"3";"5";"0.00162498950323529";"3";"5";"0.00201720159678586";"0";"procollagen-proline 4-dioxygenase complex, plasma membrane, melanosome, endoplasmic reticulum-Golgi intermediate compartment, endoplasmic reticulum lumen, extracellular vesicular exosome";FALSE
"35";"P07437";"P07437";"TBB5_HUMAN";"Tubulin beta chain";"TUBB";"1";"2";"0.00337847238495035";"1";"2";"0.00419391009975773";"21";"extracellular vesicular exosome, cytosol, cell body, plasma membrane, microtubule, nuclear envelope lumen";FALSE
"36";"P07900";"P07900-1,P07900-2";"HS90A_HUMAN";"Heat shock protein HSP 90-alpha";"HSP90AA1";"9";"14";"0.00260618617148409";"9";"14";"0";"19";"extracellular vesicular exosome, mitochondrion, apical plasma membrane, basolateral plasma membrane, neuron projection, cell surface, extracellular matrix, perinuclear region of cytoplasm, neuronal cell body, brush border membrane, cytosol, protein complex, endocytic vesicle lumen, melanosome, plasma membrane";FALSE
"37";"P07910";"P07910-1,P07910-2";"HNRPC_HUMAN";"Heterogeneous nuclear ribonucleoproteins C1/C2";"HNRNPC";"9";"16";"0.00431631198767858";"9";"16";"0";"0";"catalytic step 2 spliceosome, nucleoplasm, extracellular vesicular exosome";FALSE
"38";"P07954";"P07954-1,P07954-2";"FUMH_HUMAN";"Fumarate hydratase, mitochondrial";"FH";"3";"3";"4.8558509861384E-4";"3";"3";"0";"0";"tricarboxylic acid cycle enzyme complex, extracellular vesicular exosome, mitochondrial matrix";FALSE
"39";"P08107";"P08107-1";"HSP71_HUMAN";"Heat shock 70 kDa protein 1A/1B";"HSPA1B,HSPA1A";"6";"9";"0.00559738107742305";"6";"9";"0";"25";"blood microparticle, mitochondrion, ribonucleoprotein complex, perinuclear region of cytoplasm, endoplasmic reticulum, extracellular vesicular exosome, aggresome, cytosol, nuclear speck";FALSE
"40";"P08238";"P08238";"HS90B_HUMAN";"Heat shock protein HSP 90-beta";"HSP90AB1";"9";"15";"0.00590951372318246";"9";"15";"0.00733585078235769";"21";"basolateral plasma membrane, extracellular vesicular exosome, brush border membrane, apical plasma membrane, mitochondrion, melanosome, cell surface, cytosol, inclusion body";FALSE
"41";"P08579";"P08579";"RU2B_HUMAN";"U2 small nuclear ribonucleoprotein B''";"SNRPB2";"2";"2";"0.00146754607581072";"2";"2";"0.00182175717540839";"0";"nucleoplasm, catalytic step 2 spliceosome, U2 snRNP";FALSE
"42";"P08670";"P08670";"VIME_HUMAN";"Vimentin";"VIM";"16";"28";"0.0102507778471328";"16";"28";"0.012724934776726";"1";"cell projection, peroxisome, cytosol, extracellular vesicular exosome, intermediate filament, cell leading edge";FALSE
"43";"P08779";"P08779";"K1C16_HUMAN";"Keratin, type I cytoskeletal 16";"KRT16";"1";"1";"4.75972324222676E-4";"1";"1";"5.90854359696647E-4";"4";"intermediate filament, extracellular vesicular exosome";FALSE
"44";"P09429";"P09429";"HMGB1_HUMAN";"High mobility group protein B1";"HMGB1";"2";"4";"0.00375418763579486";"2";"4";"0.0046603090533703";"2";"nucleoplasm, condensed chromosome, cell surface, extracellular space";FALSE
"45";"P09651";"P09651-1,P09651-2,P09651-3";"ROA1_HUMAN";"Heterogeneous nuclear ribonucleoprotein A1";"HNRNPA1";"8";"15";"0.00221907168721378";"8";"15";"0";"0";"extracellular vesicular exosome, intermediate filament cytoskeleton, nucleolus, catalytic step 2 spliceosome, cytoplasm, nucleoplasm";FALSE
"46";"P09661";"P09661";"RU2A_HUMAN";"U2 small nuclear ribonucleoprotein A'";"SNRPA1";"3";"5";"0.00323723399075893";"3";"5";"0.00401858200457733";"0";"catalytic step 2 spliceosome, U2 snRNP, nucleoplasm";FALSE
"47";"P0C0S5";"P0C0S5,Q71UI9-1";"H2AV_HUMAN, H2AZ_HUMAN";"Histone H2A.V, Histone H2A.Z";"H2AFV, H2AFZ";"2";"8";"0.0210673118304859";"2";"8";"0.0523043564033268";"39";"nucleosome, nucleus";FALSE
"48";"P0C0S8";"P0C0S8,P20671,Q16777,Q6FI13,Q96KK5,Q99878,Q9BTM1-1,Q9BTM1-2";"H2A1D_HUMAN, H2A1H_HUMAN, H2A1J_HUMAN, H2A1_HUMAN, H2A2A_HUMAN, H2A2C_HUMAN, H2AJ_HUMAN";"Histone H2A type 1, Histone H2A type 1-D, Histone H2A type 1-H, Histone H2A type 1-J, Histone H2A type 2-A, Histone H2A type 2-C, Histone H2A.J";"H2AFJ, HIST1H2AD, HIST1H2AH, HIST1H2AJ, HIST1H2AM,HIST1H2AL,HIST1H2AG,HIST1H2AI,HIST1H2AK, HIST2H2AA3,HIST2H2AA4, HIST2H2AC";"1";"2";"0.00138514755461321";"1";"2";"0.00229188805938475";"40";"extracellular vesicular exosome, nucleosome, nucleus";FALSE
"49";"P0C7P4";"P0C7P4,P47985";"UCRIL_HUMAN, UCRI_HUMAN";"Cytochrome b-c1 complex subunit Rieske, mitochondrial, Putative cytochrome b-c1 complex subunit Rieske-like protein 1";"UQCRFS1, UQCRFS1P1";"6";"9";"0.0026676667895123";"6";"9";"0.00331154244183302";"0";"mitochondrion, membrane";FALSE
"50";"P0CG47";"P0CG47,P0CG48,P62979,P62987";"RL40_HUMAN, RS27A_HUMAN, UBB_HUMAN, UBC_HUMAN";"Polyubiquitin-B, Polyubiquitin-C, Ubiquitin-40S ribosomal protein S27a, Ubiquitin-60S ribosomal protein L40";"RPS27A, UBA52, UBB, UBC";"5";"20";"0.00275624262986153";"5";"20";"0.00342149719922277";"0";"cytosol, nucleoplasm, endocytic vesicle membrane, endosome membrane, plasma membrane";FALSE
"51";"P10606";"P10606";"COX5B_HUMAN";"Cytochrome c oxidase subunit 5B, mitochondrial";"COX5B";"4";"8";"0.0102386935521678";"4";"8";"0.012709933781919";"0";"mitochondrial inner membrane";FALSE
"52";"P10809";"P10809";"CH60_HUMAN";"60 kDa heat shock protein, mitochondrial";"HSPD1";"16";"36";"0.0103727078656778";"16";"36";"0.0128762941717347";"0";"coated vesicle, mitochondrial matrix, extracellular vesicular exosome, mitochondrial inner membrane, cell surface, early endosome, plasma membrane, secretory granule, lipopolysaccharide receptor complex, coated pit, extracellular space, cytosol";FALSE
"53";"P11021";"P11021";"GRP78_HUMAN";"78 kDa glucose-regulated protein";"HSPA5";"19";"34";"0.00907794175085742";"19";"34";"0.0112690196206807";"5";"extracellular vesicular exosome, cell surface, endoplasmic reticulum lumen, midbody, integral component of endoplasmic reticulum membrane, melanosome, endoplasmic reticulum-Golgi intermediate compartment, endoplasmic reticulum chaperone complex, nucleus";FALSE
"54";"P11142";"P11142-1";"HSP7C_HUMAN";"Heat shock cognate 71 kDa protein";"HSPA8";"18";"49";"0.0163038792254384";"18";"49";"0";"19";"clathrin-sculpted gamma-aminobutyric acid transport vesicle membrane, nucleolus, ribonucleoprotein complex, extracellular vesicular exosome, Prp19 complex, cytosol, melanosome, spliceosomal complex, plasma membrane, blood microparticle";FALSE
"55";"P11940";"P11940-1,P11940-2";"PABP1_HUMAN";"Polyadenylate-binding protein 1";"PABPC1";"9";"14";"0.00181712662688827";"9";"14";"0";"0";"cytosol, catalytic step 2 spliceosome, cytoplasmic stress granule";FALSE
"56";"P12236";"P12236";"ADT3_HUMAN";"ADP/ATP translocase 3";"SLC25A6";"4";"6";"0.0033241396012491";"4";"6";"0.00412646340067336";"0";"integral component of membrane, mitochondrial inner membrane presequence translocase complex";FALSE
"57";"P12270";"P12270";"TPR_HUMAN";"Nucleoprotein TPR";"TPR";"6";"9";"6.28815235615044E-4";"6";"9";"7.80587871392718E-4";"0";"extrinsic component of membrane, mitotic spindle, nuclear inclusion body, kinetochore, nucleoplasm, nuclear pore nuclear basket, nuclear membrane, nuclear periphery, cytoplasmic dynein complex";FALSE
"58";"P13010";"P13010";"XRCC5_HUMAN";"X-ray repair cross-complementing protein 5";"XRCC5";"6";"7";"0.00157881493811604";"6";"7";"0.00195988220715042";"0";"nonhomologous end joining complex, Ku70:Ku80 complex, nuclear telomere cap complex, cytosol, nucleoplasm";FALSE
"59";"P13639";"P13639";"EF2_HUMAN";"Elongation factor 2";"EEF2";"11";"18";"0.0034636139901127";"11";"18";"0.00429960172517714";"0";"polysome, ribonucleoprotein complex, extracellular vesicular exosome, cytosol";FALSE
"60";"P13645";"P13645";"K1C10_HUMAN";"Keratin, type I cytoskeletal 10";"KRT10";"6";"9";"0.00346954483598618";"6";"9";"0.00430696405689833";"4";"cytoplasm, extracellular space, keratin filament, intermediate filament, extracellular vesicular exosome";FALSE
"61";"P13647";"P13647";"K2C5_HUMAN";"Keratin, type II cytoskeletal 5";"KRT5";"1";"1";"3.03884150622268E-4";"1";"1";"3.77230494506398E-4";"2";"keratin filament, cytosol, plasma membrane, extracellular vesicular exosome, mitochondrion";FALSE
"62";"P13796";"P13796";"PLSL_HUMAN";"Plastin-2";"LCP1";"7";"9";"0.00236984115112974";"7";"9";"0.00294183275933173";"0";"extracellular vesicular exosome, actin filament, actin filament bundle, ruffle membrane, phagocytic cup, plasma membrane, filopodium, focal adhesion, cytosol, ruffle, extracellular space";FALSE
"63";"P14317";"P14317";"HCLS1_HUMAN";"Hematopoietic lineage cell-specific protein";"HCLS1";"2";"2";"6.79419479541998E-4";"2";"2";"8.43406099726106E-4";"0";"plasma membrane, transcription factor complex, mitochondrion, cytoplasm, nucleus";FALSE
"64";"P14618";"P14618-1,P14618-2";"KPYM_HUMAN";"Pyruvate kinase isozymes M1/M2";"PKM";"16";"31";"0.00481927207098858";"16";"31";"0";"0";"cytosol, mitochondrion, plasma membrane, nucleus, extracellular vesicular exosome, cilium";FALSE
"65";"P14625";"P14625";"ENPL_HUMAN";"Endoplasmin";"HSP90B1";"7";"11";"0.00243560070537606";"7";"11";"0.00302346422683689";"2";"cytosol, melanosome, midbody, extracellular vesicular exosome, perinuclear region of cytoplasm, endoplasmic reticulum membrane, endocytic vesicle lumen, endoplasmic reticulum lumen, plasma membrane";FALSE
"66";"P14678";"P14678-1,P14678-2,P14678-3,P63162";"RSMB_HUMAN, RSMN_HUMAN";"Small nuclear ribonucleoprotein-associated protein N, Small nuclear ribonucleoprotein-associated proteins B and B'";"SNRPB, SNRPN";"2";"2";"3.43956111518137E-4";"2";"2";"0.00170789735194536";"0";"U12-type spliceosomal complex, catalytic step 2 spliceosome, nucleoplasm, cytosol, U1 snRNP, U4 snRNP, methylosome, histone pre-mRNA 3'end processing complex, SMN-Sm protein complex, U7 snRNP";FALSE
"67";"P14866";"P14866-1,P14866-2";"HNRPL_HUMAN";"Heterogeneous nuclear ribonucleoprotein L";"HNRNPL";"5";"5";"7.00759480172774E-4";"5";"5";"0";"0";"extracellular vesicular exosome, pronucleus, ribonucleoprotein complex, cytoplasm, nucleoplasm";FALSE
"68";"P14927";"P14927";"QCR7_HUMAN";"Cytochrome b-c1 complex subunit 7";"UQCRB";"4";"7";"0.0104116444567652";"4";"7";"0.0129246286093163";"0";"mitochondrial respiratory chain, mitochondrial respiratory chain complex III";FALSE
"69";"P15311";"P15311";"EZRI_HUMAN";"Ezrin";"EZR";"4";"5";"0.0016296655755527";"4";"5";"0.00202300629923261";"8";"cortical cytoskeleton, astrocyte projection, Schwann cell microvillus, nucleolus, cytosol, actin filament, uropod, microvillus, T-tubule, cell body, microspike, extracellular vesicular exosome, extrinsic component of membrane, ruffle membrane, ruffle, filopodium, microvillus membrane, apical plasma membrane, membrane raft, basolateral plasma membrane, cell tip, apical part of cell";FALSE
"70";"P16402";"P16402";"H13_HUMAN";"Histone H1.3";"HIST1H1D";"2";"2";"0.00747053997867446";"2";"2";"0.00927365077979383";"12";"nucleosome, nuclear chromatin";FALSE
"71";"P16403";"P16403";"H12_HUMAN";"Histone H1.2";"HIST1H1C";"1";"1";"0.00387556181992267";"1";"1";"0.00481097845618412";"12";"nucleus, nucleosome";FALSE
"72";"P16949";"P16949-1,P16949-2";"STMN1_HUMAN";"Stathmin";"STMN1";"8";"14";"0.00775632573624791";"8";"14";"0";"0";"membrane, microtubule, intracellular, cytosol, extracellular vesicular exosome";FALSE
"73";"P17066";"P17066";"HSP76_HUMAN";"Heat shock 70 kDa protein 6";"HSPA6";"1";"1";"3.88752206389825E-4";"1";"1";"4.82582545870166E-4";"16";"blood microparticle, extracellular vesicular exosome";FALSE
"74";"P17844";"P17844";"DDX5_HUMAN";"Probable ATP-dependent RNA helicase DDX5";"DDX5";"9";"14";"0.00407817669682742";"9";"14";"0.00506249703671102";"2";"catalytic step 2 spliceosome, extracellular vesicular exosome, nucleolus";FALSE
"75";"P18077";"P18077";"RL35A_HUMAN";"60S ribosomal protein L35a";"RPL35A";"3";"4";"0.00600359758286202";"3";"4";"0.00745264299030704";"0";"cytosolic large ribosomal subunit, extracellular vesicular exosome";FALSE
"76";"P18859";"P18859";"ATP5J_HUMAN";"ATP synthase-coupling factor 6, mitochondrial";"ATP5J";"3";"3";"0.00458608148690849";"3";"3";"0.00569299117315121";"0";"mitochondrial proton-transporting ATP synthase complex, mitochondrial proton-transporting ATP synthase complex, coupling factor F(o)";FALSE
"77";"P19338";"P19338";"NUCL_HUMAN";"Nucleolin";"NCL";"13";"20";"0.0046506741839072";"13";"20";"0.00577317414742095";"0";"ribonucleoprotein complex, nucleoplasm, extracellular vesicular exosome, nucleolus, cell cortex";FALSE
"78";"P20674";"P20674";"COX5A_HUMAN";"Cytochrome c oxidase subunit 5A, mitochondrial";"COX5A";"5";"9";"0.00990593601172233";"5";"9";"0.0122968609340066";"0";"mitochondrial inner membrane";FALSE
"79";"P20700";"P20700";"LMNB1_HUMAN";"Lamin-B1";"LMNB1";"25";"47";"0.0132417233376266";"25";"47";"0.016437783387324";"0";"lamin filament, nuclear envelope, nucleoplasm, nuclear inner membrane";FALSE
"80";"P21333";"P21333-1,P21333-2";"FLNA_HUMAN";"Filamin-A";"FLNA";"4";"5";"1.55930235671237E-4";"4";"5";"0";"0";"cytosol, plasma membrane, dendritic shaft, nucleus, cortical cytoskeleton, actin filament, perinuclear region of cytoplasm, apical dendrite, extracellular vesicular exosome, trans-Golgi network, Myb complex, actin cytoskeleton, neuronal cell body";FALSE
"81";"P21796";"P21796";"VDAC1_HUMAN";"Voltage-dependent anion-selective channel protein 1";"VDAC1";"7";"11";"0.00641727303468467";"7";"11";"0.00796616432709499";"0";"mitochondrial outer membrane, mitochondrial inner membrane, pore complex, extracellular vesicular exosome, mitochondrial nucleoid, plasma membrane";FALSE
"82";"P22626";"P22626-1";"ROA2_HUMAN";"Heterogeneous nuclear ribonucleoproteins A2/B1";"HNRNPA2B1";"10";"23";"0.0107571543092358";"10";"23";"0";"0";"nucleoplasm, cytoplasm, nucleolus, catalytic step 2 spliceosome";FALSE
"83";"P22695";"P22695";"QCR2_HUMAN";"Cytochrome b-c1 complex subunit 2, mitochondrial";"UQCRC2";"9";"14";"0.00510239529669289";"9";"14";"0.00633392395423446";"0";"mitochondrial respiratory chain complex III, mitochondrial inner membrane";FALSE
"84";"P23193";"P23193-1";"TCEA1_HUMAN";"Transcription elongation factor A protein 1";"TCEA1";"4";"6";"0.00329100864176822";"4";"6";"0";"0";"nucleolus, nucleoplasm";FALSE
"85";"P23246";"P23246-1";"SFPQ_HUMAN";"Splicing factor, proline- and glutamine-rich";"SFPQ";"14";"22";"0.00541514908703044";"14";"22";"0";"2";"paraspeckles, nuclear matrix, cytoplasm";FALSE
"86";"P23284";"P23284";"PPIB_HUMAN";"Peptidyl-prolyl cis-trans isomerase B";"PPIB";"6";"8";"0.00611477531587798";"6";"8";"0.00759065489753495";"0";"endoplasmic reticulum lumen, extracellular vesicular exosome, melanosome, macromolecular complex";FALSE
"87";"P23396";"P23396";"RS3_HUMAN";"40S ribosomal protein S3";"RPS3";"6";"11";"0.00747361427496198";"6";"11";"0.00927746709698717";"0";"ruffle membrane, nucleus, extracellular vesicular exosome, cytosolic small ribosomal subunit";FALSE
"88";"P23528";"P23528,Q9Y281-1";"COF1_HUMAN, COF2_HUMAN";"Cofilin-1, Cofilin-2";"CFL1, CFL2";"2";"3";"0.00149185783309071";"2";"3";"0.0037038737753032";"0";"ruffle membrane, extracellular space, cytoplasm, extracellular vesicular exosome, nucleus, cortical actin cytoskeleton, lamellipodium membrane, nuclear matrix";FALSE
"89";"P23588";"P23588";"IF4B_HUMAN";"Eukaryotic translation initiation factor 4B";"EIF4B";"6";"10";"0.00270211020505246";"6";"10";"0.0033542992182233";"0";"cytosol, eukaryotic translation initiation factor 4F complex";FALSE
"90";"P24752";"P24752";"THIL_HUMAN";"Acetyl-CoA acetyltransferase, mitochondrial";"ACAT1";"5";"8";"0.00309318845018652";"5";"8";"0.00383976922217225";"0";"mitochondrial matrix, mitochondrial inner membrane, extracellular vesicular exosome";FALSE
"91";"P25398";"P25398";"RS12_HUMAN";"40S ribosomal protein S12";"RPS12";"2";"2";"0.00250149899285918";"2";"2";"0.00310526791262794";"0";"cytosolic small ribosomal subunit";FALSE
"92";"P25705";"P25705";"ATPA_HUMAN";"ATP synthase subunit alpha, mitochondrial";"ATP5A1";"13";"21";"0.00626957975425464";"13";"21";"0.00778282337595356";"0";"mitochondrial matrix, plasma membrane, mitochondrial proton-transporting ATP synthase complex, proton-transporting ATP synthase complex, catalytic core F(1), extracellular vesicular exosome";FALSE
"93";"P26038";"P26038";"MOES_HUMAN";"Moesin";"MSN";"23";"46";"0.0152267817173652";"23";"46";"0.0189019611099183";"8";"apical plasma membrane, apical part of cell, basolateral plasma membrane, filopodium, microvillus membrane, extracellular vesicular exosome, cytoskeleton, cytoplasm, nucleolus, uropod, extrinsic component of membrane, plasma membrane, microvillus, blood microparticle";FALSE
"94";"P26373";"P26373";"RL13_HUMAN";"60S ribosomal protein L13";"RPL13";"5";"6";"0.00469475640365987";"5";"6";"0.00582789617725432";"0";"cytosolic large ribosomal subunit";FALSE
"95";"P26583";"P26583";"HMGB2_HUMAN";"High mobility group protein B2";"HMGB2";"4";"5";"0.00482745419674578";"4";"5";"0.00599262228752759";"2";"extracellular space, nucleoplasm, condensed chromosome, perinuclear region of cytoplasm, protein complex";FALSE
"96";"P26641";"P26641";"EF1G_HUMAN";"Elongation factor 1-gamma";"EEF1G";"2";"2";"7.55601526447165E-4";"2";"2";"9.37975662395623E-4";"0";"cytosol, eukaryotic translation elongation factor 1 complex";FALSE
"97";"P27348";"P27348";"1433T_HUMAN";"14-3-3 protein theta";"YWHAQ";"2";"3";"0.00281342060196876";"2";"3";"0.00349247580948828";"5";"cytosol, protein complex, extracellular vesicular exosome, cytoplasmic vesicle membrane";FALSE
"98";"P27797";"P27797";"CALR_HUMAN";"Calreticulin";"CALR";"2";"2";"7.91841407811537E-4";"2";"2";"9.82962504716756E-4";"0";"endocytic vesicle lumen, acrosomal vesicle, nucleus, cytosol, extracellular space, endoplasmic reticulum lumen, perinuclear region of cytoplasm, Golgi apparatus, external side of plasma membrane, sarcoplasmic reticulum lumen, proteinaceous extracellular matrix, polysome, MHC class I peptide loading complex, extracellular vesicular exosome, cell surface, integral component of lumenal side of endoplasmic reticulum membrane";FALSE
"99";"P27816";"P27816-1,P27816-6";"MAP4_HUMAN";"Microtubule-associated protein 4";"MAP4";"2";"3";"6.01923195156739E-4";"2";"3";"0";"9";"microtubule associated complex, microtubule, mitotic spindle, cytoplasm, plasma membrane";FALSE
"100";"P27816";"P27816-5";"MAP4_HUMAN";"Microtubule-associated protein 4";"MAP4";"1";"2";"8.02564260208985E-4";"1";"2";"0";"9";"microtubule associated complex, microtubule, mitotic spindle, cytoplasm, plasma membrane";FALSE
"101";"P29401";"P29401";"TKT_HUMAN";"Transketolase";"TKT";"3";"6";"0.0015900378831015";"3";"6";"0.00197381395409416";"0";"extracellular vesicular exosome, cytosol, nucleus, peroxisome";FALSE
"102";"P29590";"P29590-1,P29590-2,P29590-3,P29590-4,P29590-5,P29590-8,P29590-9";"PML_HUMAN";"Protein PML";"PML";"8";"13";"3.4763299900764E-4";"8";"13";"0";"0";"nuclear matrix, nuclear membrane, nucleus, early endosome membrane, nucleolus, cytosol, PML body, cytoplasm, extrinsic component of endoplasmic reticulum membrane";FALSE
"103";"P29692";"P29692-1,P29692-2";"EF1D_HUMAN";"Elongation factor 1-delta";"EEF1D";"5";"9";"0.00264393309921415";"5";"9";"0";"0";"nucleus, eukaryotic translation elongation factor 1 complex, cytosol";FALSE
"104";"P30050";"P30050-1";"RL12_HUMAN";"60S ribosomal protein L12";"RPL12";"3";"6";"0.00600359758286202";"3";"6";"0";"0";"extracellular vesicular exosome, cytosolic large ribosomal subunit";FALSE
"105";"P30101";"P30101";"PDIA3_HUMAN";"Protein disulfide-isomerase A3";"PDIA3";"11";"15";"0.00490392871867442";"11";"15";"0.00608755491782506";"0";"endoplasmic reticulum lumen, cell surface, melanosome, extracellular vesicular exosome";FALSE
"106";"P31146";"P31146";"COR1A_HUMAN";"Coronin-1A";"CORO1A";"5";"9";"0.0032231895916667";"5";"9";"0.0040011478093297";"0";"phagocytic cup, immunological synapse, phagocytic vesicle, extracellular vesicular exosome, phagocytic vesicle membrane, cortical actin cytoskeleton, lamellipodium, actin filament";FALSE
"107";"P31689";"P31689";"DNJA1_HUMAN";"DnaJ homolog subfamily A member 1";"DNAJA1";"2";"2";"8.31732662613126E-4";"2";"2";"0.00103248202636496";"0";"extracellular vesicular exosome, membrane";FALSE
"108";"P31930";"P31930";"QCR1_HUMAN";"Cytochrome b-c1 complex subunit 1, mitochondrial";"UQCRC1";"9";"17";"0.00584725389580832";"9";"17";"0.0072585637457678";"0";"mitochondrial respiratory chain complex III, mitochondrial respiratory chain";FALSE
"109";"P31942";"P31942-1,P31942-2,P31942-3";"HNRH3_HUMAN";"Heterogeneous nuclear ribonucleoprotein H3";"HNRNPH3";"3";"3";"4.77164547770825E-4";"3";"3";"0";"0";"spliceosomal complex";FALSE
"110";"P31943";"P31943";"HNRH1_HUMAN";"Heterogeneous nuclear ribonucleoprotein H";"HNRNPH1";"4";"6";"0.00275777728611424";"4";"6";"0.00342340226447846";"3";"cytoplasm, catalytic step 2 spliceosome, nucleoplasm, actin cytoskeleton";FALSE
"111";"P31946";"P31946-1,P31946-2";"1433B_HUMAN";"14-3-3 protein beta/alpha";"YWHAB";"1";"2";"0.0012024481947382";"1";"2";"0";"7";"melanosome, perinuclear region of cytoplasm, extracellular vesicular exosome, cytosol, cytoplasmic vesicle membrane, transcriptional repressor complex";FALSE
"112";"P31948";"P31948";"STIP1_HUMAN";"Stress-induced-phosphoprotein 1";"STIP1";"6";"8";"0.00243239681073599";"6";"8";"0.00301948703106363";"0";"Golgi apparatus, nucleus";FALSE
"113";"P32119";"P32119-1";"PRDX2_HUMAN";"Peroxiredoxin-2";"PRDX2";"1";"2";"0.00189002146127138";"1";"2";"0";"2";"cytosol, cytoplasm, extracellular vesicular exosome";FALSE
"114";"P33991";"P33991";"MCM4_HUMAN";"DNA replication licensing factor MCM4";"MCM4";"7";"9";"0.0017217733508208";"7";"9";"0.00213734546941019";"0";"MCM complex, nucleoplasm";FALSE
"115";"P33993";"P33993-1";"MCM7_HUMAN";"DNA replication licensing factor MCM7";"MCM7";"6";"9";"0.00206660695654847";"6";"9";"0";"0";"cytosol, MCM complex, nucleoplasm, chromatin";FALSE
"116";"P34897";"P34897-1,P34897-2,P34897-3";"GLYM_HUMAN";"Serine hydroxymethyltransferase, mitochondrial";"SHMT2";"4";"4";"4.36769665419856E-4";"4";"4";"0";"0";"extracellular vesicular exosome, microtubule cytoskeleton, mitochondrial inner membrane, mitochondrial intermembrane space, mitochondrial nucleoid";FALSE
"117";"P34931";"P34931";"HS71L_HUMAN";"Heat shock 70 kDa protein 1-like";"HSPA1L";"0";"0";"0";"0";"0";"0";"24";"mitochondrial matrix, zona pellucida receptor complex, blood microparticle, cell body";FALSE
"118";"P35232";"P35232";"PHB_HUMAN";"Prohibitin";"PHB";"12";"25";"0.0151745343316825";"12";"25";"0.0188371031464562";"0";"mitochondrial inner membrane, extracellular vesicular exosome, integral component of plasma membrane, nucleoplasm";FALSE
"119";"P35527";"P35527";"K1C9_HUMAN";"Keratin, type I cytoskeletal 9";"KRT9";"4";"6";"0.0015900378831015";"4";"6";"0.00197381395409416";"0";"intermediate filament, extracellular vesicular exosome, extracellular space";FALSE
"120";"P35637";"P35637-1,P35637-2";"FUS_HUMAN";"RNA-binding protein FUS";"FUS";"4";"7";"0.00109856704819481";"4";"7";"0";"0";"nucleoplasm, cytoplasm";FALSE
"121";"P35908";"P35908";"K22E_HUMAN";"Keratin, type II cytoskeletal 2 epidermal";"KRT2";"10";"17";"0.00462347725885511";"10";"17";"0.00573941289509685";"1";"keratin filament, intermediate filament, extracellular vesicular exosome, extracellular space, Golgi apparatus";FALSE
"122";"P36542";"P36542-1,P36542-2";"ATPG_HUMAN";"ATP synthase subunit gamma, mitochondrial";"ATP5C1";"3";"6";"0.00166206980062455";"3";"6";"0";"0";"mitochondrial matrix, mitochondrial proton-transporting ATP synthase complex, catalytic core F(1)";FALSE
"123";"P37802";"P37802";"TAGL2_HUMAN";"Transgelin-2";"TAGLN2";"2";"2";"0.00165928576410759";"2";"2";"0.00205977570083863";"0";"extracellular vesicular exosome";FALSE
"124";"P38159";"P38159-1";"RBMX_HUMAN";"RNA-binding motif protein, X chromosome";"RBMX";"8";"13";"0.00548922285389558";"8";"13";"0";"0";"nucleoplasm, extracellular vesicular exosome, extracellular space, catalytic step 2 spliceosome, supraspliceosomal complex, nuclear euchromatin";FALSE
"125";"P38646";"P38646";"GRP75_HUMAN";"Stress-70 protein, mitochondrial";"HSPA9";"10";"16";"0.00389040196827583";"10";"16";"0.00482940046500015";"0";"nucleolus, extracellular vesicular exosome, mitochondrial nucleoid";FALSE
"126";"P38919";"P38919";"IF4A3_HUMAN";"Eukaryotic initiation factor 4A-III";"EIF4A3";"1";"1";"5.35600757595152E-4";"1";"1";"6.64874881535908E-4";"2";"nuclear speck, catalytic step 2 spliceosome, cytosol, exon-exon junction complex";FALSE
"127";"P39019";"P39019";"RS19_HUMAN";"40S ribosomal protein S19";"RPS19";"11";"20";"0.0227722666936146";"11";"20";"0.0282686458253026";"0";"nucleolus, extracellular vesicular exosome, cytosolic small ribosomal subunit";FALSE
"128";"P40926";"P40926";"MDHM_HUMAN";"Malate dehydrogenase, mitochondrial";"MDH2";"4";"10";"0.00488458383221022";"4";"10";"0.00606354089448058";"0";"plasma membrane, mitochondrial matrix, nucleus, mitochondrial inner membrane, extracellular vesicular exosome";FALSE
"129";"P42166";"P42166-1";"LAP2A_HUMAN";"Lamina-associated polypeptide 2, isoform alpha";"TMPO";"6";"9";"0.00214105245210137";"6";"9";"0";"0";"nuclear inner membrane, chromatin, nuclear envelope";FALSE
"130";"P42765";"P42765";"THIM_HUMAN";"3-ketoacyl-CoA thiolase, mitochondrial";"ACAA2";"3";"3";"0.00124759899391969";"3";"3";"0.00154872303954743";"0";"mitochondrial inner membrane, mitochondrion";FALSE
"131";"P43487";"P43487";"RANG_HUMAN";"Ran-specific GTPase-activating protein";"RANBP1";"2";"2";"0.00164277545799707";"2";"2";"0.00203928042023327";"0";"cytoplasm, nuclear envelope, centrosome";FALSE
"132";"P46783";"P46783";"RS10_HUMAN";"40S ribosomal protein S10";"RPS10";"4";"7";"0.00700419718000569";"4";"7";"0.00869475015535822";"0";"nucleolus, cytosolic small ribosomal subunit";FALSE
"133";"P48643";"P48643";"TCPE_HUMAN";"T-complex protein 1 subunit epsilon";"CCT5";"2";"3";"9.15520888329236E-4";"2";"3";"0.00113649361682131";"0";"zona pellucida receptor complex, centrosome, extracellular vesicular exosome, cytosol, chaperonin-containing T-complex, nucleolus, cell body, microtubule";FALSE
"134";"P48735";"P48735";"IDHP_HUMAN";"Isocitrate dehydrogenase [NADP], mitochondrial";"IDH2";"2";"4";"0.00146105250910359";"2";"4";"0.00181369630295083";"0";"mitochondrial matrix, mitochondrial inner membrane";FALSE
"135";"P49006";"P49006";"MRP_HUMAN";"MARCKS-related protein";"MARCKSL1";"2";"2";"0.00169332239516621";"2";"2";"0.0021020275100866";"0";"cytoplasm, extracellular vesicular exosome, plasma membrane";FALSE
"136";"P49327";"P49327";"FAS_HUMAN";"Fatty acid synthase";"FASN";"10";"15";"9.86254083206126E-4";"10";"15";"0.00122429917702177";"0";"mitochondrion, plasma membrane, Golgi apparatus, glycogen granule, cytosol, extracellular vesicular exosome, melanosome";FALSE
"137";"P49368";"P49368-1";"TCPG_HUMAN";"T-complex protein 1 subunit gamma";"CCT3";"3";"7";"0.00212053676091915";"3";"7";"0";"0";"cytosol, chaperonin-containing T-complex, cell body, microtubule, plasma membrane, extracellular vesicular exosome, zona pellucida receptor complex";FALSE
"138";"P49411";"P49411";"EFTU_HUMAN";"Elongation factor Tu, mitochondrial";"TUFM";"8";"13";"0.00474842065458666";"8";"13";"0.0058945129845902";"0";"mitochondrial nucleoid, extracellular vesicular exosome";FALSE
"139";"P49588";"P49588";"SYAC_HUMAN";"Alanine--tRNA ligase, cytoplasmic";"AARS";"3";"3";"5.11670248539377E-4";"3";"3";"6.35168436673896E-4";"0";"cytosol, extracellular vesicular exosome";FALSE
"140";"P49736";"P49736";"MCM2_HUMAN";"DNA replication licensing factor MCM2";"MCM2";"4";"5";"9.13157818189743E-4";"4";"5";"0.00113356018934427";"0";"nuclear origin of replication recognition complex, nucleoplasm, chromatin, MCM complex";FALSE
"141";"P49790";"P49790";"NU153_HUMAN";"Nuclear pore complex protein Nup153";"NUP153";"11";"17";"0.00190283516609356";"11";"17";"0.00236210887997867";"0";"nuclear pore nuclear basket, nuclear membrane, nuclear inclusion body, nucleolus, nucleoplasm, cytoplasm, nuclear periphery";FALSE
"142";"P50454";"P50454";"SERPH_HUMAN";"Serpin H1";"SERPINH1";"2";"2";"7.89947050376582E-4";"2";"2";"9.80610919777243E-4";"0";"endoplasmic reticulum lumen, endoplasmic reticulum-Golgi intermediate compartment, extracellular space";FALSE
"143";"P50502";"P50502";"F10A1_HUMAN";"Hsc70-interacting protein";"ST13";"5";"8";"0.00357938067270906";"5";"8";"0.0044433101839229";"0";"protein complex, cytosol, cytoplasm, extracellular vesicular exosome";FALSE
"144";"P50552";"P50552";"VASP_HUMAN";"Vasodilator-stimulated phosphoprotein";"VASP";"6";"10";"0.0043447087770712";"6";"10";"0.00539336005877483";"0";"tight junction, actin cytoskeleton, plasma membrane, extracellular vesicular exosome, lamellipodium membrane, filopodium membrane, cytosol, focal adhesion";FALSE
"145";"P50990";"P50990";"TCPQ_HUMAN";"T-complex protein 1 subunit theta";"CCT8";"2";"2";"6.02550852294546E-4";"2";"2";"7.47984241727897E-4";"0";"microtubule, intermediate filament cytoskeleton, extracellular vesicular exosome, zona pellucida receptor complex, aggresome, cell body, chaperonin-containing T-complex, cytosol, centrosome";FALSE
"146";"P51571";"P51571";"SSRD_HUMAN";"Translocon-associated protein subunit delta";"SSR4";"3";"3";"0.00286298728662495";"3";"3";"0.00355400605029093";"0";"Sec61 translocon complex, extracellular vesicular exosome, integral component of membrane";FALSE
"147";"P51610";"P51610-1,P51610-2";"HCFC1_HUMAN";"Host cell factor 1";"HCFC1";"3";"3";"1.21694545598554E-4";"3";"3";"0";"0";"histone acetyltransferase complex, MLL5-L complex, Set1C/COMPASS complex, neuronal cell body, mitochondrion, MLL1 complex";FALSE
"148";"P51991";"P51991-1,P51991-2";"ROA3_HUMAN";"Heterogeneous nuclear ribonucleoprotein A3";"HNRNPA3";"3";"4";"8.73539330839712E-4";"3";"4";"0";"0";"nucleoplasm, nucleolus, catalytic step 2 spliceosome";FALSE
"149";"P52272";"P52272-1,P52272-2";"HNRPM_HUMAN";"Heterogeneous nuclear ribonucleoprotein M";"HNRNPM";"19";"35";"0.00395785114623609";"19";"35";"0";"0";"catalytic step 2 spliceosome, nuclear matrix, integral component of plasma membrane, paraspeckles";FALSE
"150";"P52566";"P52566";"GDIR2_HUMAN";"Rho GDP-dissociation inhibitor 2";"ARHGDIB";"1";"1";"8.21387728998535E-4";"1";"1";"0.00101964021011664";"0";"cytosol, cytoskeleton, extracellular vesicular exosome, cytoplasmic membrane-bounded vesicle";FALSE
"151";"P52597";"P52597";"HNRPF_HUMAN";"Heterogeneous nuclear ribonucleoprotein F";"HNRNPF";"3";"6";"0.00298371566618143";"3";"6";"0.0037038737753032";"3";"catalytic step 2 spliceosome, nucleoplasm, cytoplasm";FALSE
"152";"P53999";"P53999";"TCP4_HUMAN";"Activated RNA polymerase II transcriptional coactivator p15";"SUB1";"3";"3";"0.0038999748077647";"3";"3";"0.00484128383228607";"0";"nucleolus, extracellular vesicular exosome, transcription factor complex";FALSE
"153";"P55084";"P55084";"ECHB_HUMAN";"Trifunctional enzyme subunit beta, mitochondrial";"HADHB";"7";"14";"0.00487633980886472";"7";"14";"0.0060533070701861";"0";"mitochondrial outer membrane, endoplasmic reticulum, mitochondrial inner membrane, mitochondrial nucleoid, mitochondrial fatty acid beta-oxidation multienzyme complex";FALSE
"154";"P55884";"P55884-1,P55884-2";"EIF3B_HUMAN";"Eukaryotic translation initiation factor 3 subunit B";"EIF3B";"6";"10";"0.00101412121332129";"6";"10";"0";"0";"eukaryotic translation initiation factor 3 complex, extracellular vesicular exosome, eukaryotic 48S preinitiation complex, eukaryotic 43S preinitiation complex, cytosol";FALSE
"155";"P56385";"P56385";"ATP5I_HUMAN";"ATP synthase subunit e, mitochondrial";"ATP5I";"2";"2";"0.00478547633416538";"2";"2";"0.00594051252850562";"0";"mitochondrial proton-transporting ATP synthase complex, coupling factor F(o), mitochondrial proton-transporting ATP synthase complex";FALSE
"156";"P57737";"P57737-1,P57737-2";"CORO7_HUMAN";"Coronin-7";"CORO7";"2";"2";"1.78485333544547E-4";"2";"2";"0";"0";"Golgi apparatus, cytosol, cytoplasmic membrane-bounded vesicle, Golgi membrane, integral component of membrane";FALSE
"157";"P60174";"P60174-1,P60174-3";"TPIS_HUMAN";"Triosephosphate isomerase";"TPI1";"2";"4";"0.00115453799670423";"2";"4";"0";"0";"cytosol, extracellular space, extracellular vesicular exosome";FALSE
"158";"P60660";"P60660-1,P60660-2";"MYL6_HUMAN";"Myosin light polypeptide 6";"MYL6";"5";"9";"0.00492016689323957";"5";"9";"0";"0";"extracellular vesicular exosome, unconventional myosin complex, cytosol";FALSE
"159";"P60709";"P60709,P63261";"ACTB_HUMAN, ACTG_HUMAN";"Actin, cytoplasmic 1, Actin, cytoplasmic 2";"ACTB, ACTG1";"3";"7";"0.00686995006738891";"3";"7";"0.00852810077738052";"29";"ribonucleoprotein complex, MLL5-L complex, cortical cytoskeleton, cytosol, blood microparticle, NuA4 histone acetyltransferase complex, cytoskeleton, extracellular vesicular exosome, postsynaptic density, axon";FALSE
"160";"P60842";"P60842";"IF4A1_HUMAN";"Eukaryotic initiation factor 4A-I";"EIF4A1";"3";"5";"0.00271098413019221";"3";"5";"0.00336531497920269";"2";"cytosol, eukaryotic translation initiation factor 4F complex, extracellular vesicular exosome";FALSE
"161";"P60866";"P60866-1,P60866-2";"RS20_HUMAN";"40S ribosomal protein S20";"RPS20";"3";"5";"0.00346846499009886";"3";"5";"0";"0";"extracellular vesicular exosome, cytosolic small ribosomal subunit";FALSE
"162";"P61604";"P61604";"CH10_HUMAN";"10 kDa heat shock protein, mitochondrial";"HSPE1";"6";"8";"0.0129489359630357";"6";"8";"0.0160743280183093";"0";"extracellular vesicular exosome, mitochondrion, mitochondrial matrix";FALSE
"163";"P61978";"P61978-1,P61978-2,P61978-3";"HNRPK_HUMAN";"Heterogeneous nuclear ribonucleoprotein K";"HNRNPK";"6";"9";"0.00106975550882531";"6";"9";"0";"0";"extracellular vesicular exosome, podosome, nucleoplasm, nuclear chromatin, cytoplasm, cell projection, cell junction, catalytic step 2 spliceosome";FALSE
"164";"P61981";"P61981";"1433G_HUMAN";"14-3-3 protein gamma";"YWHAG";"2";"3";"0.00359273995027041";"2";"3";"0.00445989389475611";"7";"extracellular vesicular exosome, cytosol, cytoplasmic vesicle membrane";FALSE
"165";"P62195";"P62195";"PRS8_HUMAN";"26S protease regulatory subunit 8";"PSMC5";"3";"3";"0.00121994285858649";"3";"3";"0.00151439174064121";"0";"cytoplasmic vesicle, nucleoplasm, proteasome accessory complex, cytosolic proteasome complex, inclusion body, blood microparticle, extracellular vesicular exosome, nuclear proteasome complex, cytosol";FALSE
"166";"P62249";"P62249";"RS16_HUMAN";"40S ribosomal protein S16";"RPS16";"2";"2";"0.00226162922642062";"2";"2";"0.00280750249634854";"0";"extracellular vesicular exosome, cytosolic small ribosomal subunit";FALSE
"167";"P62258";"P62258-1";"1433E_HUMAN";"14-3-3 protein epsilon";"YWHAE";"2";"2";"0.00164019855531786";"2";"2";"0";"4";"mitochondrion, cytosol, extracellular vesicular exosome, kinesin complex, cytoplasmic vesicle membrane, melanosome";FALSE
"168";"P62263";"P62263";"RS14_HUMAN";"40S ribosomal protein S14";"RPS14";"7";"14";"0.0153071858900787";"7";"14";"0.0190017718627034";"0";"extracellular vesicular exosome, nucleolus, mitochondrion, cytosolic small ribosomal subunit";FALSE
"169";"P62269";"P62269";"RS18_HUMAN";"40S ribosomal protein S18";"RPS18";"3";"5";"0.005430885971339";"3";"5";"0.00674170007346854";"0";"cytosolic small ribosomal subunit, extracellular vesicular exosome";FALSE
"170";"P62273";"P62273-1";"RS29_HUMAN";"40S ribosomal protein S29";"RPS29";"3";"3";"0.00884458572475208";"3";"3";"0";"0";"cytosolic small ribosomal subunit, extracellular vesicular exosome";FALSE
"171";"P62306";"P62306";"RUXF_HUMAN";"Small nuclear ribonucleoprotein F";"SNRPF";"1";"1";"0.00191975504103146";"1";"1";"0.00238311258410981";"0";"U7 snRNP, cytosol, nucleoplasm, U1 snRNP, pICln-Sm protein complex, U12-type spliceosomal complex, methylosome, catalytic step 2 spliceosome, SMN-Sm protein complex, U4 snRNP";FALSE
"172";"P62701";"P62701";"RS4X_HUMAN";"40S ribosomal protein S4, X isoform";"RPS4X";"3";"5";"0.00313876299484231";"3";"5";"0.00389634376869665";"0";"cytosolic small ribosomal subunit, extracellular vesicular exosome, polysome";FALSE
"173";"P62805";"P62805";"H4_HUMAN";"Histone H4";"HIST1H4J,HIST1H4D,HIST1H4K,HIST1H4C,HIST2H4A,HIST4H4,HIST1H4E,HIST1H4A,HIST1H4B,HIST1H4I,HIST2H4B,HIST1H4H,HIST1H4L,HIST1H4F";"3";"10";"0.0160290226726899";"3";"10";"0.0198978332265479";"0";"nucleosome, nucleolus, extracellular vesicular exosome, actin cytoskeleton, nucleoplasm";FALSE
"174";"P62826";"P62826";"RAN_HUMAN";"GTP-binding nuclear protein Ran";"RAN";"6";"9";"0.00687912223036273";"6";"9";"0.00853948675972682";"0";"melanosome, nucleoplasm, nuclear pore, extracellular vesicular exosome, cytosol";FALSE
"175";"P62857";"P62857";"RS28_HUMAN";"40S ribosomal protein S28";"RPS28";"2";"4";"0.00957095266833076";"2";"4";"0.0118810250570112";"0";"extracellular vesicular exosome, cytosolic small ribosomal subunit";FALSE
"176";"P62873";"P62873,P62879,Q9HAV0";"GBB1_HUMAN, GBB2_HUMAN, GBB4_HUMAN";"Guanine nucleotide-binding protein G(I)/G(S)/G(T) subunit beta-1, Guanine nucleotide-binding protein G(I)/G(S)/G(T) subunit beta-2, Guanine nucleotide-binding protein subunit beta-4";"GNB1, GNB2, GNB4";"3";"6";"9.7117019722768E-4";"3";"6";"0.0012055746013732";"0";"heterotrimeric G-protein complex, photoreceptor inner segment, lysosomal membrane, extracellular vesicular exosome, dendrite, cell body, photoreceptor outer segment membrane, photoreceptor disc membrane";FALSE
"177";"P62913";"P62913-1,P62913-2";"RL11_HUMAN";"60S ribosomal protein L11";"RPL11";"4";"8";"0.0037100883939035";"4";"8";"0";"0";"extracellular vesicular exosome, cytosolic large ribosomal subunit, nucleolus";FALSE
"178";"P62937";"P62937";"PPIA_HUMAN";"Peptidyl-prolyl cis-trans isomerase A";"PPIA";"5";"8";"0.00800479677714936";"5";"8";"0.00993685732040939";"0";"cytosol, nucleus, extracellular vesicular exosome";FALSE
"179";"P63104";"P63104";"1433Z_HUMAN";"14-3-3 protein zeta/delta";"YWHAZ";"3";"5";"0.00426786358781688";"3";"5";"0.00529796729583052";"4";"cytosol, blood microparticle, protein complex, mast cell granule, perinuclear region of cytoplasm, postsynaptic density, melanosome, nucleoplasm, mitochondrion, cell leading edge, extracellular vesicular exosome, cytoplasmic vesicle membrane";FALSE
"180";"P63173";"P63173";"RL38_HUMAN";"60S ribosomal protein L38";"RPL38";"2";"3";"0.00884458572475208";"2";"3";"0.0109793401196488";"2";"cytosolic large ribosomal subunit, eukaryotic 80S initiation complex";FALSE
"181";"P63244";"P63244";"GBLP_HUMAN";"Guanine nucleotide-binding protein subunit beta-2-like 1";"GNB2L1";"4";"6";"0.00312490095007014";"4";"6";"0.00387913594132701";"0";"neuronal cell body, mitochondrion, cytoskeleton, phagocytic cup, cytosol, nucleus, perinuclear region of cytoplasm, dendrite, perikaryon, midbody, small ribosomal subunit, extracellular vesicular exosome";FALSE
"182";"P67809";"P67809";"YBOX1_HUMAN";"Nuclease-sensitive element-binding protein 1";"YBX1";"1";"2";"0.001019129219313";"1";"2";"0.00126510914958916";"0";"CRD-mediated mRNA stability complex, cytoplasmic stress granule, U12-type spliceosomal complex, nucleoplasm, histone pre-mRNA 3'end processing complex, extracellular vesicular exosome";FALSE
"183";"P67936";"P67936-1";"TPM4_HUMAN";"Tropomyosin alpha-4 chain";"TPM4";"1";"2";"0.00247267988003822";"1";"2";"0";"6";"filamentous actin, cytosol, podosome, extracellular vesicular exosome, muscle thin filament tropomyosin, stress fiber, cortical cytoskeleton";FALSE
"184";"P68032";"P68032,P68133";"ACTC_HUMAN, ACTS_HUMAN";"Actin, alpha cardiac muscle 1, Actin, alpha skeletal muscle";"ACTA1, ACTC1";"1";"1";"9.76214958420175E-4";"1";"1";"0.00121183698049174";"29";"I band, cytosol, extracellular vesicular exosome, actomyosin, actin portion, blood microparticle";FALSE
"185";"P68104";"P68104,Q5VTE0";"EF1A1_HUMAN, EF1A3_HUMAN";"Elongation factor 1-alpha 1, Putative elongation factor 1-alpha-like 3";"EEF1A1, EEF1A1P5";"10";"22";"0.0039309269887787";"10";"22";"0.0048797067198439";"0";"extracellular space, eukaryotic translation elongation factor 1 complex, nucleus, cytosol, plasma membrane, extracellular vesicular exosome";FALSE
"186";"P68363";"P68363,Q71U36";"TBA1A_HUMAN, TBA1B_HUMAN";"Tubulin alpha-1A chain, Tubulin alpha-1B chain";"TUBA1A, TUBA1B";"9";"14";"0.00256251116341672";"9";"14";"0.00318100615439935";"0";"microtubule, cytoplasmic microtubule";FALSE
"187";"P68371";"P68371";"TBB4B_HUMAN";"Tubulin beta-4B chain";"TUBB4B";"2";"5";"0.00657215658348619";"2";"5";"0.00815843101025587";"19";"cytosol, extracellular vesicular exosome, nucleus, microtubule, plasma membrane";FALSE
"188";"P68431";"P68431,P84243,Q16695,Q71DI3";"H31T_HUMAN, H31_HUMAN, H32_HUMAN, H33_HUMAN";"Histone H3.1, Histone H3.1t, Histone H3.2, Histone H3.3";"H3F3A,H3F3B, HIST1H3C,HIST1H3G,HIST1H3I,HIST1H3F,HIST1H3H,HIST1H3D,HIST1H3E,HIST1H3J,HIST1H3B,HIST1H3A, HIST2H3A,HIST2H3C,HIST2H3D, HIST3H3";"4";"4";"0.0012139627465346";"4";"4";"0.0015069682517165";"0";"nucleosome, nucleoplasm, extracellular vesicular exosome";FALSE
"189";"P78371";"P78371-1,P78371-2";"TCPB_HUMAN";"T-complex protein 1 subunit beta";"CCT2";"5";"8";"0.00123438454974733";"5";"8";"0";"0";"zona pellucida receptor complex, cell body, chaperonin-containing T-complex, nucleus, extracellular vesicular exosome, microtubule, cytosol";FALSE
"190";"P82650";"P82650";"RT22_HUMAN";"28S ribosomal protein S22, mitochondrial";"MRPS22";"1";"1";"4.58608148690849E-4";"1";"1";"5.69299117315121E-4";"0";"mitochondrial small ribosomal subunit";FALSE
"191";"P82979";"P82979";"SARNP_HUMAN";"SAP domain-containing ribonucleoprotein";"SARNP";"7";"10";"0.00786185397755741";"7";"10";"0.0097594134396878";"0";"nuclear speck, transcription export complex";FALSE
"192";"P84101";"P84101";"SERF2_HUMAN";"Small EDRK-rich factor 2";"SERF2";"3";"5";"0.0139914350448056";"3";"5";"0.017368447646902";"0";"nucleus, cytosol";FALSE
"193";"Q00059";"Q00059";"TFAM_HUMAN";"Transcription factor A, mitochondrial";"TFAM";"5";"7";"0.00469793713293065";"5";"7";"0.00583184461639881";"0";"mitochondrial nucleoid";FALSE
"194";"Q00839";"Q00839-1,Q00839-2";"HNRPU_HUMAN";"Heterogeneous nuclear ribonucleoprotein U";"HNRNPU";"5";"5";"5.00299798571835E-4";"5";"5";"0";"0";"cell surface, catalytic step 2 spliceosome, CRD-mediated mRNA stability complex, nucleoplasm";FALSE
"195";"Q01518";"Q01518-1,Q01518-2";"CAP1_HUMAN";"Adenylyl cyclase-associated protein 1";"CAP1";"6";"11";"0.00191167186191133";"6";"11";"0";"0";"cortical actin cytoskeleton, plasma membrane, extracellular vesicular exosome";FALSE
"196";"Q01844";"Q01844-1,Q01844-2,Q01844-3,Q01844-5";"EWS_HUMAN";"RNA-binding protein EWS";"EWSR1";"2";"3";"1.88756402662392E-4";"2";"3";"0";"0";"plasma membrane, nucleus, cytoplasm";FALSE
"197";"Q02790";"Q02790";"FKBP4_HUMAN";"Peptidyl-prolyl cis-trans isomerase FKBP4";"FKBP4";"3";"3";"0.00107907799691964";"3";"3";"0.00133952733485911";"0";"perinuclear region of cytoplasm, microtubule, axonal growth cone, extracellular vesicular exosome, neuronal cell body, cytosol, mitochondrion, nucleus, membrane";FALSE
"198";"Q03252";"Q03252";"LMNB2_HUMAN";"Lamin-B2";"LMNB2";"11";"19";"0.00522813289507568";"11";"19";"0.00649000993739239";"0";"nuclear inner membrane, intermediate filament";FALSE
"199";"Q04837";"Q04837";"SSBP_HUMAN";"Single-stranded DNA-binding protein, mitochondrial";"SSBP1";"3";"6";"0.0066932000079205";"3";"6";"0.00830868982027475";"0";"mitochondrial nucleoid, extracellular vesicular exosome";FALSE
"200";"Q06830";"Q06830";"PRDX1_HUMAN";"Peroxiredoxin-1";"PRDX1";"7";"13";"0.0136614527911525";"7";"13";"0.0169588199369047";"4";"extracellular space, nuclear euchromatin, melanosome, mitochondrial matrix, mitochondrion, nucleus, cytosol, extracellular vesicular exosome, peroxisomal matrix, nucleolus";FALSE
"201";"Q07666";"Q07666-1,Q07666-2";"KHDR1_HUMAN";"KH domain-containing, RNA-binding, signal transduction-associated protein 1";"KHDRBS1";"3";"3";"5.59025734295843E-4";"3";"3";"0";"0";"cytoplasm, Grb2-Sos complex, membrane, nucleus";FALSE
"202";"Q07955";"Q07955-1";"SRSF1_HUMAN";"Serine/arginine-rich splicing factor 1";"SRSF1";"2";"2";"0.00133144301232827";"2";"2";"0";"0";"catalytic step 2 spliceosome, cytoplasm, nuclear speck";FALSE
"203";"Q12931";"Q12931";"TRAP1_HUMAN";"Heat shock protein 75 kDa, mitochondrial";"TRAP1";"2";"2";"4.99291129623101E-4";"2";"2";"6.19801458367269E-4";"2";"mitochondrial inner membrane, mitochondrial matrix";FALSE
"204";"Q13162";"Q13162";"PRDX4_HUMAN";"Peroxiredoxin-4";"PRDX4";"2";"2";"0.00138090128904698";"2";"2";"0.00171419955619609";"2";"mitochondrion, extracellular space, extracellular vesicular exosome";FALSE
"205";"Q13185";"Q13185";"CBX3_HUMAN";"Chromobox protein homolog 3";"CBX3";"4";"7";"0.00631525975246415";"4";"7";"0.00783952882860167";"0";"nuclear inner membrane, spindle, nuclear euchromatin, nuclear centromeric heterochromatin, condensed chromosome, centromeric region";FALSE
"206";"Q13200";"Q13200";"PSMD2_HUMAN";"26S proteasome non-ATPase regulatory subunit 2";"PSMD2";"2";"2";"3.63654038609484E-4";"2";"2";"4.51426612848995E-4";"0";"extracellular vesicular exosome, cytosol, nucleoplasm, proteasome regulatory particle";FALSE
"207";"Q13263";"Q13263-1,Q13263-2";"TIF1B_HUMAN";"Transcription intermediary factor 1-beta";"TRIM28";"4";"7";"6.92031457904754E-4";"4";"7";"0";"0";"nuclear euchromatin, nuclear heterochromatin, nucleoplasm";FALSE
"208";"Q13283";"Q13283";"G3BP1_HUMAN";"Ras GTPase-activating protein-binding protein 1";"G3BP1";"4";"6";"0.00212573734157132";"4";"6";"0.00263881135922889";"0";"cytoplasm, plasma membrane, cytosol, cytoplasmic stress granule, nucleus";FALSE
"209";"Q13347";"Q13347";"EIF3I_HUMAN";"Eukaryotic translation initiation factor 3 subunit I";"EIF3I";"2";"2";"0.00101599343709973";"2";"2";"0.00126121650605196";"0";"eukaryotic 48S preinitiation complex, eukaryotic 43S preinitiation complex, extracellular vesicular exosome, cytosol, eukaryotic translation initiation factor 3 complex";FALSE
"210";"Q13573";"Q13573";"SNW1_HUMAN";"SNW domain-containing protein 1";"SNW1";"2";"2";"6.16040796748901E-4";"2";"2";"7.64730157587477E-4";"0";"nuclear matrix, nucleoplasm, catalytic step 2 spliceosome, chromatin";FALSE
"211";"Q13765";"Q13765";"NACA_HUMAN";"Nascent polypeptide-associated complex subunit alpha";"NACA";"4";"7";"0.00537531411488809";"4";"7";"0.00667271523550747";"0";"nucleus, nascent polypeptide-associated complex, extracellular vesicular exosome";FALSE
"212";"Q13885";"Q13885,Q9BVA1";"TBB2A_HUMAN, TBB2B_HUMAN";"Tubulin beta-2A chain, Tubulin beta-2B chain";"TUBB2A, TUBB2B";"0";"0";"0";"0";"0";"0";"19";"microtubule, extracellular vesicular exosome, cytoplasm, plasma membrane";FALSE
"213";"Q14103";"Q14103-1,Q14103-3";"HNRPD_HUMAN";"Heterogeneous nuclear ribonucleoprotein D0";"HNRNPD";"3";"4";"0.00172739326830839";"3";"4";"0";"6";"nucleoplasm, ribonucleoprotein complex, cytosol";FALSE
"214";"Q14141";"Q14141-1,Q14141-2,Q14141-4";"SEPT6_HUMAN";"Septin-6";"SEPT6";"4";"4";"5.07216385648865E-4";"4";"4";"0";"0";"cleavage furrow, condensed chromosome kinetochore, cytoplasm, axon terminus, septin complex, midbody, spindle, synaptic vesicle";FALSE
"215";"Q14151";"Q14151";"SAFB2_HUMAN";"Scaffold attachment factor B2";"SAFB2";"1";"1";"2.30988364503261E-4";"1";"1";"2.86740373883797E-4";"1";"nucleus, cytoplasm";FALSE
"216";"Q14444";"Q14444-1,Q14444-2";"CAPR1_HUMAN";"Caprin-1";"CAPRIN1";"2";"5";"5.8215420849332E-4";"2";"5";"0";"0";"cytosol, cytoplasmic mRNA processing body, dendrite, cytoplasmic stress granule, integral component of plasma membrane";FALSE
"217";"Q14566";"Q14566";"MCM6_HUMAN";"DNA replication licensing factor MCM6";"MCM6";"6";"7";"0.00140766447588421";"6";"7";"0.00174742238201475";"0";"nucleoplasm, MCM complex";FALSE
"218";"Q15004";"Q15004";"PAF15_HUMAN";"PCNA-associated factor";"KIAA0101";"4";"6";"0.00892426667722733";"4";"6";"0.0110782530936997";"0";"nucleus, perinuclear region of cytoplasm";FALSE
"219";"Q15056";"Q15056-1,Q15056-2";"IF4H_HUMAN";"Eukaryotic translation initiation factor 4H";"EIF4H";"6";"9";"0.00299574677773861";"6";"9";"0";"0";"perinuclear region of cytoplasm, eukaryotic translation initiation factor 4F complex, cytosol";FALSE
"220";"Q15233";"Q15233";"NONO_HUMAN";"Non-POU domain-containing octamer-binding protein";"NONO";"8";"15";"0.00554214013394691";"8";"15";"0.00687980685755234";"2";"paraspeckles, nuclear speck, nuclear matrix, nucleolus";FALSE
"221";"Q15365";"Q15365";"PCBP1_HUMAN";"Poly(rC)-binding protein 1";"PCBP1";"2";"2";"0.00162316367233278";"2";"2";"0.00201493507813779";"3";"nucleoplasm, cytoplasm, extracellular vesicular exosome, ribonucleoprotein complex";FALSE
"222";"Q15366";"Q15366-1,Q15366-2,Q15366-3,Q15366-4,Q15366-5,Q15366-6";"PCBP2_HUMAN";"Poly(rC)-binding protein 2";"PCBP2";"1";"2";"2.63856743082406E-4";"1";"2";"0";"3";"ribonucleoprotein complex, nucleoplasm, cytosol";FALSE
"223";"Q15424";"Q15424";"SAFB1_HUMAN";"Scaffold attachment factor B1";"SAFB";"2";"2";"4.81162647806792E-4";"2";"2";"5.97297434560127E-4";"1";"nucleus";FALSE
"224";"Q15428";"Q15428";"SF3A2_HUMAN";"Splicing factor 3A subunit 2";"SF3A2";"2";"2";"7.11633334175455E-4";"2";"2";"8.83395182040706E-4";"0";"catalytic step 2 spliceosome, small nuclear ribonucleoprotein complex, nucleoplasm";FALSE
"225";"Q15459";"Q15459";"SF3A1_HUMAN";"Splicing factor 3A subunit 1";"SF3A1";"3";"3";"6.24586129364586E-4";"3";"3";"7.7533801601555E-4";"0";"catalytic step 2 spliceosome, nucleoplasm, U2-type spliceosomal complex";FALSE
"226";"Q16555";"Q16555";"DPYL2_HUMAN";"Dihydropyrimidinase-related protein 2";"DPYSL2";"3";"5";"0.00144317249588029";"3";"5";"0.00179150071882381";"0";"membrane, cytosol, dendrite, extracellular vesicular exosome, growth cone, mitochondrion, axon, protein complex, neuronal cell body, cytoskeleton";FALSE
"227";"Q16576";"Q16576-1";"RBBP7_HUMAN";"Histone-binding protein RBBP7";"RBBP7";"2";"2";"7.76936157782144E-4";"2";"2";"0";"0";"NuRD complex, ESC/E(Z) complex";FALSE
"228";"Q16891";"Q16891-1,Q16891-2";"IMMT_HUMAN";"Mitochondrial inner membrane protein";"IMMT";"13";"21";"0.0022869905040256";"13";"21";"0";"0";"integral component of membrane, mitochondrial inner membrane";FALSE
"229";"Q562R1";"Q562R1";"ACTBL_HUMAN";"Beta-actin-like protein 2";"ACTBL2";"1";"1";"0.00102455011941573";"1";"1";"0.00127183845357634";"12";"cytoplasm, extracellular space, cytoskeleton, extracellular vesicular exosome";FALSE
"230";"Q6JBY9";"Q6JBY9-1";"CPZIP_HUMAN";"CapZ-interacting protein";"RCSD1";"2";"2";"7.93744872734161E-4";"2";"2";"0";"0";"actin filament";FALSE
"231";"Q7Z2W4";"Q7Z2W4-1,Q7Z2W4-2,Q7Z2W4-3";"ZCCHV_HUMAN";"Zinc finger CCCH-type antiviral protein 1";"ZC3HAV1";"2";"2";"1.22024341115082E-4";"2";"2";"0";"0";"nucleus, plasma membrane, Golgi apparatus, cytoplasm";FALSE
"232";"Q86YP4";"Q86YP4-1,Q86YP4-2";"P66A_HUMAN";"Transcriptional repressor p66-alpha";"GATAD2A";"4";"8";"0.00123296632823391";"4";"8";"0";"2";"NuRD complex, nuclear speck";FALSE
"233";"Q8IUE6";"Q8IUE6";"H2A2B_HUMAN";"Histone H2A type 2-B";"HIST2H2AB";"1";"1";"0.00380997538912397";"1";"1";"0.00472956189769486";"26";"extracellular vesicular exosome, nucleosome, nucleus";FALSE
"234";"Q8N163";"Q8N163-1";"K1967_HUMAN";"DBIRD complex subunit KIAA1967";"KIAA1967";"4";"7";"0.00125210458797502";"4";"7";"0";"0";"nuclear chromatin, mitochondrial matrix, DBIRD complex";FALSE
"235";"Q8N183";"Q8N183";"MIMIT_HUMAN";"Mimitin, mitochondrial";"NDUFAF2";"4";"7";"0.00683841736509431";"4";"7";"0.00848895725227282";"0";"mitochondrion";FALSE
"236";"Q8NC51";"Q8NC51-1,Q8NC51-2,Q8NC51-3,Q8NC51-4";"PAIRB_HUMAN";"Plasminogen activator inhibitor 1 RNA-binding protein";"SERBP1";"12";"21";"0.00212443480643555";"12";"21";"0";"0";"nucleus, extracellular vesicular exosome, cytoplasm, perinuclear region of cytoplasm, plasma membrane";FALSE
"237";"Q8WW12";"Q8WW12-1";"PCNP_HUMAN";"PEST proteolytic signal-containing nuclear protein";"PCNP";"4";"7";"0.00649265468933112";"4";"7";"0";"0";"nucleus";FALSE
"238";"Q8WXI9";"Q8WXI9";"P66B_HUMAN";"Transcriptional repressor p66-beta";"GATAD2B";"3";"3";"9.87100783016943E-4";"3";"3";"0.00122535023870984";"2";"nuclear speck, nucleus";FALSE
"239";"Q92499";"Q92499";"DDX1_HUMAN";"ATP-dependent RNA helicase DDX1";"DDX1";"1";"1";"2.23106666930683E-4";"1";"1";"2.76956327342492E-4";"0";"cytoplasmic stress granule, cleavage body, tRNA-splicing ligase complex";FALSE
"240";"Q92598";"Q92598-1,Q92598-2,Q92598-3";"HS105_HUMAN";"Heat shock protein 105 kDa";"HSPH1";"5";"10";"6.41409998169019E-4";"5";"10";"0";"0";"endocytic vesicle lumen, extracellular vesicular exosome, nucleus, microtubule";FALSE
"241";"Q92841";"Q92841-1,Q92841-3,Q92841-4";"DDX17_HUMAN";"Probable ATP-dependent RNA helicase DDX17";"DDX17";"7";"10";"8.17819743893146E-4";"7";"10";"0";"2";"nucleus, nucleolus";FALSE
"242";"Q95604";"Q95604";"1C17_HUMAN";"HLA class I histocompatibility antigen, Cw-17 alpha chain";"HLA-C";"1";"1";"7.39690562404595E-4";"1";"1";"9.18224382766325E-4";"2";"MHC class I protein complex, phagocytic vesicle membrane, ER to Golgi transport vesicle membrane, early endosome membrane, Golgi membrane, integral component of lumenal side of endoplasmic reticulum membrane, cell surface";FALSE
"243";"Q96CT7";"Q96CT7";"CC124_HUMAN";"Coiled-coil domain-containing protein 124";"CCDC124";"8";"11";"0.00814389358213346";"8";"11";"0.0101095269263134";"0";"cytoplasm, microtubule organizing center, midbody";FALSE
"244";"Q96HS1";"Q96HS1-1,Q96HS1-2";"PGAM5_HUMAN";"Serine/threonine-protein phosphatase PGAM5, mitochondrial";"PGAM5";"2";"4";"0.00114255317320903";"2";"4";"0";"0";"integral component of membrane, mitochondrial outer membrane";FALSE
"245";"Q96PK6";"Q96PK6-1";"RBM14_HUMAN";"RNA-binding protein 14";"RBM14";"2";"2";"4.93569308008088E-4";"2";"2";"0";"0";"mediator complex, ribonucleoprotein complex, transcription factor complex";FALSE
"246";"Q96T88";"Q96T88-1,Q96T88-2";"UHRF1_HUMAN";"E3 ubiquitin-protein ligase UHRF1";"UHRF1";"1";"1";"1.04097688227431E-4";"1";"1";"0";"0";"nuclear chromatin, nuclear matrix, replication fork, heterochromatin, euchromatin";FALSE
"247";"Q99623";"Q99623";"PHB2_HUMAN";"Prohibitin-2";"PHB2";"14";"30";"0.0165651103874955";"14";"30";"0.0205633125986733";"0";"protein complex, mitochondrial inner membrane, nuclear matrix";FALSE
"248";"Q99653";"Q99653";"CHP1_HUMAN";"Calcineurin B homologous protein 1";"CHP1";"3";"3";"0.00253998359274932";"3";"3";"0.0031530412651299";"0";"endoplasmic reticulum-Golgi intermediate compartment, transport vesicle, plasma membrane, endoplasmic reticulum, cytosol, microtubule cytoskeleton, Golgi membrane, nucleus, extracellular vesicular exosome";FALSE
"249";"Q99729";"Q99729-2,Q99729-3";"ROAA_HUMAN";"Heterogeneous nuclear ribonucleoprotein A/B";"HNRNPAB";"2";"3";"0.00138529655929852";"2";"3";"0";"6";"nucleus, cytoplasm, ribonucleoprotein complex";FALSE
"250";"Q99832";"Q99832-1,Q99832-2,Q99832-3,Q99832-4";"TCPH_HUMAN";"T-complex protein 1 subunit eta";"CCT7";"2";"2";"1.52024800671E-4";"2";"2";"0";"0";"extracellular vesicular exosome, mitochondrion, chaperonin-containing T-complex, zona pellucida receptor complex, cell body, cytosol, microtubule";FALSE
"251";"Q9BU61";"Q9BU61-1";"NDUF3_HUMAN";"NADH dehydrogenase [ubiquinone] 1 alpha subcomplex assembly factor 3";"NDUFAF3";"2";"2";"0.00179455362531202";"2";"2";"0";"0";"nucleus, mitochondrial inner membrane";FALSE
"252";"Q9BUF5";"Q9BUF5";"TBB6_HUMAN";"Tubulin beta-6 chain";"TUBB6";"2";"3";"0.00229509728223761";"2";"3";"0.00284904849741559";"6";"plasma membrane, extracellular vesicular exosome, cytoplasm, microtubule";FALSE
"253";"Q9BY77";"Q9BY77-1";"PDIP3_HUMAN";"Polymerase delta-interacting protein 3";"POLDIP3";"4";"8";"0.00313727189603241";"4";"8";"0";"0";"cytoplasm, nuclear speck";FALSE
"254";"Q9GZT3";"Q9GZT3";"SLIRP_HUMAN";"SRA stem-loop-interacting RNA-binding protein, mitochondrial";"SLIRP";"3";"5";"0.00757334557471126";"3";"5";"0.00940126982722219";"0";"mitochondrion, ribonucleoprotein complex, nucleus";FALSE
"255";"Q9H4G4";"Q9H4G4";"GAPR1_HUMAN";"Golgi-associated plant pathogenesis-related protein 1";"GLIPR2";"2";"2";"0.00214414199387929";"2";"2";"0.00266165821082394";"0";"Golgi membrane, extracellular vesicular exosome";FALSE
"256";"Q9H9B4";"Q9H9B4";"SFXN1_HUMAN";"Sideroflexin-1";"SFXN1";"3";"3";"0.00153818882169601";"3";"3";"0.00190945045559109";"0";"mitochondrial inner membrane, integral component of membrane, mitochondrion";FALSE
"257";"Q9HB71";"Q9HB71-1";"CYBP_HUMAN";"Calcyclin-binding protein";"CACYBP";"5";"7";"0.00506882690658306";"5";"7";"0";"0";"nuclear envelope lumen, cell body, neuron projection, extracellular vesicular exosome, beta-catenin destruction complex";FALSE
"258";"Q9NSI8";"Q9NSI8-1,Q9NSI8-3";"SAMN1_HUMAN";"SAM domain-containing protein SAMSN-1";"SAMSN1";"2";"2";"4.42624486672133E-4";"2";"2";"0";"0";"nucleus, cytoplasm, ruffle";FALSE
"259";"Q9NVI7";"Q9NVI7-2";"ATD3A_HUMAN";"ATPase family AAA domain-containing protein 3A";"ATAD3A";"7";"8";"0.00208326730004676";"7";"8";"0";"0";"mitochondrial nucleoid, integral component of membrane, mitochondrion, mitochondrial inner membrane";FALSE
"260";"Q9NX63";"Q9NX63";"CHCH3_HUMAN";"Coiled-coil-helix-coiled-coil-helix domain-containing protein 3, mitochondrial";"CHCHD3";"6";"9";"0.00654577269497071";"6";"9";"0.00812567903128191";"0";"mitochondrial inner membrane, extracellular vesicular exosome, nucleus";FALSE
"261";"Q9P0J0";"Q9P0J0";"NDUAD_HUMAN";"NADH dehydrogenase [ubiquinone] 1 alpha subcomplex subunit 13";"NDUFA13";"2";"4";"0.00458608148690849";"2";"4";"0.00569299117315121";"0";"nucleoplasm, integral component of membrane, mitochondrial respiratory chain complex I";FALSE
"262";"Q9UHX1";"Q9UHX1-1,Q9UHX1-2,Q9UHX1-3,Q9UHX1-4,Q9UHX1-5,Q9UHX1-6";"PUF60_HUMAN";"Poly(U)-binding-splicing factor PUF60";"PUF60";"6";"6";"2.95346929389455E-4";"6";"6";"0";"0";"nucleus, ribonucleoprotein complex";FALSE
"263";"Q9UI08";"Q9UI08-1,Q9UI08-2";"EVL_HUMAN";"Ena/VASP-like protein";"EVL";"2";"2";"3.96872436367081E-4";"2";"2";"0";"0";"cytosol, focal adhesion, lamellipodium, cytoskeleton";FALSE
"264";"Q9UJZ1";"Q9UJZ1";"STML2_HUMAN";"Stomatin-like protein 2";"STOML2";"6";"9";"0.00417384944314143";"6";"9";"0.00518126162949717";"0";"mitochondrial intermembrane space, cytoskeleton, extrinsic component of plasma membrane, mitochondrial inner membrane, membrane raft";FALSE
"265";"Q9UKM9";"Q9UKM9-1,Q9UKM9-2";"RALY_HUMAN";"RNA-binding protein Raly";"RALY";"5";"9";"0.0024279254930692";"5";"9";"0";"0";"catalytic step 2 spliceosome";FALSE
"266";"Q9Y230";"Q9Y230";"RUVB2_HUMAN";"RuvB-like 2";"RUVBL2";"4";"5";"0.00178292584804218";"4";"5";"0.00221325790748859";"0";"NuA4 histone acetyltransferase complex, extracellular vesicular exosome, membrane, nuclear matrix, MLL1 complex, Ino80 complex, cytoplasm, ribonucleoprotein complex";FALSE
"267";"Q9Y237";"Q9Y237-1,Q9Y237-2";"PIN4_HUMAN";"Peptidyl-prolyl cis-trans isomerase NIMA-interacting 4";"PIN4";"4";"8";"0.00504118881003681";"4";"8";"0";"0";"preribosome, mitochondrial matrix, cytoplasm, spindle, nucleolus";FALSE
"268";"Q9Y266";"Q9Y266";"NUDC_HUMAN";"Nuclear migration protein nudC";"NUDC";"6";"9";"0.00448909486936057";"6";"9";"0.00557259558942898";"0";"microtubule, nucleoplasm, cytosol";FALSE
"269";"Q9Y3I0";"Q9Y3I0";"RTCB_HUMAN";"tRNA-splicing ligase RtcB homolog";"C22orf28";"3";"3";"9.80785743734885E-4";"3";"3";"0.00121751098356501";"0";"cytoplasm, tRNA-splicing ligase complex";FALSE
"270";"Q9Y490";"Q9Y490";"TLN1_HUMAN";"Talin-1";"TLN1";"5";"7";"4.54817998701668E-4";"5";"7";"5.64594165932352E-4";"0";"cytosol, actin cytoskeleton, ruffle, intracellular membrane-bounded organelle, centrosome, focal adhesion, cell-cell junction, extracellular vesicular exosome, plasma membrane, cell surface, ruffle membrane";FALSE
