"";"protein.g";"protein.acs";"ID";"Description";"Gene";"global.peptide.count";"global.spectra.count";"global.dNSAF";"peptide.count.P5745-3.id.csv";"peptide.count.P5745-4.id.csv";"spectra.count.P5745-3.id.csv";"spectra.count.P5745-4.id.csv";"dNSAF.P5745-3.id.csv";"dNSAF.P5745-4.id.csv"
"P04264";"P04264";"P04264";"K2C1_HUMAN";"Keratin, type II cytoskeletal 1";"KRT1";41;158;0,0550383154390339;37;36;78;80;0,060261146714702;0,0584443391849929
"P35527";"P35527";"P35527";"K1C9_HUMAN";"Keratin, type I cytoskeletal 9";"KRT9";34;106;0,0334492240573234;30;29;49;57;0,0344771205731141;0,0375265674083049
"P35908";"P35908";"P35908";"K22E_HUMAN";"Keratin, type II cytoskeletal 2 epidermal";"KRT2";31;113;0,04523060455283;29;26;59;54;0,0520426075003381;0,0456238776909314
"P13645";"P13645";"P13645";"K1C10_HUMAN";"Keratin, type I cytoskeletal 10";"KRT10";29;141;0,0572209744030455;26;28;70;71;0,0624282260184755;0,060966169139626
"Q86YZ3";"Q86YZ3";"Q86YZ3";"HORN_HUMAN";"Hornerin";"HRNR";18;30;0,00204614915782634;16;11;17;13;0,00257481144161882;0,00185714316506352
"P13647";"P13647";"P13647";"K2C5_HUMAN";"Keratin, type II cytoskeletal 5";"KRT5";17;42;0,0205396812496841;17;14;25;17;0,0258248126198473;0,0186541596708086
"162648";"162648";"162648";"162648";"albumin [Bos taurus]";"";13;19;0,00608451273455772;9;10;9;10;0,00640022419590296;0,00670746169107974
"P10809";"P10809";"P10809";"CH60_HUMAN";"60 kDa heat shock protein, mitochondrial";"HSPD1";11;18;0,00610630900503147;9;9;9;9;0,00677999317087801;0,00639491504683571
"P19338";"P19338";"P19338";"NUCL_HUMAN";"Nucleolin";"NCL";10;18;0,00492804938011695;8;10;8;10;0,00486376974887399;0,00573440738941606
"P38646";"P38646";"P38646";"GRP75_HUMAN";"Stress-70 protein, mitochondrial";"HSPA9";10;12;0,00343536088353759;7;5;7;5;0,00445009861043883;0,00299810695617482
"P62805";"P62805";"P62805";"H4_HUMAN";"Histone H4";"HIST1H4J,HIST1H4D,HIST1H4K,HIST1H4C,HIST2H4A,HIST4H4,HIST1H4E,HIST1H4A,HIST1H4B,HIST1H4I,HIST2H4B,HIST1H4H,HIST1H4L,HIST1H4F";10;36;0,067940098250156;9;9;17;19;0,0712447826078993;0,0751040346439055
"P06576";"P06576";"P06576";"ATPB_HUMAN";"ATP synthase subunit beta, mitochondrial";"ATP5B";9;17;0,00624675026444146;8;8;9;8;0,00734392454993024;0,00615717088315373
"P25705";"P25705";"P25705";"ATPA_HUMAN";"ATP synthase subunit alpha, mitochondrial";"ATP5A1";9;15;0,00527262667251813;7;8;7;8;0,00546404512927299;0,00588995189364977
"P52272-1,P52272-2";"P52272-1,P52272-2";"P52272-[1,2]";"HNRPM_HUMAN";"Heterogeneous nuclear ribonucleoprotein M";"HNRNPM";9;14;0,00186395779445824;6;8;6;8;NA;NA
"P14923";"P14923";"P14923";"PLAK_HUMAN";"Junction plakoglobin";"JUP";8;8;0,00208734679187653;NA;8;NA;8;NA;0,00437200455998433
"P20700";"P20700";"P20700";"LMNB1_HUMAN";"Lamin-B1";"LMNB1";8;9;0,00298542240604354;5;4;5;4;0,00368310209225739;0,00277913259145761
"P26038";"P26038";"P26038";"MOES_HUMAN";"Moesin";"MSN";11;18;0,00606397757345413;9;9;9;9;0,00673299148511802;0,00635058288013321
"Q02413";"Q02413";"Q02413";"DSG1_HUMAN";"Desmoglein-1";"DSG1";8;18;0,00333547670150909;7;6;9;9;0,00370346624109924;0,00349312328106469
"136429";"136429";"136429";"136429";"trypsin [Sus scrofa]";"";7;177;0,148943714670346;6;7;85;92;0,158835770749213;0,162152160466085
"P00558";"P00558";"P00558";"PGK1_HUMAN";"Phosphoglycerate kinase 1";"PGK1";9;12;0,00559378906456121;5;6;5;7;0,00517577416322022;0,00683453350728965
"P04406";"P04406";"P04406";"G3P_HUMAN";"Glyceraldehyde-3-phosphate dehydrogenase";"GAPDH";7;14;0,00812351755196724;6;6;7;7;0,0090197521089193;0,00850746409713368
"P14625";"P14625";"P14625";"ENPL_HUMAN";"Endoplasmin";"HSP90B1";7;9;0,0024628239633158;5;4;5;4;0,00293213788211865;0,00236612741597325
"P22626-1,P22626-2";"P22626-1,P22626-2";"P22626-[1,2]";"ROA2_HUMAN";"Heterogeneous nuclear ribonucleoproteins A2/B1";"HNRNPA2B1";7;14;0,00420506574284166;6;7;6;8;NA;NA
"P27824";"P27824";"P27824";"CALX_HUMAN";"Calnexin";"CANX";7;11;0,00361186802352791;5;6;5;6;0,00364577335483587;0,0041264485606271
"P39019";"P39019";"P39019";"RS19_HUMAN";"40S ribosomal protein S19";"RPS19";7;14;0,0187681267579933;5;7;6;8;0,0178617751122441;0,0224630579116436
"P62937";"P62937";"P62937";"PPIA_HUMAN";"Peptidyl-prolyl cis-trans isomerase A";"PPIA";7;12;0,014137030544982;6;6;6;6;0,0156967114622751;0,0148051972599469
"Q5T749";"Q5T749";"Q5T749";"KPRP_HUMAN";"Keratinocyte proline-rich protein";"KPRP";7;10;0,00335723955083768;6;4;6;4;0,0044731561161924;0,00281273177650114
"P08238";"P08238";"P08238";"HS90B_HUMAN";"Heat shock protein HSP 90-beta";"HSP90AB1";8;14;0,00747092654310841;6;7;6;8;0,00712205761789694;0,00892946980227001
"P22314";"P22314";"P22314";"UBA1_HUMAN";"Ubiquitin-like modifier-activating enzyme 1";"UBA1";6;8;0,00146982359163328;4;4;4;4;0,00163198323331783;0,00153929272078843
"P23396";"P23396";"P23396";"RS3_HUMAN";"40S ribosomal protein S3";"RPS3";6;9;0,00719941370346303;3;5;3;6;0,00532913043472304;0,010052911719717
"P78527-1,P78527-2";"P78527-1,P78527-2";"P78527-[1,2]";"PRKDC_HUMAN";"DNA-dependent protein kinase catalytic subunit";"PRKDC";6;8;0,000188356753869672;5;3;5;3;NA;NA
"Q00839-1,Q00839-2";"Q00839-1,Q00839-2";"Q00839-[1,2]";"HNRPU_HUMAN";"Heterogeneous nuclear ribonucleoprotein U";"HNRNPU";6;10;0,0011780858787485;5;5;5;5;NA;NA
"P02533";"P02533";"P02533";"K1C14_HUMAN";"Keratin, type I cytoskeletal 14";"KRT14";8;16;0,0123580483128376;8;6;9;7;0,013811308923161;0,0130499442179045
"P04843";"P04843";"P04843";"RPN1_HUMAN";"Dolichyl-diphosphooligosaccharide--protein glycosyltransferase subunit 1";"RPN1";5;8;0,00256190009876115;4;4;4;4;0,00284454408706798;0,0026829846764319
"P06733-1";"P06733-1";"P06733-1";"ENOA_HUMAN";"Alpha-enolase";"ENO1";8;11;0,00492678771872931;6;5;6;5;NA;NA
"P11021";"P11021";"P11021";"GRP78_HUMAN";"78 kDa glucose-regulated protein";"HSPA5";5;8;0,00260789652945805;4;4;4;4;0,002795420821668;0,00284590947766564
"P13639";"P13639";"P13639";"EF2_HUMAN";"Elongation factor 2";"EEF2";5;8;0,00181243981345923;4;4;4;4;0,00201239890541989;0,00189810221281371
"P27797";"P27797";"P27797";"CALR_HUMAN";"Calreticulin";"CALR";5;6;0,0027968945322806;2;4;2;4;0,00207030966528809;0,00390544771845123
"P61978-1,P61978-2,P61978-3";"P61978-1,P61978-2,P61978-3";"P61978-[1-3]";"HNRPK_HUMAN";"Heterogeneous nuclear ribonucleoprotein K";"HNRNPK";5;8;0,00111956325410224;4;4;4;4;NA;NA
"P62241";"P62241";"P62241";"RS8_HUMAN";"40S ribosomal protein S8";"RPS8";5;8;0,00747631423051931;3;5;3;5;0,00622585911364279;0,00978708953482068
"Q07020";"Q07020";"Q07020";"RL18_HUMAN";"60S ribosomal protein L18";"RPL18";5;9;0,00930562515926339;5;4;5;4;0,0114803075854406;0,00866261541805405
"Q5D862";"Q5D862";"Q5D862";"FILA2_HUMAN";"Filaggrin-2";"FLG2";5;8;0,000650386181492269;4;4;4;4;0,000722140636072884;0,000681125762690992
"Q8NC51-1,Q8NC51-2,Q8NC51-3,Q8NC51-4";"Q8NC51-1,Q8NC51-2,Q8NC51-3,Q8NC51-4";"Q8NC51-[1-4]";"PAIRB_HUMAN";"Plasminogen activator inhibitor 1 RNA-binding protein";"SERBP1";5;7;0,000833755631099579;3;4;3;4;NA;NA
"P04075";"P04075";"P04075";"ALDOA_HUMAN";"Fructose-bisphosphate aldolase A";"ALDOA";4;6;0,00320413467022256;3;3;3;3;0,00355763377922445;0,00335557355479566
"P07195";"P07195";"P07195";"LDHB_HUMAN";"L-lactate dehydrogenase B chain";"LDHB";4;6;0,00419031743698567;2;4;2;4;0,00323098476955514;0,0056886236976842
"P14618-1,P14618-2";"P14618-1,P14618-2";"P14618-[1,2]";"KPYM_HUMAN";"Pyruvate kinase isozymes M1/M2";"PKM";8;13;0,00237946724097507;5;8;5;8;NA;NA
"P42166-1,P42167-1,P42167-2";"P42166-1,P42167-1,P42167-2";"P42166-1, P42167-[1,2]";"LAP2A_HUMAN, LAP2B_HUMAN";"Lamina-associated polypeptide 2, isoform alpha, Lamina-associated polypeptide 2, isoforms beta/gamma";"TMPO";4;4;0,000485353732817733;2;2;2;2;NA;NA
"P60709,P63261";"P60709,P63261";"P63261, P60709";"ACTB_HUMAN, ACTG_HUMAN";"Actin, cytoplasmic 1, Actin, cytoplasmic 2";"ACTB, ACTG1";5;10;0,00810419516589625;5;4;6;4;0,00955817608684969;0,007780953671061
"P61313";"P61313";"P61313";"RL15_HUMAN";"60S ribosomal protein L15";"RPL15";4;6;0,00571718147039712;3;3;3;3;0,00634793478253774;0,00598739595071383
"P62266";"P62266";"P62266";"RS23_HUMAN";"40S ribosomal protein S23";"RPS23";4;7;0,00951530902066093;3;4;3;4;0,00905579507438951;0,0113886132768823
"P62750";"P62750";"P62750";"RL23A_HUMAN";"60S ribosomal protein L23a";"RPL23A";4;7;0,00872236660227252;4;3;4;3;0,0110681939798094;0,00782967162785655
"P68104,Q5VTE0";"P68104,Q5VTE0";"P68104, Q5VTE0";"EF1A1_HUMAN, EF1A3_HUMAN";"Elongation factor 1-alpha 1, Putative elongation factor 1-alpha-like 3";"EEF1A1, EEF1A1P5";11;22;0,00462819452365481;11;7;13;9;0,00607313241099931;0,00396567783748578
"Q06830";"Q06830";"Q06830";"PRDX1_HUMAN";"Peroxiredoxin-1";"PRDX1";4;7;0,00683763412037444;3;4;3;4;0,00650743063134522;0,00818377737987016
"Q08554-1,Q08554-2";"Q08554-1,Q08554-2";"Q08554-[1,2]";"DSC1_HUMAN";"Desmocollin-1";"DSC1";4;8;0,000869727829948554;4;4;4;4;NA;NA
"Q99623";"Q99623";"Q99623";"PHB2_HUMAN";"Prohibitin-2";"PHB2";4;5;0,00325057140457361;2;3;2;3;0,00288735495125463;0,00408504606670776
"P04040";"P04040";"P04040";"CATA_HUMAN";"Catalase";"CAT";3;4;0,0014754016697799;2;2;2;2;0,00163817671807426;0,00154513443889389
"P05141";"P05141";"P05141";"ADT2_HUMAN";"ADP/ATP translocase 2";"SLC25A5";8;12;0,00782755046953699;5;7;5;7;0,00724261015457326;0,00956375997496572
"P05387";"P05387";"P05387";"RLA2_HUMAN";"60S acidic ribosomal protein P2";"RPLP2";3;5;0,00845148565189139;3;2;3;2;0,011260684309893;0,00708074651562679
"P06753-2,P06753-3";"P06753-2,P06753-3";"P06753-[2,3]";"TPM3_HUMAN";"Tropomyosin alpha-3 chain";"TPM3";3;3;0,00102667695419103;NA;3;NA;3;NA;NA
"P07900-1,P07900-2";"P07900-1,P07900-2";"P07900-[1,2]";"HS90A_HUMAN";"Heat shock protein HSP 90-alpha";"HSP90AA1";4;7;0,00172608894119913;4;3;4;3;NA;NA
"P08195-1,P08195-2,P08195-3,P08195-4";"P08195-1,P08195-2,P08195-3,P08195-4";"P08195-[1-4]";"4F2_HUMAN";"4F2 cell-surface antigen heavy chain";"SLC3A2";3;3;0,00023140972618274;NA;3;NA;3;NA;NA
"P11142-1";"P11142-1";"P11142-1";"HSP7C_HUMAN";"Heat shock cognate 71 kDa protein";"HSPA8";13;23;0,00909507476699847;12;10;13;10;NA;NA
"P14866-1,P14866-2";"P14866-1,P14866-2";"P14866-[1,2]";"HNRPL_HUMAN";"Heterogeneous nuclear ribonucleoprotein L";"HNRNPL";3;3;0,000495036086570888;NA;3;NA;3;NA;NA
"P16949-1,P16949-2";"P16949-1,P16949-2";"P16949-[1,2]";"STMN1_HUMAN";"Stathmin";"STMN1";3;3;0,00195688761738425;3;NA;3;NA;NA;NA
"P21796";"P21796";"P21796";"VDAC1_HUMAN";"Voltage-dependent anion-selective channel protein 1";"VDAC1";3;6;0,00412121915180569;3;3;3;3;0,00457589645101661;0,00431600273479018
"P26373";"P26373";"P26373";"RL13_HUMAN";"60S ribosomal protein L13";"RPL13";3;3;0,00276375597147159;3;NA;3;NA;0,00613733978975213;NA
"P26583";"P26583";"P26583";"HMGB2_HUMAN";"High mobility group protein B2";"HMGB2";3;4;0,00473489061315185;3;1;3;1;0,00708122321606398;0,00292207840656847
"P30101";"P30101";"P30101";"PDIA3_HUMAN";"Protein disulfide-isomerase A3";"PDIA3";3;3;0,00115475744550595;3;NA;3;NA;0,00256431424878752;NA
"P31930";"P31930";"P31930";"QCR1_HUMAN";"Cytochrome b-c1 complex subunit 1, mitochondrial";"UQCRC1";3;3;0,00121490106245939;NA;3;NA;3;NA;0,00254464327905338
"P31943,P55795";"P31943,P55795";"P31943, P55795";"HNRH1_HUMAN, HNRH2_HUMAN";"Heterogeneous nuclear ribonucleoprotein H, Heterogeneous nuclear ribonucleoprotein H2";"HNRNPH1, HNRNPH2";3;5;0,0010823172048636;2;3;2;3;0,00096137987797899;0,00136016567254524
"P38159-1,P38159-2";"P38159-1,P38159-2";"P38159-[1,2]";"RBMX_HUMAN";"RNA-binding motif protein, X chromosome";"RBMX";3;3;0,000745719322225711;3;NA;3;NA;NA;NA
"P48735";"P48735";"P48735";"IDHP_HUMAN";"Isocitrate dehydrogenase [NADP], mitochondrial";"IDH2";3;3;0,00129016042031085;NA;3;NA;3;NA;0,00270227604855226
"P49327";"P49327";"P49327";"FAS_HUMAN";"Fatty acid synthase";"FASN";3;5;0,000387065252874357;2;3;2;3;0,000343814866756325;0,000486431212244373
"P49411";"P49411";"P49411";"EFTU_HUMAN";"Elongation factor Tu, mitochondrial";"TUFM";3;3;0,00129016042031085;3;NA;3;NA;0,0028649971142427;NA
"P60842,Q14240-1,Q14240-2";"P60842,Q14240-1,Q14240-2";"P60842, Q14240-[1,2]";"IF4A1_HUMAN, IF4A2_HUMAN";"Eukaryotic initiation factor 4A-I, Eukaryotic initiation factor 4A-II";"EIF4A1, EIF4A2";3;4;0,000637325147519678;3;NA;4;NA;0,00425280359815336;NA
"P62263";"P62263";"P62263";"RS14_HUMAN";"40S ribosomal protein S14";"RPS14";3;5;0,00643656192031463;3;2;3;2;0,0085760178519053;0,00539262151852371
"P62753";"P62753";"P62753";"RS6_HUMAN";"40S ribosomal protein S6";"RPS6";3;6;0,00468395590345788;3;3;3;3;0,00520071765316345;0,00490533644154868
"P62917";"P62917";"P62917";"RL8_HUMAN";"60S ribosomal protein L8";"RPL8";3;3;0,00226907591432103;3;NA;3;NA;0,00503882760948521;NA
"P63104";"P63104";"P63104";"1433Z_HUMAN";"14-3-3 protein zeta/delta";"YWHAZ";3;5;0,00457733524317508;2;3;2;3;0,00411104347821492;0,00569762693385713
"Q13835-1,Q13835-2";"Q13835-1,Q13835-2";"Q13835-[1,2]";"PKP1_HUMAN";"Plakophilin-1";"PKP1";3;3;0,00039032965862149;3;NA;3;NA;NA;NA
"Q15233";"Q15233";"Q15233";"NONO_HUMAN";"Non-POU domain-containing octamer-binding protein";"NONO";3;5;0,00206352622073781;2;3;2;3;0,0018329493214971;0,00259326703597796
"Q6KB66-1,Q6KB66-2,Q6KB66-3";"Q6KB66-1,Q6KB66-2,Q6KB66-3";"Q6KB66-[1-3]";"K2C80_HUMAN";"Keratin, type II cytoskeletal 80";"KRT80";3;4;0,000580354990415926;2;2;2;2;NA;NA
"Q7Z794";"Q7Z794";"Q7Z794";"K2C1B_HUMAN";"Keratin, type II cytoskeletal 1b";"KRT77";3;4;0,00148101672694055;3;1;3;1;0,00245770309227664;0,000778490302539038
"Q8N1N4-1";"Q8N1N4-1";"Q8N1N4-1";"K2C78_HUMAN";"Keratin, type II cytoskeletal 78";"KRT78";7;11;0,00460472817655718;7;4;7;4;NA;NA
"O00148,Q13838-1,Q13838-2";"O00148,Q13838-1,Q13838-2";"O00148, Q13838-[1,2]";"DX39A_HUMAN, DX39B_HUMAN";"ATP-dependent RNA helicase DDX39A, Spliceosome RNA helicase DDX39B";"DDX39A, DDX39B";2;2;0,000303015074035077;NA;2;NA;2;NA;0,00190699262130464
"O00571-1,O00571-2,O15523";"O00571-1,O00571-2,O15523";"O00571-[1,2], O15523";"DDX3X_HUMAN, DDX3Y_HUMAN, O15523";"ATP-dependent RNA helicase DDX3X, ATP-dependent RNA helicase DDX3Y, ATP-dependent RNA helicase DDX3Y [Homo sapiens] ";"DDX3X, DDX3Y";2;2;0,000244939730334554;NA;2;NA;2;NA;0,00154220804791114
"P00338-1,P00338-3,P00338-4";"P00338-1,P00338-3,P00338-4";"P00338-[1,3,4]";"LDHA_HUMAN";"L-lactate dehydrogenase A chain";"LDHA";2;4;0,000936791180691575;2;2;2;2;NA;NA
"P05388,Q8NHW5";"P05388,Q8NHW5";"P05388, Q8NHW5";"RLA0_HUMAN, RLA0L_HUMAN";"60S acidic ribosomal protein P0, 60S acidic ribosomal protein P0-like";"RPLP0, RPLP0P6";2;2;0,000613199274427451;NA;2;NA;2;NA;0,00128436253832347
"P06702";"P06702";"P06702";"S10A9_HUMAN";"Protein S100-A9";"S100A9";2;2;0,00341024859637723;NA;2;NA;2;NA;0,00714285832716738
"P07355-1,P07355-2";"P07355-1,P07355-2";"P07355-[1,2]";"ANXA2_HUMAN";"Annexin A2";"ANXA2";2;2;0,000573404631249268;2;NA;2;NA;NA;NA
"P08670";"P08670";"P08670";"VIME_HUMAN";"Vimentin";"VIM";2;2;0,000848406939667572;2;NA;2;NA;0,00190710487029031;NA
"P08729";"P08729";"P08729";"K2C7_HUMAN";"Keratin, type II cytoskeletal 7";"KRT7";2;3;0,00130986822612125;0;2;0;3;0;0,0027034997584213
"P09651-1,P09651-2,P09651-3";"P09651-1,P09651-2,P09651-3";"P09651-[1-3]";"ROA1_HUMAN";"Heterogeneous nuclear ribonucleoprotein A1";"HNRNPA1";4;8;0,00152011081128838;4;4;4;4;NA;NA
"P13010";"P13010";"P13010";"XRCC5_HUMAN";"X-ray repair cross-complementing protein 5";"XRCC5";2;2;0,000531104289599732;NA;2;NA;2;NA;0,00111241236242771
"P15880";"P15880";"P15880";"RS2_HUMAN";"40S ribosomal protein S2";"RPS2";2;2;0,00132685440268602;2;NA;2;NA;0,00294648167380592;NA
"P15924-1";"P15924-1";"P15924-1";"DESP_HUMAN";"Desmoplakin";"DSP";14;18;0,00121870952973982;11;7;11;7;NA;NA
"P16403";"P16403";"P16403";"H12_HUMAN";"Histone H1.2";"HIST1H1C";2;3;0,0114075217132337;1;2;1;2;0,0101328536434875;0,0127431275320357
"P18859";"P18859";"P18859";"ATP5J_HUMAN";"ATP synthase-coupling factor 6, mitochondrial";"ATP5J";2;5;0,00899926712932879;2;2;2;3;0,00799369565208457;0,0113095256846817
"P20674";"P20674";"P20674";"COX5A_HUMAN";"Cytochrome c oxidase subunit 5A, mitochondrial";"COX5A";2;2;0,00259178893324669;NA;2;NA;2;NA;0,00542857232864721
"P22695";"P22695";"P22695";"QCR2_HUMAN";"Cytochrome b-c1 complex subunit 2, mitochondrial";"UQCRC2";2;4;0,0017164165120839;2;2;2;2;0,00190578174486784;0,00179754050617457
"P23528";"P23528";"P23528";"COF1_HUMAN";"Cofilin-1";"CFL1";2;4;0,00468395590345788;2;2;2;2;0,00520071765316345;0,00490533644154868
"P25205";"P25205";"P25205";"MCM3_HUMAN";"DNA replication licensing factor MCM3";"MCM3";2;3;0,00072172340344122;2;1;2;1;0,00106846427032813;0,000503889758228392
"P27635,Q96L21";"P27635,Q96L21";"P27635, Q96L21";"RL10_HUMAN, RL10L_HUMAN";"60S ribosomal protein L10, 60S ribosomal protein L10-like";"RPL10, RPL10L";2;2;0,000908337242960289;2;NA;2;NA;0,00201710077202134;NA
"P29401";"P29401";"P29401";"TKT_HUMAN";"Transketolase";"TKT";2;2;0,000624026227908513;2;NA;2;NA;0,00138574499265671;NA
"P29692-1,P29692-2,P29692-3";"P29692-1,P29692-2,P29692-3";"P29692-[1-3]";"EF1D_HUMAN";"Elongation factor 1-delta";"EEF1D";2;3;0,000691758612076519;1;2;1;2;NA;NA
"P31146";"P31146";"P31146";"COR1A_HUMAN";"Coronin-1A";"CORO1A";2;2;0,000843315271121483;2;NA;2;NA;0,00187270961046667;NA
"P35579-1";"P35579-1";"P35579-1";"MYH9_HUMAN";"Myosin-9";"MYH9";11;13;0,00128928276016098;8;5;8;5;NA;NA
"P36578";"P36578";"P36578";"RL4_HUMAN";"60S ribosomal protein L4";"RPL4";2;2;0,000910464496456683;2;NA;2;NA;0,00202182466141717;NA
"P46776";"P46776";"P46776";"RL27A_HUMAN";"60S ribosomal protein L27a";"RPL27A";2;2;0,0026268131080203;2;NA;2;NA;0,00583323736773739;NA
"P46778";"P46778";"P46778";"RL21_HUMAN";"60S ribosomal protein L21";"RPL21";2;2;0,00242980212491877;2;NA;2;NA;0,00539574456515708;NA
"P49755";"P49755";"P49755";"TMEDA_HUMAN";"Transmembrane emp24 domain-containing protein 10";"TMED10";2;2;0,00177519789948404;NA;2;NA;2;NA;0,00371820022510083
"P50502,Q8IZP2";"P50502,Q8IZP2";"P50502, Q8IZP2";"F10A1_HUMAN, ST134_HUMAN";"Hsc70-interacting protein, Putative protein FAM10A4";"ST13, ST13P4";2;4;0,00127674331687029;2;2;2;2;0,00141760119938446;0,00133708678045498
"P51571";"P51571";"P51571";"SSRD_HUMAN";"Translocon-associated protein subunit delta";"SSR4";2;2;0,00224721583807517;2;NA;2;NA;0,00499028399089672;NA
"P53999";"P53999";"P53999";"TCP4_HUMAN";"Activated RNA polymerase II transcriptional coactivator p15";"SUB1";2;2;0,00306116803139373;2;NA;2;NA;0,00679778842854436;NA
"P57721-1,P57721-2,P57721-3,P57721-4,P57721-5,Q15365,Q15366-1,Q15366-2,Q15366-3,Q15366-4,Q15366-5,Q15366-6";"P57721-1,P57721-2,P57721-3,P57721-4,P57721-5,Q15365,Q15366-1,Q15366-2,Q15366-3,Q15366-4,Q15366-5,Q15366-6";"P57721-[1-5], Q15365, Q15366-[1-6]";"PCBP1_HUMAN, PCBP2_HUMAN, PCBP3_HUMAN";"Poly(rC)-binding protein 1, Poly(rC)-binding protein 2, Poly(rC)-binding protein 3";"PCBP1, PCBP2, PCBP3";2;2;8,83363644596691e-05;NA;2;NA;2;NA;0,00228731980139629
"P61626";"P61626";"P61626";"LYSC_HUMAN";"Lysozyme C";"LYZ";2;2;0,0026268131080203;NA;2;NA;2;NA;0,00550193141416947
"P62258-1";"P62258-1";"P62258-1";"1433E_HUMAN";"14-3-3 protein epsilon";"YWHAE";2;3;0,00263869914018328;2;1;2;1;NA;NA
"P62269";"P62269";"P62269";"RS18_HUMAN";"40S ribosomal protein S18";"RPS18";2;2;0,00255768644728292;NA;2;NA;2;NA;0,00535714374537553
"P62826";"P62826";"P62826";"RAN_HUMAN";"GTP-binding nuclear protein Ran";"RAN";2;2;0,00179985342586576;NA;2;NA;2;NA;0,00376984189489389
"P62913-1,P62913-2";"P62913-1,P62913-2";"P62913-[1,2]";"RL11_HUMAN";"60S ribosomal protein L11";"RPL11";2;3;0,00163806884825985;1;2;1;2;NA;NA
"P84098";"P84098";"P84098";"RL19_HUMAN";"60S ribosomal protein L19";"RPL19";2;2;0,0019835119387092;NA;2;NA;2;NA;0,00415451963927082
"P84103";"P84103";"P84103";"SRSF3_HUMAN";"Serine/arginine-rich splicing factor 3";"SRSF3";2;2;0,00237053865845734;NA;2;NA;2;NA;0,00496515761766513
"Q01105-1,Q01105-2";"Q01105-1,Q01105-2";"Q01105-[1,2]";"SET_HUMAN";"Protein SET";"SET";2;2;0,000670290241356903;2;NA;2;NA;NA;NA
"Q01650";"Q01650";"Q01650";"LAT1_HUMAN";"Large neutral amino acids transporter small subunit 1";"SLC7A5";2;2;0,000766801459540442;NA;2;NA;2;NA;0,00160608648776545
"Q08211-1";"Q08211-1";"Q08211-1";"DHX9_HUMAN";"ATP-dependent RNA helicase A";"DHX9";4;5;0,000765292007848433;3;2;3;2;NA;NA
"Q13867";"Q13867";"Q13867";"BLMH_HUMAN";"Bleomycin hydrolase";"BLMH";2;4;0,0017088718241187;2;2;2;2;0,00189740468225304;0,00178963922922435
"Q14103-1,Q14103-2,Q14103-3,Q14103-4";"Q14103-1,Q14103-2,Q14103-3,Q14103-4";"Q14103-[1-4]";"HNRPD_HUMAN";"Heterogeneous nuclear ribonucleoprotein D0";"HNRNPD";2;3;0,000616006172514619;1;2;1;2;NA;NA
"Q5T750";"Q5T750";"Q5T750";"XP32_HUMAN";"Skin-specific protein 32";"XP32";2;4;0,00311014671989603;2;2;2;2;0,00345327652170053;0,00325714339718832
"Q8NF91-1,Q8NF91-4,Q8NF91-7";"Q8NF91-1,Q8NF91-4,Q8NF91-7";"Q8NF91-[1,4,7]";"SYNE1_HUMAN";"Nesprin-1";"SYNE1";2;2;1,47310954487137e-05;NA;2;NA;2;NA;NA
"Q92945";"Q92945";"Q92945";"FUBP2_HUMAN";"Far upstream element-binding protein 2";"KHSRP";2;2;0,000546790914187066;NA;2;NA;2;NA;0,00114526842376523
"Q99996-1,Q99996-2,Q99996-3,Q99996-5,Q99996-6";"Q99996-1,Q99996-2,Q99996-3,Q99996-5,Q99996-6";"Q99996-[1-3,5,6]";"AKAP9_HUMAN";"A-kinase anchor protein 9";"AKAP9";2;2;1,98807639983126e-05;2;NA;2;NA;NA;NA
"Q9BV40";"Q9BV40";"Q9BV40";"VAMP8_HUMAN";"Vesicle-associated membrane protein 8";"VAMP8";2;2;0,00388768339987004;NA;2;NA;2;NA;0,00814285849297081
"O43169";"O43169";"O43169";"CYB5B_HUMAN";"Cytochrome b5 type B";"CYB5B";1;2;0,00266279684922605;1;1;1;1;0,00295657236446963;0,00278865016882562
"O43390-1,O43390-2";"O43390-1,O43390-2";"O43390-[1,2]";"HNRPR_HUMAN";"Heterogeneous nuclear ribonucleoprotein R";"HNRNPR";1;2;0,000511806661383628;1;1;1;1;NA;NA
"O60506-1,O60506-2,O60506-3,O60506-4";"O60506-1,O60506-2,O60506-3,O60506-4";"O60506-[1-4]";"HNRPQ_HUMAN";"Heterogeneous nuclear ribonucleoprotein Q";"SYNCRIP";1;1;0,000130005464147607;0;1;0;1;NA;NA
"P02538,P48668";"P02538,P48668";"P02538, P48668";"K2C6A_HUMAN, K2C6C_HUMAN";"Keratin, type II cytoskeletal 6A, Keratin, type II cytoskeletal 6C";"KRT6A, KRT6C";1;1;0,000779681721161497;0;1;0;1;NA;0,00130740986664198
"P04908,Q7L7L0,Q93077";"P04908,Q7L7L0,Q93077";"Q7L7L0, Q93077, P04908";"H2A1B_HUMAN, H2A1C_HUMAN, H2A3_HUMAN";"Histone H2A type 1-B/E, Histone H2A type 1-C, Histone H2A type 3";"HIST1H2AB,HIST1H2AE, HIST1H2AC, HIST3H2A";3;8;0,00688727129114506;3;3;4;4;0,0073787959865396;0,00751648476274229
"P05109";"P05109";"P05109";"S10A8_HUMAN";"Protein S100-A8";"S100A8";1;1;0,00209015236552153;NA;1;NA;1;NA;0,00437788091019936
"P05455";"P05455";"P05455";"LA_HUMAN";"Lupus La protein";"SSB";1;1;0,00047643178919976;1;NA;1;NA;0,00105798913042296;NA
"P06748-1,P06748-2";"P06748-1,P06748-2";"P06748-[1,2]";"NPM_HUMAN";"Nucleophosmin";"NPM1";4;6;0,0019835119387092;4;2;4;2;NA;NA
"P07237";"P07237";"P07237";"PDIA1_HUMAN";"Protein disulfide-isomerase";"P4HB";1;2;0,000765292007848433;1;1;1;1;0,000849723553568044;0,000801462450095552
"P07437";"P07437";"P07437";"TBB5_HUMAN";"Tubulin beta chain";"TUBB";2;3;0,00722373604705581;1;2;1;2;0,00486103113978115;0,0110038628283389
"P08779";"P08779";"P08779";"K1C16_HUMAN";"Keratin, type I cytoskeletal 16";"KRT16";1;1;0,000770745085050124;1;0;1;0;0,00153134550428283;0
"P08865";"P08865";"P08865";"RSSA_HUMAN";"40S ribosomal protein SA";"RPSA";1;3;0,00197678816942544;NA;1;NA;3;NA;0,00414043652184956
"P09429";"P09429";"P09429";"HMGB1_HUMAN";"High mobility group protein B1";"HMGB1";4;7;0,00805481972911763;4;3;4;3;0,00917814357927052;0,00852159609729503
"P09874";"P09874";"P09874";"PARP1_HUMAN";"Poly [ADP-ribose] polymerase 1";"PARP1";1;1;0,00019170036488511;1;NA;1;NA;0,000425699768454208;NA
"P10412";"P10412";"P10412";"H14_HUMAN";"Histone H1.4";"HIST1H1E";1;2;0,00739665791451682;1;1;1;1;0,00985524121489878;0,00619700037516804
"P12956";"P12956";"P12956";"XRCC6_HUMAN";"X-ray repair cross-complementing protein 6";"XRCC6";1;1;0,000319185829217573;NA;1;NA;1;NA;0,000668543390227488
"P14406";"P14406";"P14406";"CX7A2_HUMAN";"Cytochrome c oxidase subunit 7A2, mitochondrial";"COX7A2";1;1;0,00234197795172894;1;NA;1;NA;0,00520071765316345;NA
"P16402";"P16402";"P16402";"H13_HUMAN";"Histone H1.3";"HIST1H1D";1;1;0,00366485991692123;1;0;1;0;0,00976605351159653;0
"P17844";"P17844";"P17844";"DDX5_HUMAN";"Probable ATP-dependent RNA helicase DDX5";"DDX5";1;1;0,000712319841181399;NA;1;NA;1;NA;0,0014919732580769
"P20231,Q15661-1,Q15661-2";"P20231,Q15661-1,Q15661-2";"P20231, Q15661-[1,2]";"TRYB1_HUMAN, TRYB2_HUMAN";"Tryptase alpha/beta-1, Tryptase beta-2";"TPSAB1, TPSB2";2;3;0,000706851527249098;2;1;2;1;0,00313934229245503;0,00148051972599469
"P20645";"P20645";"P20645";"MPRD_HUMAN";"Cation-dependent mannose-6-phosphate receptor";"M6PR";1;1;0,000701747906113725;1;NA;1;NA;0,00155833778055078;NA
"P23246-1";"P23246-1";"P23246-1";"SFPQ_HUMAN";"Splicing factor, proline- and glutamine-rich";"SFPQ";3;4;0,00109976899571995;2;2;2;2;NA;NA
"P24539";"P24539";"P24539";"AT5F1_HUMAN";"ATP synthase subunit b, mitochondrial";"ATP5F1";1;1;0,000759313164037117;1;NA;1;NA;0,00168617017661159;NA
"P27348";"P27348";"P27348";"1433T_HUMAN";"14-3-3 protein theta";"YWHAQ";1;2;0,00183093409727003;1;1;1;1;0,00205552173910746;0,00189920897795238
"P30049";"P30049";"P30049";"ATPD_HUMAN";"ATP synthase subunit delta, mitochondrial";"ATP5D";1;1;0,0011570486309137;1;NA;1;NA;0,00256940217388432;NA
"P31946-1,P31946-2";"P31946-1,P31946-2";"P31946-[1,2]";"1433B_HUMAN";"14-3-3 protein beta/alpha";"YWHAB";1;2;0,000911745637868208;1;1;1;1;NA;NA
"P39687";"P39687";"P39687";"AN32A_HUMAN";"Acidic leucine-rich nuclear phosphoprotein 32 family member A";"ANP32A";2;2;0,00156131863448596;NA;2;NA;2;NA;0,00327022429436579
"P46783";"P46783";"P46783";"RS10_HUMAN";"40S ribosomal protein S10";"RPS10";4;6;0,00706851527249098;2;4;2;4;0,00523223715409172;0,00987013150663128
"P49368-1";"P49368-1";"P49368-1";"TCPG_HUMAN";"T-complex protein 1 subunit gamma";"CCT3";4;4;0,00142667280729176;NA;4;NA;4;NA;NA
"P50914";"P50914";"P50914";"RL14_HUMAN";"60S ribosomal protein L14";"RPL14";1;1;0,000904112418574427;NA;1;NA;1;NA;0,00189368802162112
"P51991-1,P51991-2";"P51991-1,P51991-2";"P51991-[1,2]";"ROA3_HUMAN";"Heterogeneous nuclear ribonucleoprotein A3";"HNRNPA3";1;1;0,000257121917980823;1;NA;1;NA;NA;NA
"P61981";"P61981";"P61981";"1433G_HUMAN";"14-3-3 protein gamma";"YWHAG";1;1;0,000908054359982102;0;1;0;1;NA;0,00188383076760458
"P62854";"P62854";"P62854";"RS26_HUMAN";"40S ribosomal protein S26";"RPS26";3;6;0,0101417827822697;3;3;3;3;0,011260684309893;0,0106211197734402
"P62857";"P62857";"P62857";"RS28_HUMAN";"40S ribosomal protein S28";"RPS28";1;1;0,0028171618839638;1;NA;1;NA;0,00625593572771836;NA
"P62888";"P62888";"P62888";"RL30_HUMAN";"60S ribosomal protein L30";"RPL30";1;1;0,00169029713037828;1;NA;1;NA;0,00375356143663101;NA
"P62987";"P62987";"P62987";"RL40_HUMAN";"Ubiquitin-60S ribosomal protein L40";"UBA52";5;11;0,0167048896088166;4;5;4;7;0,0134893614128927;0,0222656286917171
"P63241-1,P63241-2";"P63241-1,P63241-2";"P63241-[1,2]";"IF5A1_HUMAN";"Eukaryotic translation initiation factor 5A-1";"EIF5A";3;3;0,00189335230513151;NA;3;NA;3;NA;NA
"P67809";"P67809";"P67809";"YBOX1_HUMAN";"Nuclease-sensitive element-binding protein 1";"YBX1";1;2;0,00119990228391051;1;1;1;1;0,00133228260868076;0,00125661396496463
"P68371";"P68371";"P68371";"TBB4B_HUMAN";"Tubulin beta-4B chain";"TUBB4B";2;3;0,00720750293234333;2;1;2;1;0,009700214948597;0,00548956752335111
"P68431,Q16695,Q71DI3";"P68431,Q16695,Q71DI3";"Q71DI3, P68431, Q16695";"H31_HUMAN, H31T_HUMAN, H32_HUMAN";"Histone H3.1, Histone H3.1t, Histone H3.2";"HIST1H3C,HIST1H3G,HIST1H3I,HIST1H3F,HIST1H3H,HIST1H3D,HIST1H3E,HIST1H3J,HIST1H3B,HIST1H3A, HIST2H3A,HIST2H3C,HIST2H3D, HIST3H3";5;14;0,00667004504879664;5;5;6;8;0,00634793478253774;0,00798319460095177
"P81605-1";"P81605-1";"P81605-1";"DCD_HUMAN";"Dermcidin";"DCD";5;7;0,0123699017268592;3;3;3;4;NA;NA
"Q00610-1,Q00610-2";"Q00610-1,Q00610-2";"Q00610-[1,2]";"CLH1_HUMAN";"Clathrin heavy chain 1";"CLTC";1;1;5,80251253711946e-05;1;NA;1;NA;NA;NA
"Q04837";"Q04837";"Q04837";"SSBP_HUMAN";"Single-stranded DNA-binding protein, mitochondrial";"SSBP1";1;2;0,0026268131080203;1;1;1;1;0,00291661868386869;0,00275096570708473
"Q07955-1";"Q07955-1";"Q07955-1";"SRSF1_HUMAN";"Serine/arginine-rich splicing factor 1";"SRSF1";4;6;0,00470284282242343;2;4;2;4;NA;NA
"Q13765";"Q13765";"Q13765";"NACA_HUMAN";"Nascent polypeptide-associated complex subunit alpha";"NACA";1;1;0,000904112418574427;NA;1;NA;1;NA;0,00189368802162112
"Q14CN4-1,Q14CN4-2";"Q14CN4-1,Q14CN4-2";"Q14CN4-[1,2]";"K2C72_HUMAN";"Keratin, type II cytoskeletal 72";"KRT72";1;1;0,000216452404634981;1;0;1;0;NA;NA
"Q86UE4";"Q86UE4";"Q86UE4";"LYRIC_HUMAN";"Protein LYRIC";"MTDH";1;1;0,000333993419232821;1;NA;1;NA;0,000741683101739805;NA
"Q92841-1,Q92841-2,Q92841-3,Q92841-4";"Q92841-1,Q92841-2,Q92841-3,Q92841-4";"Q92841-[1-4]";"DDX17_HUMAN";"Probable ATP-dependent RNA helicase DDX17";"DDX17";1;1;0,000149987785488813;NA;1;NA;1;NA;NA
"Q99729-1,Q99729-2,Q99729-3,Q99729-4";"Q99729-1,Q99729-2,Q99729-3,Q99729-4";"Q99729-[1-4]";"ROAA_HUMAN";"Heterogeneous nuclear ribonucleoprotein A/B";"HNRNPAB";1;1;0,000219560432974588;1;NA;1;NA;NA;NA
"Q9BVC6";"Q9BVC6";"Q9BVC6";"TM109_HUMAN";"Transmembrane protein 109";"TMEM109";1;2;0,00159986971188067;1;1;1;1;0,00177637681157435;0,00167548528661951
"P04259";"P04259";"P04259";"K2C6B_HUMAN";"Keratin, type II cytoskeletal 6B";"KRT6B";0;0;0;0;0;0;0;0;0
"O95678";"O95678";"O95678";"K2C75_HUMAN";"Keratin, type II cytoskeletal 75";"KRT75";0;0;0;0;0;0;0;NA;0
"P12035";"P12035";"P12035";"K2C3_HUMAN";"Keratin, type II cytoskeletal 3";"KRT3";0;0;0;0;0;0;0;0;0
"P68363";"P68363";"P68363";"TBA1B_HUMAN";"Tubulin alpha-1B chain";"TUBA1B";12;21;0,00905114760501894;10;11;10;11;0,00957116552577753;0,00993031523533026
"P68032,P68133";"P68032,P68133";"P68133, P68032";"ACTC_HUMAN, ACTS_HUMAN";"Actin, alpha cardiac muscle 1, Actin, alpha skeletal muscle";"ACTA1, ACTC1";1;3;0,00227774029607333;1;1;1;2;0,00150279357915516;0,00359984902430186
"Q01546";"Q01546";"Q01546";"K22O_HUMAN";"Keratin, type II cytoskeletal 2 oral";"KRT76";0;0;0;0;0;0;0;0;0
"Q5XKE5";"Q5XKE5";"Q5XKE5";"K2C79_HUMAN";"Keratin, type II cytoskeletal 79";"KRT79";0;0;0;0;0;0;0;0;0
"P23527,P33778,Q16778";"P23527,P33778,Q16778";"P23527, P33778, Q16778";"H2B1B_HUMAN, H2B1O_HUMAN, H2B2E_HUMAN";"Histone H2B type 1-B, Histone H2B type 1-O, Histone H2B type 2-E";"HIST1H2BB, HIST1H2BO, HIST2H2BE";1;1;0,00479960913564202;1;0;1;0;0,00799369565208457;0
"P07910-1,P07910-2";"P07910-1,P07910-2";"P07910-[1,2]";"HNRPC_HUMAN";"Heterogeneous nuclear ribonucleoproteins C1/C2";"HNRNPC";9;13;0,00412907550639792;8;4;9;4;NA;NA
"P58876,P62807,Q5QNW6-1,Q5QNW6-2,Q93079,Q99877,Q99879,Q99880";"P58876,P62807,Q5QNW6-1,Q5QNW6-2,Q93079,Q99877,Q99879,Q99880";"P58876, P62807, Q5QNW6-[1,2], Q93079, Q99877, Q99879, Q99880";"H2B1C_HUMAN, H2B1D_HUMAN, H2B1H_HUMAN, H2B1L_HUMAN, H2B1M_HUMAN, H2B1N_HUMAN, H2B2F_HUMAN";"Histone H2B type 1-C/E/F/G/I, Histone H2B type 1-D, Histone H2B type 1-H, Histone H2B type 1-L, Histone H2B type 1-M, Histone H2B type 1-N, Histone H2B type 2-F";"HIST1H2BD, HIST1H2BF,HIST1H2BE,HIST1H2BC,HIST1H2BG,HIST1H2BI, HIST1H2BH, HIST1H2BL, HIST1H2BM, HIST1H2BN, HIST2H2BF";1;2;0,00359970685173152;1;1;1;1;0,00399684782604228;0,00753968378978779
"P19012";"P19012";"P19012";"K1C15_HUMAN";"Keratin, type I cytoskeletal 15";"KRT15";0;0;0;0;0;0;0;0;0
"Q86Y46-1";"Q86Y46-1";"Q86Y46-1";"K2C73_HUMAN";"Keratin, type II cytoskeletal 73";"KRT73";0;0;NA;0;0;0;0;NA;NA
"P08107-1,P08107-2";"P08107-1,P08107-2";"P08107-[1,2]";"HSP71_HUMAN";"Heat shock 70 kDa protein 1A/1B";"HSPA1B,HSPA1A";0;0;NA;0;0;0;0;NA;NA
"A5A3E0,Q6S8J3-1";"A5A3E0,Q6S8J3-1";"A5A3E0, Q6S8J3-1";"POTEE_HUMAN, POTEF_HUMAN";"POTE ankyrin domain family member E, POTE ankyrin domain family member F";"POTEE, POTEF";1;1;0,000171429107937489;1;0;1;0;0,000709872042459204;0
"P17066";"P17066";"P17066";"HSP76_HUMAN";"Heat shock 70 kDa protein 6";"HSPA6";0;0;NA;0;0;0;0;NA;0
"P34931";"P34931";"P34931";"HS71L_HUMAN";"Heat shock 70 kDa protein 1-like";"HSPA1L";0;0;NA;0;0;0;0;NA;NA
"P05787";"P05787";"P05787";"K2C8_HUMAN";"Keratin, type II cytoskeletal 8";"KRT8";0;0;0;0;0;0;0;0;0
"P13646-1,P13646-3";"P13646-1,P13646-3";"P13646-[1,3]";"K1C13_HUMAN";"Keratin, type I cytoskeletal 13";"KRT13";0;0;0;0;0;0;0;NA;NA
"P19013";"P19013";"P19013";"K2C4_HUMAN";"Keratin, type II cytoskeletal 4";"KRT4";0;0;NA;0;0;0;0;NA;0
"P0C0S5,Q71UI9-1";"P0C0S5,Q71UI9-1";"P0C0S5, Q71UI9-1";"H2AV_HUMAN, H2AZ_HUMAN";"Histone H2A.V, Histone H2A.Z";"H2AFV, H2AFZ";2;3;0,00393462275910142;2;1;2;1;0,0112411345107439;0,0057254473778701
"Q95604";"Q95604";"Q95604";"1C17_HUMAN";"HLA class I histocompatibility antigen, Cw-17 alpha chain";"HLA-C";1;2;0,00278686982069537;1;1;1;1;0,00348112552590779;0,0027361755688746
"P04439,P05534,P13746-1,P13746-2,P16188,P30447";"P04439,P05534,P13746-1,P13746-2,P16188,P30447";"P04439, P05534, P13746-[1,2], P16188, P30447";"1A03_HUMAN, 1A11_HUMAN, 1A23_HUMAN, 1A24_HUMAN, 1A30_HUMAN";"HLA class I histocompatibility antigen, A-11 alpha chain, HLA class I histocompatibility antigen, A-23 alpha chain, HLA class I histocompatibility antigen, A-24 alpha chain, HLA class I histocompatibility antigen, A-3 alpha chain, HLA class I histocompatibility antigen, A-30 alpha chain";"HLA-A";1;1;0,00032545294823874;0;1;0;1;NA;0,000697162542206405
"P01892,P10316";"P01892,P10316";"P01892, P10316";"1A02_HUMAN, 1A69_HUMAN";"HLA class I histocompatibility antigen, A-2 alpha chain, HLA class I histocompatibility antigen, A-69 alpha chain";"HLA-A";0;0;0;0;0;0;0;NA;0
