"";"protein.acs";"protein.g";"ID";"Description";"Gene";"global.peptide.count";"global.spectra.count";"global.dNSAF";"peptide.count.P5833-1.id.csv";"peptide.count.P5833-2.id.csv";"spectra.count.P5833-1.id.csv";"spectra.count.P5833-2.id.csv";"dNSAF.P5833-1.id.csv";"dNSAF.P5833-2.id.csv";"Go.Cc"
"1";"A8MWD9";"A8MWD9,P62308";"RUXG_HUMAN, RUXGL_HUMAN";"Small nuclear ribonucleoprotein G, Small nuclear ribonucleoprotein G-like protein";"SNRPG";4;7;0,00638100695670056;4;3;4;3;0,00875322192231585;0,00659817140663856;"spliceosomal complex"
"2";"B2RPK0";"B2RPK0,P09429";"HGB1A_HUMAN, HMGB1_HUMAN";"High mobility group protein B1, Putative high mobility group protein B1-like 1";"HMGB1, HMGB1P1";3;5;0,00216837258533084;2;3;2;3;0,00208214355585604;0,00313903616215669;"nucleus, chromosome"
"3";"B9A064";"B9A064-1,P0CF74,P0CG04,P0CG05,P0CG06";"IGLL5_HUMAN, LAC1_HUMAN, LAC2_HUMAN, LAC3_HUMAN, LAC6_HUMAN";"Ig lambda-1 chain C regions, Ig lambda-2 chain C regions, Ig lambda-3 chain C regions, Ig lambda-6 chain C region, Immunoglobulin lambda-like polypeptide 5";"IGLC1, IGLC2, IGLC3, IGLC6, IGLL5";1;2;0,000434354257688529;1;1;1;1;0,000784486870396232;0,00078846073412662;"extracellular region"
"4";"O00330";"O00330";"ODPX_HUMAN";"Pyruvate dehydrogenase protein X component, mitochondrial";"PDHX";1;2;0,000553129773264035;1;1;1;1;0,000663917032031941;0,000667280142254864;"mitochondrial matrix"
"5";"O14979";"O14979-1,O14979-2,O14979-3";"HNRDL_HUMAN";"Heterogeneous nuclear ribonucleoprotein D-like";"HNRNPDL";3;5;0,000573743305186918;3;2;3;2;NA;NA;"spliceosomal complex, cytoplasm, nucleus"
"6";"O15042";"O15042-1,O15042-2,O15042-3";"SR140_HUMAN";"U2 snRNP-associated SURP motif-containing protein";"U2SURP";1;1;4,48846803377521e-05;1;NA;1;NA;NA;NA;"nucleus"
"7";"O15127";"O15127";"SCAM2_HUMAN";"Secretory carrier-associated membrane protein 2";"SCAMP2";1;1;0,000421152000615929;1;NA;1;NA;0,00101101043479636;NA;"transport vesicle, intracellular membrane-bounded organelle, integral component of membrane, Golgi apparatus, extracellular vesicular exosome, recycling endosome membrane, nucleus, trans-Golgi network membrane"
"8";"O15143";"O15143";"ARC1B_HUMAN";"Actin-related protein 2/3 complex subunit 1B";"ARPC1B";1;3;0,00111741135647291;1;1;1;2;0,000894146325397856;0,0017973513509123;"cytoplasm, extracellular vesicular exosome, Arp2/3 protein complex, actin cytoskeleton"
"9";"O15347";"O15347";"HMGB3_HUMAN";"High mobility group protein B3";"HMGB3";1;1;0,000923726721350938;NA;1;NA;1;NA;0,00222871567513125;"nucleus, chromosome"
"10";"O15371";"O15371";"EIF3D_HUMAN";"Eukaryotic translation initiation factor 3 subunit D";"EIF3D";1;1;0,000252844905479271;1;NA;1;NA;0,000606975242788325;NA;"eukaryotic translation initiation factor 3 complex, eukaryotic 48S preinitiation complex, cytosol, eukaryotic 43S preinitiation complex"
"11";"O15372";"O15372";"EIF3H_HUMAN";"Eukaryotic translation initiation factor 3 subunit H";"EIF3H";1;1;0,000393633546030229;1;NA;1;NA;0,00094495009388637;NA;"eukaryotic translation initiation factor 3 complex, cytosol, extracellular vesicular exosome, eukaryotic 43S preinitiation complex, eukaryotic 48S preinitiation complex"
"12";"O15511";"O15511-1,O15511-2";"ARPC5_HUMAN";"Actin-related protein 2/3 complex subunit 5";"ARPC5";1;1;0,000458804662922651;1;NA;1;NA;NA;NA;"extracellular vesicular exosome, cell projection, cytosol, cytoplasm, Arp2/3 protein complex, actin cytoskeleton"
"13";"O43290";"O43290-1";"SNUT1_HUMAN";"U4/U6.U5 tri-snRNP-associated protein 1";"SART1";1;1;0,000173198760253301;1;NA;1;NA;NA;NA;"nucleus, nucleoplasm, Cajal body, catalytic step 2 spliceosome, Golgi apparatus, cytoplasm, cytosol"
"14";"O43390";"O43390-1,O43390-2";"HNRPR_HUMAN";"Heterogeneous nuclear ribonucleoprotein R";"HNRNPR";3;5;0,000547231469994631;3;2;3;2;NA;NA;"cytoplasm, catalytic step 2 spliceosome, spliceosomal complex, ribonucleoprotein complex, nucleus, nucleoplasm"
"15";"O43396";"O43396";"TXNL1_HUMAN";"Thioredoxin-like protein 1";"TXNL1";2;3;0,0014383288048717;1;2;1;2;0,00115094267490658;0,00231354568352725;"nucleus, cytoplasm, proteasome complex"
"16";"O43719";"O43719";"HTSF1_HUMAN";"HIV Tat-specific factor 1";"HTATSF1";2;2;0,000367043730338121;NA;2;NA;2;NA;0,000885582387469369;"nucleus"
"17";"O60814";"O60814";"H2B1K_HUMAN";"Histone H2B type 1-K";"HIST1H2BK";1;2;0,0116251322074778;1;1;1;1;0,0158391634784763;0,0126028564962779;"nucleosome, nucleoplasm"
"18";"O60832";"O60832-1";"DKC1_HUMAN";"H/ACA ribonucleoprotein complex subunit 4";"DKC1";2;2;0,000539140109737901;2;NA;2;NA;NA;NA;"nucleolus, nucleoplasm, cytoplasm, telomerase holoenzyme complex, Cajal body, nucleus"
"19";"O60869";"O60869-1,O60869-2";"EDF1_HUMAN";"Endothelial differentiation-related factor 1";"EDF1";1;1;0,000468104757441354;NA;1;NA;1;NA;NA;"nucleolus, nucleus, intracellular, cytoplasm"
"20";"O75533";"O75533";"SF3B1_HUMAN";"Splicing factor 3B subunit 1";"SF3B1";5;7;0,000743798356916016;3;4;3;4;0,000765235658852766;0,0010254826726064;"catalytic step 2 spliceosome, nucleus, spliceosomal complex, nucleoplasm, U12-type spliceosomal complex, nuclear speck, intracellular membrane-bounded organelle"
"21";"O75821";"O75821";"EIF3G_HUMAN";"Eukaryotic translation initiation factor 3 subunit G";"EIF3G";1;2;0,000865993801266504;1;NA;2;NA;0,00207889020655001;NA;"eukaryotic 48S preinitiation complex, eukaryotic 43S preinitiation complex, perinuclear region of cytoplasm, eukaryotic translation initiation factor 3 complex, nucleus, cytosol"
"22";"O94804";"O94804";"STK10_HUMAN";"Serine/threonine-protein kinase 10";"STK10";1;1;0,00014313947128372;NA;1;NA;1;NA;0,000345358833956288;"plasma membrane, cytoplasm, extracellular vesicular exosome"
"23";"O94979";"O94979-1,O94979-2,O94979-3,O94979-4,O94979-6,O94979-8,O94979-9";"SC31A_HUMAN";"Protein transport protein Sec31A";"SEC31A";2;2;3,24494164408995e-05;2;NA;2;NA;NA;NA;"ER to Golgi transport vesicle membrane, COPII vesicle coat, vesicle coat, perinuclear region of cytoplasm, ER to Golgi transport vesicle, cytoplasm, endoplasmic reticulum membrane, cytosol, Golgi membrane, endoplasmic reticulum, intracellular membrane-bounded organelle"
"24";"O95202";"O95202-1";"LETM1_HUMAN";"LETM1 and EF-hand domain-containing protein 1, mitochondrial";"LETM1";2;2;0,000374990549939488;NA;2;NA;2;NA;NA;"mitochondrial inner membrane, integral component of membrane, mitochondrion"
"25";"P00338";"P00338-1,P00338-2,P00338-3,P00338-4,P00338-5";"LDHA_HUMAN";"L-lactate dehydrogenase A chain";"LDHA";1;1;8,34692820497835e-05;1;NA;1;NA;NA;NA;"extracellular vesicular exosome, cytosol, cilium, mitochondrion"
"26";"P00558";"P00558";"PGK1_HUMAN";"Phosphoglycerate kinase 1";"PGK1";10;20;0,006645515980942;9;7;11;9;0,00877421286217752;0,00721526657416591;"extracellular vesicular exosome, cytosol"
"27";"P01834";"P01834";"IGKC_HUMAN";"Ig kappa chain C region";"IGKC";1;3;0,00392148136422568;1;1;2;1;0,00627589496316986;0,00315384293650648;"blood microparticle, extracellular region, plasma membrane, extracellular space"
"28";"P02533";"P02533";"K1C14_HUMAN";"Keratin, type I cytoskeletal 14";"KRT14";1;1;0,000410980109075629;1;0;1;0;0,000939611392790967;NA;"keratin filament, cytosol, cell periphery, intermediate filament, extracellular vesicular exosome, nucleus, cytoplasm"
"29";"P02538";"P02538,P48668";"K2C6A_HUMAN, K2C6C_HUMAN";"Keratin, type II cytoskeletal 6A, Keratin, type II cytoskeletal 6C";"KRT6A, KRT6C";5;9;0,00130111670959517;4;5;4;5;0,00149404875364351;0,00163004470920503;"extracellular vesicular exosome, intermediate filament, keratin filament"
"30";"P02795";"P02795,P04732-1,P13640-1,P13640-2,P80297,Q8N339";"MT1E_HUMAN, MT1G_HUMAN, MT1M_HUMAN, MT1X_HUMAN, MT2_HUMAN";"Metallothionein-1E, Metallothionein-1G, Metallothionein-1M, Metallothionein-1X, Metallothionein-2";"MT1E, MT1G, MT1M, MT1X, MT2A";2;6;0,00225911426417349;2;2;3;3;0,00545282677127873;0,00548044838147028;"nucleus, cytoplasm, perinuclear region of cytoplasm, cytosol"
"31";"P04075";"P04075";"ALDOA_HUMAN";"Fructose-bisphosphate aldolase A";"ALDOA";17;41;0,0159698729106545;17;16;23;18;0,0210173515387474;0,017401770742783;"actin cytoskeleton, platelet alpha granule lumen, cytosol, extracellular space, extracellular vesicular exosome, extracellular region, I band"
"32";"P04264";"P04264";"K2C1_HUMAN";"Keratin, type II cytoskeletal 1";"KRT1";10;20;0,00444188365306001;9;8;11;9;0,00568143907380128;0,00500571122686421;"extracellular vesicular exosome, plasma membrane, blood microparticle, extracellular space, membrane, cytoskeleton, keratin filament"
"33";"P04406";"P04406";"G3P_HUMAN";"Glyceraldehyde-3-phosphate dehydrogenase";"GAPDH";22;64;0,0264709747014;18;22;30;34;0,0297870835565375;0,0339297013228936;"perinuclear region of cytoplasm, extracellular vesicular exosome, GAIT complex, ribonucleoprotein complex, cytosol, nucleus, microtubule cytoskeleton, lipid particle, cytoplasm, plasma membrane"
"34";"P04792";"P04792";"HSPB1_HUMAN";"Heat shock protein beta-1";"HSPB1";5;8;0,00540718080790793;4;4;4;4;0,00649019381557078;0,00652307026867682;"spindle, extracellular vesicular exosome, cytoskeleton, cytoplasm, nucleus, extracellular space, Z disc, proteasome complex, plasma membrane, cytosol"
"35";"P04908";"P04908,P0C0S8,P20671,Q16777,Q6FI13,Q7L7L0,Q93077,Q96KK5,Q99878,Q9BTM1-1";"H2A1_HUMAN, H2A1B_HUMAN, H2A1C_HUMAN, H2A1D_HUMAN, H2A1H_HUMAN, H2A1J_HUMAN, H2A2A_HUMAN, H2A2C_HUMAN, H2A3_HUMAN, H2AJ_HUMAN";"Histone H2A type 1, Histone H2A type 1-B/E, Histone H2A type 1-C, Histone H2A type 1-D, Histone H2A type 1-H, Histone H2A type 1-J, Histone H2A type 2-A, Histone H2A type 2-C, Histone H2A type 3, Histone H2A.J";"H2AFJ, HIST1H2AC, HIST1H2AD, HIST1H2AE,HIST1H2AB, HIST1H2AH, HIST1H2AJ, HIST1H2AK,HIST1H2AI,HIST1H2AG,HIST1H2AL,HIST1H2AM, HIST2H2AA4,HIST2H2AA3, HIST2H2AC, HIST3H2A";2;7;0,00103062631680867;2;2;4;3;0,00159887178117495;0,00114783639920923;"nucleus, extracellular vesicular exosome, nucleosome"
"36";"P05109";"P05109";"S10A8_HUMAN";"Protein S100-A8";"S100A8";1;2;0,00297976361726109;1;1;1;1;0,00357658530159142;0,00359470270182459;"cytoskeleton, cytosol, extracellular vesicular exosome, extracellular space, plasma membrane, extracellular region"
"37";"P05114";"P05114";"HMGN1_HUMAN";"Non-histone chromosomal protein HMG-14";"HMGN1";2;3;0,00415677024607922;NA;2;NA;3;NA;0,0100292205380906;"chromatin, cytoplasm, nucleus"
"38";"P05198";"P05198";"IF2A_HUMAN";"Eukaryotic translation initiation factor 2 subunit 1";"EIF2S1";1;3;0,00131960960192991;1;1;1;2;0,00105594423189842;0,00212258635726785;"polysome, nucleus, extracellular vesicular exosome, cytoplasmic stress granule, eukaryotic translation initiation factor 2 complex, cytosol"
"39";"P05204";"P05204";"HMGN2_HUMAN";"Non-histone chromosomal protein HMG-17";"HMGN2";2;5;0,00769772267792448;2;2;3;2;0,0110874144349334;0,00742905225043749;"chromatin, nucleus, cytoplasm"
"40";"P05386";"P05386";"RLA1_HUMAN";"60S acidic ribosomal protein P1";"RPLP1";1;2;0,00324114639070504;1;1;1;1;0,0038903208543626;0,00391002750023026;"cytosol, cytoplasm, cytosolic large ribosomal subunit"
"41";"P05387";"P05387";"RLA2_HUMAN";"60S acidic ribosomal protein P2";"RPLP2";3;4;0,00642592501809348;2;2;2;2;0,00771298395473629;0,00775205452219564;"extracellular vesicular exosome, cytosolic large ribosomal subunit, cytosol"
"42";"P05388";"P05388,Q8NHW5";"RLA0_HUMAN, RLA0L_HUMAN";"60S acidic ribosomal protein P0, 60S acidic ribosomal protein P0-like";"RPLP0, RPLP0P6";1;2;0,000437094663099813;1;1;1;1;0,000524641061589909;0,000527298661308654;"ribonucleoprotein complex, extracellular vesicular exosome, cytoplasm, cytosolic large ribosomal subunit, nucleus, cytosol"
"43";"P06454";"P06454-1,P06454-2";"PTMA_HUMAN";"Prothymosin alpha";"PTMA";2;4;0,00249655870635389;2;2;2;2;NA;NA;"nucleus"
"44";"P06576";"P06576";"ATPB_HUMAN";"ATP synthase subunit beta, mitochondrial";"ATP5B";6;12;0,00314311549798051;5;6;5;7;0,0031438793293762;0,00442372676538338;"mitochondrial nucleoid, mitochondrial membrane, mitochondrial proton-transporting ATP synthase, catalytic core, mitochondrial matrix, mitochondrial proton-transporting ATP synthase complex, extracellular vesicular exosome, cell surface, mitochondrion, plasma membrane"
"45";"P06702";"P06702";"S10A9_HUMAN";"Protein S100-A9";"S100A9";1;2;0,00243085979302878;1;1;1;1;0,00291774064077195;0,00293252062517269;"cytoskeleton, extracellular space, cytosol, plasma membrane, extracellular region, extracellular vesicular exosome"
"46";"P06733";"P06733-1";"ENOA_HUMAN";"Alpha-enolase";"ENO1";4;5;0,00159630193781844;4;1;4;1;NA;NA;"extracellular vesicular exosome, plasma membrane, cytoplasm, nucleus, phosphopyruvate hydratase complex, extracellular space, M band, cytosol"
"47";"P06748";"P06748-3";"NPM_HUMAN";"Nucleophosmin";"NPM1";1;2;0,00204225295536772;1;1;1;1;NA;NA;"spindle pole centrosome, centrosome, cytosol, nucleolus, ribonucleoprotein complex, nucleoplasm, nucleus, cytoplasm"
"48";"P06748";"P06748-1,P06748-2";"NPM_HUMAN";"Nucleophosmin";"NPM1";5;10;0,0051056323884193;5;3;7;3;NA;NA;"spindle pole centrosome, centrosome, cytosol, nucleolus, ribonucleoprotein complex, nucleoplasm, nucleus, cytoplasm"
"49";"P06753";"P06753-1,P06753-2,P06753-3,P07951-1,P07951-2,P07951-3,P09493-1,P09493-2,P09493-3,P09493-4,P09493-5,P09493-6,P09493-7,P67936-1,P67936-2";"TPM1_HUMAN, TPM2_HUMAN, TPM3_HUMAN, TPM4_HUMAN";"Tropomyosin alpha-1 chain, Tropomyosin alpha-3 chain, Tropomyosin alpha-4 chain, Tropomyosin beta chain";"TPM1, TPM2, TPM3, TPM4";1;1;3,30610852308854e-05;NA;1;NA;1;NA;NA;"filamentous actin, podosome, extracellular vesicular exosome, cytoskeleton, muscle thin filament tropomyosin, cortical cytoskeleton, stress fiber, cytosol, cleavage furrow, growth cone"
"50";"P07437";"P07437";"TBB5_HUMAN";"Tubulin beta chain";"TUBB";4;5;0,00390087297867795;3;2;3;2;0,0056186221798649;0,00376472242420819;"cytosol, cell body, microtubule, nuclear envelope lumen, extracellular vesicular exosome, cytoskeleton"
"51";"P07737";"P07737";"PROF1_HUMAN";"Profilin-1";"PFN1";2;2;0,00197941440289487;2;NA;2;NA;0,00475174904354289;NA;"extracellular vesicular exosome, synapse, nucleus, cytosol, cytoskeleton, neuron projection, blood microparticle"
"52";"P07814";"P07814";"SYEP_HUMAN";"Bifunctional glutamate/proline--tRNA ligase";"EPRS";5;5;0,000458197778447886;3;2;3;2;0,000659965144936513;0,000442205491097469;"ribonucleoprotein complex, cytoplasm, GAIT complex, cytosol"
"53";"P07900";"P07900-1,P07900-2";"HS90A_HUMAN";"Heat shock protein HSP 90-alpha";"HSP90AA1";1;1;0,00028393239385787;1;0;1;0;NA;NA;"cytosol, plasma membrane, mitochondrion, extracellular vesicular exosome, melanosome, nucleus, extracellular region, endocytic vesicle lumen, cytoplasm"
"54";"P07910";"P07910-2";"HNRPC_HUMAN";"Heterogeneous nuclear ribonucleoproteins C1/C2";"HNRNPC";8;13;0,00588649381253049;5;8;5;8;NA;NA;"spliceosomal complex, extracellular vesicular exosome, catalytic step 2 spliceosome, nucleus, nucleoplasm"
"55";"P07919";"P07919";"QCR6_HUMAN";"Cytochrome b-c1 complex subunit 6, mitochondrial";"UQCRH";1;1;0,00152262646376528;1;NA;1;NA;0,00365519157195607;NA;"mitochondrial inner membrane, mitochondrial respiratory chain complex III, mitochondrion, mitochondrial respiratory chain"
"56";"P08107";"P08107-1,P08107-2,P34931";"HS71L_HUMAN, HSP71_HUMAN";"Heat shock 70 kDa protein 1-like, Heat shock 70 kDa protein 1A/1B";"HSPA1A,HSPA1B, HSPA1L";1;2;0,000168124988285402;1;1;1;1;0,000667172252603526;0,000568953086829704;"nucleus, cytosol, blood microparticle, nuclear speck, inclusion body, perinuclear region of cytoplasm, extracellular vesicular exosome, ribonucleoprotein complex, aggresome, endoplasmic reticulum, mitochondrion, cytoplasm"
"57";"P08195";"P08195-1,P08195-2,P08195-3,P08195-4";"4F2_HUMAN";"4F2 cell-surface antigen heavy chain";"SLC3A2";2;3;0,000164951200241239;2;NA;3;NA;NA;NA;"integral component of membrane, apical plasma membrane, cytoplasm, nucleus, melanosome, cell junction, plasma membrane, extracellular vesicular exosome"
"58";"P08238";"P08238";"HS90B_HUMAN";"Heat shock protein HSP 90-beta";"HSP90AB1";1;1;0,000574139536751273;1;0;1;0;0,00114855812516575;NA;"brush border membrane, inclusion body, cytosol, basolateral plasma membrane, apical plasma membrane, extracellular vesicular exosome, cell surface, mitochondrion, cytoplasm, melanosome"
"59";"P08575";"P08575-1,P08575-2";"PTPRC_HUMAN";"Receptor-type tyrosine-protein phosphatase C";"PTPRC";2;3;0,000159385362196289;1;2;1;2;NA;NA;"external side of plasma membrane, membrane raft, plasma membrane, integral component of plasma membrane, extracellular vesicular exosome, focal adhesion"
"60";"P08621";"P08621-1,P08621-2,P08621-4";"RU17_HUMAN";"U1 small nuclear ribonucleoprotein 70 kDa";"SNRNP70";4;7;0,000739826893530499;3;3;4;3;NA;NA;"nuclear speck, nucleoplasm, nucleus, spliceosomal complex, U1 snRNP"
"61";"P08670";"P08670";"VIME_HUMAN";"Vimentin";"VIM";1;1;0,000320208998817592;1;NA;1;NA;0,000832745719361951;NA;"cell leading edge, cell projection, intermediate filament, intermediate filament cytoskeleton, peroxisome, cytoplasm, extracellular vesicular exosome, cytoskeleton, cytosol"
"62";"P08708";"P08708,P0CW22";"RS17_HUMAN, RS17L_HUMAN";"40S ribosomal protein S17, 40S ribosomal protein S17-like";"RPS17, RPS17L";6;13;0,00667135965420122;5;5;6;7;0,00739160962328894;0,0086672276255104;"ribosome, cytosolic small ribosomal subunit, cytosol"
"63";"P08865";"P08865";"RSSA_HUMAN";"40S ribosomal protein SA";"RPSA";4;7;0,00328784087260503;3;3;4;3;0,00451013468539664;0,00339973577562393;"plasma membrane, cytoplasm, nucleus, 90S preribosome, cytosol, cytosolic small ribosomal subunit, extracellular vesicular exosome"
"64";"P09651";"P09651-1,P09651-2,P09651-3";"ROA1_HUMAN";"Heterogeneous nuclear ribonucleoprotein A1";"HNRNPA1";9;24;0,00315169684382784;9;8;14;10;NA;NA;"spliceosomal complex, extracellular vesicular exosome, intermediate filament cytoskeleton, cytoplasm, ribonucleoprotein complex, nucleus, nucleoplasm, catalytic step 2 spliceosome"
"65";"P09972";"P09972";"ALDOC_HUMAN";"Fructose-bisphosphate aldolase C";"ALDOC";1;2;0,000779018190763633;1;1;1;1;0,000913797892989018;0,000966765041265723;"axon, mitochondrion, cytosol, cytoskeleton, extracellular vesicular exosome"
"66";"P0C0S5";"P0C0S5,Q71UI9-1";"H2AV_HUMAN, H2AZ_HUMAN";"Histone H2A.V, Histone H2A.Z";"H2AFV, H2AFZ";1;1;0,000744213422963402;1;0;1;0;0,00363805786146253;0;"nucleosome, nucleus"
"67";"P10412";"P10412";"H14_HUMAN";"Histone H1.4";"HIST1H1E";1;2;0,00284710290827344;1;1;1;1;0,00354392242212483;0,00330745476903039;"nucleus, nucleosome"
"68";"P10809";"P10809";"CH60_HUMAN";"60 kDa heat shock protein, mitochondrial";"HSPD1";6;9;0,00217631950056504;5;3;6;3;0,00348295741411521;0,00175030026842768;"mitochondrion, coated pit, secretory granule, mitochondrial matrix, extracellular space, protein complex, mitochondrial inner membrane, plasma membrane, extracellular vesicular exosome, early endosome, cytoplasm, cell surface, coated vesicle, cytosol, lipopolysaccharide receptor complex"
"69";"P11021";"P11021";"GRP78_HUMAN";"78 kDa glucose-regulated protein";"HSPA5";3;3;0,000635591780746058;3;NA;3;NA;0,00152579097728441;NA;"endoplasmic reticulum chaperone complex, endoplasmic reticulum, cell surface, nucleus, midbody, melanosome, integral component of endoplasmic reticulum membrane, extracellular vesicular exosome, endoplasmic reticulum-Golgi intermediate compartment, endoplasmic reticulum lumen, endoplasmic reticulum membrane"
"70";"P11142";"P11142-1";"HSP7C_HUMAN";"Heat shock cognate 71 kDa protein";"HSPA8";11;16;0,00400376907087094;6;9;6;10;NA;NA;"extracellular vesicular exosome, intracellular, plasma membrane, ribonucleoprotein complex, nucleolus, blood microparticle, Prp19 complex, cytosol, melanosome, spliceosomal complex, clathrin-sculpted gamma-aminobutyric acid transport vesicle membrane, nucleus"
"71";"P11586";"P11586";"C1TC_HUMAN";"C-1-tetrahydrofolate synthase, cytoplasmic";"MTHFD1";4;6;0,000889148715738871;4;2;4;2;0,00142298367079359;0,000715095938544785;"extracellular vesicular exosome, mitochondrion, cytosol"
"72";"P12270";"P12270";"TPR_HUMAN";"Nucleoprotein TPR";"TPR";6;12;0,000703642868570329;6;6;6;6;0,000844576639140082;0,000848854891078342;"nuclear envelope, mitotic spindle, extrinsic component of membrane, kinetochore, nuclear membrane, nuclear inclusion body, cytoplasm, nuclear pore, cytoplasmic dynein complex, nucleus, nuclear pore nuclear basket, nucleoplasm, nuclear periphery"
"73";"P12956";"P12956";"XRCC6_HUMAN";"X-ray repair cross-complementing protein 6";"XRCC6";3;5;0,00113759448442234;2;3;2;3;0,00109235610196388;0,00164683424270782;"membrane, nonhomologous end joining complex, nucleus, nucleoplasm, nucleolus, nuclear telomere cap complex, Ku70:Ku80 complex, cytosol, transcription factor complex"
"74";"P13010";"P13010";"XRCC5_HUMAN";"X-ray repair cross-complementing protein 5";"XRCC5";1;2;0,000378576525143827;1;1;1;1;0,000454402230939894;0,00045670403178919;"cytosol, nuclear chromosome, telomeric region, nonhomologous end joining complex, nuclear telomere cap complex, nucleus, nucleoplasm, Ku70:Ku80 complex"
"75";"P13639";"P13639";"EF2_HUMAN";"Elongation factor 2";"EEF2";10;18;0,00336580586727062;9;7;11;7;0,00465206200067136;0,00340931156597874;"polysome, cytosol, extracellular vesicular exosome, ribonucleoprotein complex"
"76";"P13645";"P13645";"K1C10_HUMAN";"Keratin, type I cytoskeletal 10";"KRT10";4;6;0,00142355145413672;4;2;4;2;0,00227823584279454;0,00114488818927975;"extracellular vesicular exosome, cytoplasm, extracellular space, intermediate filament, keratin filament"
"77";"P13647";"P13647";"K2C5_HUMAN";"Keratin, type II cytoskeletal 5";"KRT5";3;3;0,0007587325090627;1;2;1;2;0,000657727974953677;0,00113324525854131;"plasma membrane, cytosol, extracellular vesicular exosome, intermediate filament, cytoplasm, mitochondrion, keratin filament"
"78";"P14314";"P14314-1,P14314-2";"GLU2B_HUMAN";"Glucosidase 2 subunit beta";"PRKCSH";1;1;0,000131211182010076;NA;1;NA;1;NA;NA;"endoplasmic reticulum lumen, intracellular, endoplasmic reticulum"
"79";"P14618";"P14618-1,P14618-2";"KPYM_HUMAN";"Pyruvate kinase PKM";"PKM";8;16;0,0020875180143524;8;4;10;6;NA;NA;"cilium, cytosol, mitochondrion, plasma membrane, extracellular vesicular exosome, nucleus, cytoplasm"
"80";"P14866";"P14866-1";"HNRPL_HUMAN";"Heterogeneous nuclear ribonucleoprotein L";"HNRNPL";4;6;0,00141146697659736;3;3;3;3;NA;NA;"nucleoplasm, ribonucleoprotein complex, extracellular vesicular exosome, cytoplasm, nucleus"
"81";"P15259";"P15259,P18669";"PGAM1_HUMAN, PGAM2_HUMAN";"Phosphoglycerate mutase 1, Phosphoglycerate mutase 2";"PGAM1, PGAM2";1;1;0,000273291929393769;1;NA;1;NA;0,000656060025735705;NA;"nucleus, cytosol"
"82";"P15311";"P15311";"EZRI_HUMAN";"Ezrin";"EZR";4;6;0,00162558563377671;3;3;3;3;0,00199899221523135;0,00191684761137568;"Schwann cell microvillus, nucleolus, plasma membrane, actin filament, filopodium, cell tip, uropod, microspike, apical plasma membrane, microvillus membrane, extrinsic component of membrane, ruffle, apical part of cell, basolateral plasma membrane, microvillus, cell body, actin cytoskeleton, cytosol, cortical cytoskeleton, membrane raft, ruffle membrane, T-tubule, extracellular vesicular exosome, astrocyte projection"
"83";"P15880";"P15880";"RS2_HUMAN";"40S ribosomal protein S2";"RPS2";4;8;0,0037831811113349;4;3;5;3;0,00567615073460755;0,00342294216317086;"extracellular vesicular exosome, cytosol, nucleoplasm, cytosolic small ribosomal subunit"
"84";"P16402";"P16402";"H13_HUMAN";"Histone H1.3";"HIST1H1D";1;1;0,00141066863554725;0;1;0;1;0;0,0032775230516636;"nuclear chromatin, nucleosome"
"85";"P16403";"P16403";"H12_HUMAN";"Histone H1.2";"HIST1H1C";3;9;0,0131728634558849;3;2;5;4;0,0182187561137403;0,0136024900360123;"nucleus, nucleosome"
"86";"P16949";"P16949-1,P16949-2";"STMN1_HUMAN";"Stathmin";"STMN1";2;2;0,000929926229547924;2;NA;2;NA;NA;NA;"extracellular vesicular exosome, microtubule, membrane, intracellular, cytosol"
"87";"P17844";"P17844";"DDX5_HUMAN";"Probable ATP-dependent RNA helicase DDX5";"DDX5";5;7;0,00179028468796029;4;3;4;3;0,00216692138793487;0,00210011598052153;"catalytic step 2 spliceosome, nucleus, ribonucleoprotein complex, nucleolus, extracellular vesicular exosome"
"88";"P17987";"P17987";"TCPA_HUMAN";"T-complex protein 1 subunit alpha";"TCP1";2;2;0,00049841369857065;NA;2;NA;2;NA;0,00120254442902765;"extracellular vesicular exosome, microtubule, pericentriolar material, acrosomal vesicle, nuclear heterochromatin, chaperonin-containing T-complex, centrosome, zona pellucida receptor complex, cell body, Golgi apparatus, cytosol"
"89";"P18124";"P18124";"RL7_HUMAN";"60S ribosomal protein L7";"RPL7";2;7;0,00391093974765518;2;2;3;4;0,00402365846429035;0,00539205405273689;"cytosolic large ribosomal subunit, ribonucleoprotein complex, cytosol"
"90";"P18621";"P18621";"RL17_HUMAN";"60S ribosomal protein L17";"RPL17";5;6;0,00451822852834698;4;2;4;2;0,00723092245756527;0,00363377555727921;"cytosolic large ribosomal subunit, cytosol"
"91";"P19338";"P19338";"NUCL_HUMAN";"Nucleolin";"NCL";8;16;0,00312245652287641;8;7;9;7;0,00421634070060848;0,00329598797026452;"nucleolus, extracellular vesicular exosome, nucleus, nucleoplasm, ribonucleoprotein complex, cell cortex"
"92";"P20231";"P20231,Q15661-1,Q15661-2";"TRYB1_HUMAN, TRYB2_HUMAN";"Tryptase alpha/beta-1, Tryptase beta-2";"TPSAB1, TPSB2";1;3;0,000503850938918693;1;1;1;2;0,00120953612017455;0,00243132619105227;"extracellular region"
"93";"P20700";"P20700";"LMNB1_HUMAN";"Lamin-B1";"LMNB1";6;9;0,00212803937512588;5;4;5;4;0,00283807536730377;0,0022819614421139;"lamin filament, nuclear inner membrane, nuclear envelope, nuclear membrane, nucleoplasm"
"94";"P22061";"P22061-1,P22061-2";"PIMT_HUMAN";"Protein-L-isoaspartate(D-aspartate) O-methyltransferase";"PCMT1";7;12;0,00366235263971737;5;6;6;6;NA;NA;"cytoplasm, endoplasmic reticulum"
"95";"P22234";"P22234-1,P22234-2";"PUR6_HUMAN";"Multifunctional protein ADE2";"PAICS";2;2;0,000326021195770919;1;1;1;1;NA;NA;"cytosol, extracellular vesicular exosome"
"96";"P22626";"P22626-1";"ROA2_HUMAN";"Heterogeneous nuclear ribonucleoproteins A2/B1";"HNRNPA2B1";19;42;0,0174370083172685;14;19;19;23;NA;NA;"spliceosomal complex, cytoplasm, catalytic step 2 spliceosome, ribonucleoprotein complex, nucleoplasm"
"97";"P23193";"P23193-1";"TCEA1_HUMAN";"Transcription elongation factor A protein 1";"TCEA1";2;3;0,00138098679271735;2;NA;3;NA;NA;NA;"nucleolus, nucleoplasm, nucleus"
"98";"P23246";"P23246-1";"SFPQ_HUMAN";"Splicing factor, proline- and glutamine-rich";"SFPQ";7;12;0,00235177948858796;4;6;5;7;NA;NA;"cytoplasm, nucleus, nucleoplasm, paraspeckles, nuclear matrix"
"99";"P23284";"P23284";"PPIB_HUMAN";"Peptidyl-prolyl cis-trans isomerase B";"PPIB";2;2;0,00128295377965408;NA;2;NA;2;NA;0,00309543843768229;"macromolecular complex, extracellular vesicular exosome, melanosome, endoplasmic reticulum, endoplasmic reticulum lumen"
"100";"P23396";"P23396";"RS3_HUMAN";"40S ribosomal protein S3";"RPS3";3;3;0,00171060503953877;NA;3;NA;3;NA;0,00412725125024305;"cytoplasm, nucleus, cytosol, extracellular vesicular exosome, ruffle membrane, cytosolic small ribosomal subunit, ribonucleoprotein complex"
"101";"P23497";"P23497-1";"SP100_HUMAN";"Nuclear autoantigen Sp-100";"SP100";1;1;0,000210176728407494;1;0;1;0;NA;NA;"nuclear periphery, nucleolus, cytoplasm, nucleoplasm, nucleus, PML body"
"102";"P23588";"P23588";"IF4B_HUMAN";"Eukaryotic translation initiation factor 4B";"EIF4B";3;3;0,000680322462533424;NA;3;NA;3;NA;0,00164144362325542;"eukaryotic translation initiation factor 4F complex, cytosol"
"103";"P24752";"P24752";"THIL_HUMAN";"Acetyl-CoA acetyltransferase, mitochondrial";"ACAT1";6;11;0,00356943580849894;5;5;5;6;0,00389487626519909;0,00469752718411738;"mitochondrion, mitochondrial inner membrane, extracellular vesicular exosome, mitochondrial matrix"
"104";"P25398";"P25398";"RS12_HUMAN";"40S ribosomal protein S12";"RPS12";6;14;0,0146956523851286;5;5;7;7;0,0176390684192122;0,0177284201430895;"cytosolic small ribosomal subunit, cytosol"
"105";"P25705";"P25705";"ATPA_HUMAN";"ATP synthase subunit alpha, mitochondrial";"ATP5A1";4;9;0,00225502906658909;3;4;4;5;0,00240594888280653;0,00302267044547637;"mitochondrial matrix, mitochondrial proton-transporting ATP synthase complex, extracellular vesicular exosome, plasma membrane, mitochondrial inner membrane, proton-transporting ATP synthase complex, catalytic core F(1), mitochondrion"
"106";"P25786";"P25786-1,P25786-2";"PSA1_HUMAN";"Proteasome subunit alpha type-1";"PSMA1";1;4;0,00105368067074251;1;1;2;2;NA;NA;"polysome, extracellular vesicular exosome, proteasome core complex, alpha-subunit complex, cytosol, nucleoplasm, proteasome complex, proteasome core complex, centrosome, nucleus"
"107";"P26038";"P26038";"MOES_HUMAN";"Moesin";"MSN";23;42;0,011556589722274;17;20;20;22;0,0135344822429298;0,0142761406157454;"microvillus, blood microparticle, plasma membrane, basolateral plasma membrane, extracellular vesicular exosome, apical part of cell, cytoskeleton, filopodium, uropod, apical plasma membrane, microvillus membrane, cytoplasm, extrinsic component of membrane"
"108";"P26368";"P26368-1,P26368-2";"U2AF2_HUMAN";"Splicing factor U2AF 65 kDa subunit";"U2AF2";1;1;0,000145851587581727;NA;1;NA;1;NA;NA;"spliceosomal complex, nucleus, nucleoplasm, nuclear speck"
"109";"P26373";"P26373";"RL13_HUMAN";"60S ribosomal protein L13";"RPL13";6;8;0,00525342211194846;4;4;4;4;0,00630563854119436;0,00633758011885663;"cytosol, nucleolus, cytosolic large ribosomal subunit, cytoplasm, cytosolic ribosome"
"110";"P26583";"P26583";"HMGB2_HUMAN";"High mobility group protein B2";"HMGB2";2;2;0,00176789803129366;NA;2;NA;2;NA;0,00426548454570573;"extracellular space, cytoplasm, nucleoplasm, protein complex, condensed chromosome, perinuclear region of cytoplasm, nucleus"
"111";"P27348";"P27348";"1433T_HUMAN";"14-3-3 protein theta";"YWHAQ";1;2;0,00158353152231589;1;1;1;1;0,0027152851677388;0,00136451980110076;"extracellular vesicular exosome, cytosol, cytoplasmic vesicle membrane, cytoplasm"
"112";"P27635";"P27635";"RL10_HUMAN";"60S ribosomal protein L10";"RPL10";4;4;0,00258988800378768;NA;4;NA;4;NA;0,00624873553775116;"cytosol, endoplasmic reticulum, cytosolic large ribosomal subunit"
"113";"P27694";"P27694";"RFA1_HUMAN";"Replication protein A 70 kDa DNA-binding subunit";"RPA1";1;1;0,000224933454874417;NA;1;NA;1;NA;0,000542706739074167;"nucleoplasm, lateral element, nucleus, cytoplasm, DNA replication factor A complex, male germ cell nucleus, actin cytoskeleton, PML body"
"114";"P27797";"P27797";"CALR_HUMAN";"Calreticulin";"CALR";2;2;0,0006645515980942;2;NA;2;NA;0,00159531142948682;NA;"external side of plasma membrane, MHC class I peptide loading complex, cytoplasm, extracellular space, cell surface, Golgi apparatus, extracellular vesicular exosome, intracellular, integral component of lumenal side of endoplasmic reticulum membrane, polysome, sarcoplasmic reticulum lumen, endoplasmic reticulum lumen, extracellular region, endoplasmic reticulum, proteinaceous extracellular matrix, perinuclear region of cytoplasm, nucleus, cytosol, endocytic vesicle lumen, acrosomal vesicle"
"115";"P27816";"P27816-1,P27816-4,P27816-6";"MAP4_HUMAN";"Microtubule-associated protein 4";"MAP4";4;7;0,00028064613929933;3;4;3;4;NA;NA;"microtubule cytoskeleton, microtubule, microtubule associated complex, mitotic spindle, plasma membrane, cytoplasm"
"116";"P29144";"P29144";"TPP2_HUMAN";"Tripeptidyl-peptidase 2";"TPP2";1;1;0,000110935955326374;1;NA;1;NA;0,00026631099523459;NA;"cytosol, nucleus, cytoplasm"
"117";"P29401";"P29401";"TKT_HUMAN";"Transketolase";"TKT";7;10;0,00222406112684816;5;5;5;5;0,00266952193457466;0,00268304455272622;"extracellular vesicular exosome, nucleus, peroxisome, cytosol"
"118";"P29692";"P29692-1,P29692-2";"EF1D_HUMAN";"Elongation factor 1-delta";"EEF1D";5;10;0,00246546277940642;4;4;5;5;NA;NA;"cytosol, nucleolus, nucleus, eukaryotic translation elongation factor 1 complex, cytoplasm"
"119";"P30041";"P30041";"PRDX6_HUMAN";"Peroxiredoxin-6";"PRDX6";1;1;0,000618567000904646;NA;1;NA;1;NA;0,00149244353245396;"cytosol, extracellular vesicular exosome, cytoplasmic membrane-bounded vesicle, cytoplasm, lysosome, extracellular space"
"120";"P30050";"P30050-1";"RL12_HUMAN";"60S ribosomal protein L12";"RPL12";6;10;0,00839751564864489;5;5;5;5;NA;NA;"cytosolic large ribosomal subunit, extracellular vesicular exosome, cytosol"
"121";"P31689";"P31689";"DNJA1_HUMAN";"DnaJ homolog subfamily A member 1";"DNAJA1";1;1;0,000349015134011689;NA;1;NA;1;NA;0,000842084008235987;"extracellular vesicular exosome, membrane"
"122";"P31942";"P31942-1,P31942-2,P31942-3,P31942-4";"HNRH3_HUMAN";"Heterogeneous nuclear ribonucleoprotein H3";"HNRNPH3";2;4;0,000400459561279308;2;2;2;2;NA;NA;"nucleus, spliceosomal complex"
"123";"P31943";"P31943,P55795";"HNRH1_HUMAN, HNRH2_HUMAN";"Heterogeneous nuclear ribonucleoprotein H, Heterogeneous nuclear ribonucleoprotein H2";"HNRNPH1, HNRNPH2";1;2;0,000514324455095177;1;1;1;1;0,000555605400414258;0,000744559802382376;"nucleus, nucleoplasm, catalytic step 2 spliceosome"
"124";"P31946";"P31946-1,P31946-2";"1433B_HUMAN";"14-3-3 protein beta/alpha";"YWHAB";2;3;0,00118282080172986;1;2;1;2;NA;NA;"cytoplasmic vesicle membrane, cytoplasm, cytosol, perinuclear region of cytoplasm, transcriptional repressor complex, extracellular vesicular exosome, melanosome"
"125";"P32119";"P32119-1";"PRDX2_HUMAN";"Peroxiredoxin-2";"PRDX2";3;4;0,00279917188288163;3;1;3;1;NA;NA;"cytoplasm, extracellular vesicular exosome, cytosol"
"126";"P33176";"P33176";"KINH_HUMAN";"Kinesin-1 heavy chain";"KIF5B";1;1;0,000143882666877093;NA;1;NA;1;NA;0,000347151974319509;"microtubule, cytoplasm, perinuclear region of cytoplasm, kinesin complex, neuron projection, ciliary rootlet, microtubule organizing center, vesicle"
"127";"P33240";"P33240-1,P33240-2";"CSTF2_HUMAN";"Cleavage stimulation factor subunit 2";"CSTF2";4;6;0,000720410787882014;3;2;3;3;NA;NA;"cleavage body, nucleoplasm, nucleus, mRNA cleavage and polyadenylation specificity factor complex"
"128";"P33316";"P33316-2,P33316-3";"DUT_HUMAN";"Deoxyuridine 5'-triphosphate nucleotidohydrolase, mitochondrial";"DUT";1;1;0,000274918667068731;1;NA;1;NA;NA;NA;"extracellular vesicular exosome, mitochondrion, nucleoplasm, nucleus"
"129";"P35268";"P35268";"RL22_HUMAN";"60S ribosomal protein L22";"RPL22";3;4;0,00432996900633252;1;3;1;3;0,00259861275818752;0,00783532854538329;"cytoplasm, extracellular vesicular exosome, ribonucleoprotein complex, cytosolic large ribosomal subunit, cytosol"
"130";"P35527";"P35527";"K1C9_HUMAN";"Keratin, type I cytoskeletal 9";"KRT9";6;12;0,0026688733522178;5;5;6;6;0,00320342632148959;0,00321965346327146;"intermediate filament, extracellular vesicular exosome, extracellular space"
"131";"P35579";"P35579-1";"MYH9_HUMAN";"Myosin-9";"MYH9";15;23;0,00162594754523507;13;8;14;9;NA;NA;"spindle, cleavage furrow, immunological synapse, cell-cell adherens junction, cell leading edge, nucleus, uropod, stress fiber, ruffle, actin cytoskeleton, myosin II filament, extracellular vesicular exosome, myosin II complex, plasma membrane, actomyosin contractile ring, cytosol, cortical cytoskeleton, actomyosin, neuromuscular junction, cytoplasm, protein complex"
"132";"P35637";"P35637-1,P35637-2";"FUS_HUMAN";"RNA-binding protein FUS";"FUS";2;3;0,000395130251528443;1;2;1;2;NA;NA;"nucleoplasm, cytoplasm, nucleus"
"133";"P35658";"P35658-1,P35658-2,P35658-3,P35658-4,P35658-5";"NU214_HUMAN";"Nuclear pore complex protein Nup214";"NUP214";1;1;1,32592352347025e-05;NA;1;NA;1;NA;NA;"focal adhesion, nucleoplasm, cytosol, nucleus, nuclear pore, intracellular membrane-bounded organelle"
"134";"P35908";"P35908";"K22E_HUMAN";"Keratin, type II cytoskeletal 2 epidermal";"KRT2";5;11;0,00270067308127818;5;4;6;5;0,00343553686716247;0,00306429720591486;"intermediate filament cytoskeleton, cytoplasm, extracellular space, intermediate filament, extracellular vesicular exosome, Golgi apparatus, keratin filament"
"135";"P35998";"P35998";"PRS7_HUMAN";"26S protease regulatory subunit 7";"PSMC2";2;2;0,000639995418949841;2;NA;2;NA;0,00153636227735798;NA;"cytoplasmic mRNA processing body, nucleoplasm, proteasome accessory complex, proteasome complex, cytosol, cytoplasm"
"136";"P36578";"P36578";"RL4_HUMAN";"60S ribosomal protein L4";"RPL4";14;26;0,00843684827463386;12;9;14;12;0,0109056535425575;0,00939505436823476;"extracellular vesicular exosome, cytosol, nucleus, ribonucleoprotein complex, nucleolus, cytoplasm, cytosolic large ribosomal subunit"
"137";"P36957";"P36957";"ODO2_HUMAN";"Dihydrolipoyllysine-residue succinyltransferase component of 2-oxoglutarate dehydrogenase complex, mitochondrial";"DLST";1;2;0,000611739550563535;1;NA;2;NA;0,00146853171323621;NA;"oxoglutarate dehydrogenase complex, mitochondrial matrix"
"138";"P37802";"P37802";"TAGL2_HUMAN";"Transgelin-2";"TAGLN2";3;3;0,00208882926938654;2;1;2;1;0,00334293902560806;0,00167993643854114;"extracellular vesicular exosome"
"139";"P38159";"P38159-2";"RBMX_HUMAN";"RNA-binding motif protein, X chromosome";"RBMX";13;25;0,00885927162420976;12;8;13;12;NA;NA;"extracellular vesicular exosome, nuclear euchromatin, extracellular space, ribonucleoprotein complex, supraspliceosomal complex, nucleoplasm, catalytic step 2 spliceosome, nucleus"
"140";"P38646";"P38646";"GRP75_HUMAN";"Stress-70 protein, mitochondrial";"HSPA9";7;9;0,00183657006454163;4;5;4;5;0,00195948414166717;0,00246176252775911;"mitochondrial nucleoid, extracellular vesicular exosome, mitochondrion, cytoplasm, nucleolus"
"141";"P39019";"P39019";"RS19_HUMAN";"40S ribosomal protein S19";"RPS19";6;12;0,0114669524029772;4;6;6;6;0,0137636868847449;0,0138334076387457;"cytosol, cytoplasm, extracellular vesicular exosome, ribosome, nucleolus, cytosolic small ribosomal subunit"
"142";"P39023";"P39023";"RL3_HUMAN";"60S ribosomal protein L3";"RPL3";7;12;0,00412582654697689;6;6;6;6;0,00495219503297274;0,00497728066406482;"cytosolic large ribosomal subunit, cytosol, nucleolus, cytoplasm, extracellular vesicular exosome, nucleus"
"143";"P40227";"P40227";"TCPZ_HUMAN";"T-complex protein 1 subunit zeta";"CCT6A";1;1;0,00026093975179405;1;NA;1;NA;0,000626407595193978;NA;"extracellular vesicular exosome, cytoplasm, acrosomal vesicle, cell body, microtubule, chaperonin-containing T-complex, cytosol, zona pellucida receptor complex"
"144";"P40926";"P40926";"MDHM_HUMAN";"Malate dehydrogenase, mitochondrial";"MDH2";18;28;0,0114782610345383;15;13;15;13;0,0147613505790534;0,0128579750488341;"mitochondrial inner membrane, mitochondrion, mitochondrial matrix, nucleus, extracellular vesicular exosome, plasma membrane"
"145";"P42167";"P42167-1";"LAP2B_HUMAN";"Lamina-associated polypeptide 2, isoforms beta/gamma";"TMPO";4;4;0,00122078421323912;2;2;2;2;NA;NA;"nuclear membrane, nuclear envelope, nucleus, integral component of membrane, nuclear inner membrane"
"146";"P42677";"P42677,Q71UM5";"RS27_HUMAN, RS27L_HUMAN";"40S ribosomal protein S27, 40S ribosomal protein S27-like";"RPS27, RPS27L";1;2;0,00164951200241239;1;1;1;1;0,00197989543480954;0,00198992470993861;"cytosolic small ribosomal subunit, cytosol, nucleus, ribosome"
"147";"P42766";"P42766";"RL35_HUMAN";"60S ribosomal protein L35";"RPL35";3;5;0,00563248000823743;3;2;3;2;0,00811274226946347;0,00543589189056402;"cytosolic large ribosomal subunit, nucleolus, cytosol, cytoplasm"
"148";"P43243";"P43243-1";"MATR3_HUMAN";"Matrin-3";"MATR3";8;19;0,00310817137644648;6;7;8;11;NA;NA;"nuclear matrix, nucleus, nuclear inner membrane"
"149";"P46087";"P46087-1,P46087-2";"NOP2_HUMAN";"Putative ribosomal RNA methyltransferase NOP2";"NOP2";1;1;8,53195863316753e-05;NA;1;NA;1;NA;NA;"nucleolus"
"150";"P46776";"P46776";"RL27A_HUMAN";"60S ribosomal protein L27a";"RPL27A";5;7;0,00655346660417895;3;4;3;4;0,00674234661583789;0,00903533381809965;"cytosol, cytosolic large ribosomal subunit"
"151";"P46777";"P46777";"RL5_HUMAN";"60S ribosomal protein L5";"RPL5";9;19;0,00886404429579183;8;9;9;10;0,0100794676681213;0,0112561397733901;"nucleolus, ribonucleoprotein complex, cytoplasm, extracellular vesicular exosome, cytosolic large ribosomal subunit, cytosol, nucleus"
"152";"P46778";"P46778";"RL21_HUMAN";"60S ribosomal protein L21";"RPL21";3;5;0,00432996900633252;3;2;3;2;0,00623667061965004;0,00417884189087109;"cytosolic large ribosomal subunit, nucleolus, cytosol, cytoplasm"
"153";"P46779";"P46779-1";"RL28_HUMAN";"60S ribosomal protein L28";"RPL28";8;18;0,0182048331945075;8;8;9;9;NA;NA;"cytosolic large ribosomal subunit, extracellular vesicular exosome, cytosol, cytoplasm"
"154";"P46782";"P46782";"RS5_HUMAN";"40S ribosomal protein S5";"RPS5";5;8;0,00543368659618199;5;3;5;3;0,00815251061392163;0,0049162845774954;"ribonucleoprotein complex, cytosolic small ribosomal subunit, cytosol, extracellular vesicular exosome"
"155";"P46783";"P46783";"RS10_HUMAN";"40S ribosomal protein S10";"RPS10";5;6;0,00503850938918693;5;NA;6;NA;0,0120953612017455;NA;"cytosol, ribosome, cytoplasm, nucleolus, cytosolic small ribosomal subunit"
"156";"P47914";"P47914";"RL29_HUMAN";"60S ribosomal protein L29";"RPL29";5;13;0,0113287239410964;4;5;6;7;0,0125517899263397;0,0147179337036969;"cytosol, cytosolic large ribosomal subunit"
"157";"P48643";"P48643";"TCPE_HUMAN";"T-complex protein 1 subunit epsilon";"CCT5";1;2;0,000512232932357267;1;1;1;1;0,000614828896576714;0,000617943348003118;"centrosome, microtubule, cell body, chaperonin-containing T-complex, extracellular vesicular exosome, cytoplasm, cytosol, nucleolus, zona pellucida receptor complex"
"158";"P49207";"P49207";"RL34_HUMAN";"60S ribosomal protein L34";"RPL34";4;8;0,00947412021898398;4;4;4;4;0,0113717071127522;0,0114293111545192;"cytoplasm, cytosol, extracellular vesicular exosome, nucleolus, cytosolic large ribosomal subunit"
"159";"P49321";"P49321-1,P49321-2,P49321-3";"NASP_HUMAN";"Nuclear autoantigenic sperm protein";"NASP";2;2;0,000117224203217124;NA;2;NA;2;NA;NA;"nucleus, cytoplasm"
"160";"P49368";"P49368-1";"TCPG_HUMAN";"T-complex protein 1 subunit gamma";"CCT3";4;7;0,00177965698608896;2;4;3;4;NA;NA;"cytoplasm, cell body, cytoskeleton, plasma membrane, extracellular vesicular exosome, chaperonin-containing T-complex, microtubule, cytosol, zona pellucida receptor complex"
"161";"P49458";"P49458-1";"SRP09_HUMAN";"Signal recognition particle 9 kDa protein";"SRP9";2;4;0,00644460503268096;2;2;2;2;NA;NA;"cytosol, signal recognition particle receptor complex, signal recognition particle, endoplasmic reticulum targeting"
"162";"P50552";"P50552";"VASP_HUMAN";"Vasodilator-stimulated phosphoprotein";"VASP";9;13;0,00474017659640613;5;8;5;8;0,00437661096115793;0,00703804950041446;"filopodium membrane, extracellular vesicular exosome, plasma membrane, tight junction, cytoplasm, focal adhesion, actin cytoskeleton, lamellipodium membrane, cytosol"
"163";"P50914";"P50914";"RL14_HUMAN";"60S ribosomal protein L14";"RPL14";7;10;0,00644460503268096;5;5;5;5;0,00773540541972098;0,00777458956441132;"cytosol, extracellular vesicular exosome, cytoplasm, cytosolic large ribosomal subunit"
"164";"P50990";"P50990";"TCPQ_HUMAN";"T-complex protein 1 subunit theta";"CCT8";4;8;0,00202275924383417;4;3;4;4;0,0024279009711533;0,00244019964430428;"cell body, cytosol, centrosome, zona pellucida receptor complex, cytoplasm, aggresome, microtubule, extracellular vesicular exosome, intermediate filament cytoskeleton, chaperonin-containing T-complex"
"165";"P50991";"P50991";"TCPD_HUMAN";"T-complex protein 1 subunit delta";"CCT4";4;8;0,0020565344445661;3;4;3;5;0,00185133079618554;0,0031011813661381;"extracellular vesicular exosome, centrosome, microtubule, cytoplasm, cell body, zona pellucida receptor complex, nucleus, chaperonin-containing T-complex, cytosol, melanosome"
"166";"P51572";"P51572-1,P51572-2";"BAP31_HUMAN";"B-cell receptor-associated protein 31";"BCAP31";2;3;0,000844872001235614;2;1;2;1;NA;NA;"Golgi membrane, endoplasmic reticulum, integral component of plasma membrane, cytosol, endoplasmic reticulum membrane, lipid particle, endoplasmic reticulum-Golgi intermediate compartment membrane, integral component of lumenal side of endoplasmic reticulum membrane"
"167";"P51659";"P51659";"DHB4_HUMAN";"Peroxisomal multifunctional enzyme type 2";"HSD17B4";2;2;0,000376519044028915;2;NA;2;NA;0,000903865307195659;NA;"peroxisomal membrane, peroxisome, peroxisomal matrix, mitochondrion, intracellular membrane-bounded organelle"
"168";"P51665";"P51665";"PSMD7_HUMAN";"26S proteasome non-ATPase regulatory subunit 7";"PSMD7";2;3;0,00128295377965408;1;2;1;2;0,00102661244767902;0,00206362562512152;"cytosol, nucleus, nucleoplasm, proteasome regulatory particle, proteasome complex, extracellular vesicular exosome"
"169";"P51991";"P51991-1,P51991-2";"ROA3_HUMAN";"Heterogeneous nuclear ribonucleoprotein A3";"HNRNPA3";3;6;0,00112980274137835;3;2;3;3;NA;NA;"ribonucleoprotein complex, catalytic step 2 spliceosome, nucleoplasm"
"170";"P52272";"P52272-1,P52272-2";"HNRPM_HUMAN";"Heterogeneous nuclear ribonucleoprotein M";"HNRNPM";20;39;0,00370123378075547;18;18;19;20;NA;NA;"paraspeckles, integral component of plasma membrane, nuclear matrix, nucleus, spliceosomal complex, nucleoplasm, catalytic step 2 spliceosome"
"171";"P52292";"P52292";"IMA1_HUMAN";"Importin subunit alpha-1";"KPNA2";1;1;0,000261926291498376;1;NA;1;NA;0,000628775865875241;NA;"cytosol, cytoplasm, nucleoplasm, nucleus"
"172";"P52597";"P52597";"HNRPF_HUMAN";"Heterogeneous nuclear ribonucleoprotein F";"HNRNPF";1;1;0,00055646188033189;1;0;1;0;0,00120224975800483;0;"nucleus, nucleoplasm, catalytic step 2 spliceosome"
"173";"P54577";"P54577";"SYYC_HUMAN";"Tyrosine--tRNA ligase, cytoplasmic";"YARS";2;2;0,000524844728040306;2;NA;2;NA;0,00125993345851516;NA;"nucleus, cytosol, cytoplasm, extracellular space"
"174";"P55072";"P55072";"TERA_HUMAN";"Transitional endoplasmic reticulum ATPase";"VCP";10;16;0,00275055103131793;8;7;9;7;0,00371414627472955;0,00290341372070448;"extracellular vesicular exosome, perinuclear region of cytoplasm, endoplasmic reticulum, intracellular membrane-bounded organelle, lipid particle, nucleus, site of double-strand break, proteasome complex, cytoplasm, cytosol"
"175";"P55209";"P55209";"NP1L1_HUMAN";"Nucleosome assembly protein 1-like 1";"NAP1L1";1;1;0,00035437086496839;NA;1;NA;1;NA;0,00085500601347746;"nucleus, melanosome"
"176";"P55884";"P55884-1,P55884-2";"EIF3B_HUMAN";"Eukaryotic translation initiation factor 3 subunit B";"EIF3B";3;5;0,00042554977949214;2;3;2;3;NA;NA;"eukaryotic translation initiation factor 3 complex, extracellular vesicular exosome, eukaryotic 48S preinitiation complex, cytosol, eukaryotic 43S preinitiation complex"
"177";"P56385";"P56385";"ATP5I_HUMAN";"ATP synthase subunit e, mitochondrial";"ATP5I";2;2;0,00401620313630842;NA;2;NA;2;NA;0,00969006815274455;"mitochondrial proton-transporting ATP synthase complex, coupling factor F(o), mitochondrial proton-transporting ATP synthase complex, mitochondrial inner membrane, mitochondrion"
"178";"P57721";"P57721-1,P57721-2,P57721-3,P57721-4,P57721-5,Q15366-1,Q15366-2,Q15366-3,Q15366-4,Q15366-5,Q15366-6";"PCBP2_HUMAN, PCBP3_HUMAN";"Poly(rC)-binding protein 2, Poly(rC)-binding protein 3";"PCBP2, PCBP3";1;1;5,13815852420175e-05;NA;1;NA;1;NA;NA;"ribonucleoprotein complex, cytosol, nucleus"
"179";"P58876";"P58876";"H2B1D_HUMAN";"Histone H2B type 1-D";"HIST1H2BD";1;2;0,0103055226055479;1;1;1;1;0,0145192331886033;0,010834034531888;"extracellular vesicular exosome, nucleoplasm, nucleosome"
"180";"P60174";"P60174-1,P60174-3";"TPIS_HUMAN";"Triosephosphate isomerase";"TPI1";4;6;0,00145341616995777;3;3;3;3;NA;NA;"extracellular vesicular exosome, cytosol, extracellular space"
"181";"P60660";"P60660-1,P60660-2";"MYL6_HUMAN";"Myosin light polypeptide 6";"MYL6";3;5;0,00229402331461326;2;3;2;3;NA;NA;"extracellular vesicular exosome, cytosol, myosin complex, unconventional myosin complex"
"182";"P60709";"P60709,P63261";"ACTB_HUMAN, ACTG_HUMAN";"Actin, cytoplasmic 1, Actin, cytoplasmic 2";"ACTB, ACTG1";5;10;0,00268720500756636;5;5;5;5;0,00332622433048002;0,00312020194518375;"extracellular vesicular exosome, nucleoplasm, cortical cytoskeleton, cytoplasm, MLL5-L complex, axon, cytosol, ribonucleoprotein complex, extracellular space, NuA4 histone acetyltransferase complex, cytoskeleton, blood microparticle, postsynaptic density"
"183";"P60866";"P60866-1,P60866-2";"RS20_HUMAN";"40S ribosomal protein S20";"RPS20";3;4;0,00232872282693514;2;2;2;2;NA;NA;"extracellular vesicular exosome, cytosol, cytoplasm, cytosolic small ribosomal subunit"
"184";"P61158";"P61158";"ARP3_HUMAN";"Actin-related protein 3";"ACTR3";1;2;0,000662961761735123;1;1;1;1;0,000795747447483259;0,000799778352319825;"podosome, cytosol, actin cytoskeleton, lamellipodium, extracellular vesicular exosome, excitatory synapse, hemidesmosome, Golgi membrane, Arp2/3 protein complex"
"185";"P61247";"P61247";"RS3A_HUMAN";"40S ribosomal protein S3a";"RPS3A";7;11;0,00577329200844336;4;6;4;7;0,00503973383406064;0,00886421007154473;"ribonucleoprotein complex, nucleolus, nucleus, extracellular vesicular exosome, cytoplasm, cytosolic small ribosomal subunit, cytosol"
"186";"P61254";"P61254";"RL26_HUMAN";"60S ribosomal protein L26";"RPL26";6;12;0,0114669524029772;4;6;5;7;0,0114697390706208;0,0161389755785366;"cytosolic large ribosomal subunit, cytosol, extracellular vesicular exosome"
"187";"P61313";"P61313";"RL15_HUMAN";"60S ribosomal protein L15";"RPL15";6;12;0,00815052989427298;5;5;6;6;0,00978301273670595;0,00983256915499079;"cytosolic large ribosomal subunit, cytosol, ribosome"
"188";"P61353";"P61353";"RL27_HUMAN";"60S ribosomal protein L27";"RPL27";3;4;0,00407526494713649;NA;3;NA;4;NA;0,00983256915499079;"ribonucleoprotein complex, extracellular vesicular exosome, cytosol, ribosome, cytosolic large ribosomal subunit"
"189";"P61513";"P61513";"RL37A_HUMAN";"60S ribosomal protein L37a";"RPL37A";2;2;0,00301215235223132;2;NA;2;NA;0,00723092245756527;NA;"extracellular vesicular exosome, cytosolic large ribosomal subunit, cytosol"
"190";"P61604";"P61604";"CH10_HUMAN";"10 kDa heat shock protein, mitochondrial";"HSPE1";1;2;0,00271684329809099;1;1;1;1;0,00326100424556865;0,0032775230516636;"mitochondrial matrix, mitochondrion, extracellular vesicular exosome"
"191";"P61769";"P61769";"B2MG_HUMAN";"Beta-2-microglobulin";"B2M";1;1;0,00116436141346757;1;NA;1;NA;0,0027951464962017;NA;"MHC class I protein complex, early endosome membrane, extracellular space, phagocytic vesicle membrane, external side of plasma membrane, extracellular region, Golgi apparatus, ER to Golgi transport vesicle membrane, extracellular vesicular exosome, plasma membrane, Golgi membrane, endoplasmic reticulum lumen, cytoplasm, early endosome lumen"
"192";"P61927";"P61927";"RL37_HUMAN";"60S ribosomal protein L37";"RPL37";2;4;0,00571377353412951;2;2;2;2;0,0068581944958351;0,0068929350777255;"cytosol, cytosolic large ribosomal subunit"
"193";"P61978";"P61978-1,P61978-2,P61978-3";"HNRPK_HUMAN";"Heterogeneous nuclear ribonucleoprotein K";"HNRNPK";13;27;0,00269337164972736;11;11;13;14;NA;NA;"nucleus, catalytic step 2 spliceosome, podosome, nuclear chromatin, nucleoplasm, cell projection, extracellular vesicular exosome, cell junction, cytoplasm"
"194";"P62081";"P62081";"RS7_HUMAN";"40S ribosomal protein S7";"RPS7";2;3;0,00214266507529857;1;2;1;2;0,00171454862395878;0,00344646753886275;"ribonucleoprotein complex, ribosome, small-subunit processome, nucleolus, cytosol, cytoplasm, 90S preribosome, cytosolic small ribosomal subunit, microtubule organizing center, nucleus"
"195";"P62241";"P62241";"RS8_HUMAN";"40S ribosomal protein S8";"RPS8";2;4;0,00266459631158924;1;2;2;2;0,00319829262546156;0,00321449376220853;"ribonucleoprotein complex, cytoplasm, cytosolic small ribosomal subunit, cytosol, extracellular vesicular exosome"
"196";"P62249";"P62249";"RS16_HUMAN";"40S ribosomal protein S16";"RPS16";2;2;0,00189806860551563;NA;2;NA;2;NA;0,004579552757119;"extracellular vesicular exosome, small ribosomal subunit, cytosol, cytosolic small ribosomal subunit"
"197";"P62263";"P62263";"RS14_HUMAN";"40S ribosomal protein S14";"RPS14";4;10;0,00917609325845302;4;3;6;4;0,0132167854191259;0,00885582387469369;"nucleolus, extracellular vesicular exosome, cytosolic small ribosomal subunit, cytosol, mitochondrion"
"198";"P62266";"P62266";"RS23_HUMAN";"40S ribosomal protein S23";"RPS23";3;5;0,0048447205665259;3;2;3;2;0,00697809300100704;0,00467562729048513;"cytoplasm, cytosol, cytosolic small ribosomal subunit, nucleolus, ribosome"
"199";"P62269";"P62269";"RS18_HUMAN";"40S ribosomal protein S18";"RPS18";1;2;0,00182314484477159;1;1;1;1;0,00218830548057896;0,00219939046887952;"small ribosomal subunit, extracellular vesicular exosome, cytosolic small ribosomal subunit, ribosome, cytosol"
"200";"P62273";"P62273-1,P62273-2";"RS29_HUMAN";"40S ribosomal protein S29";"RPS29";1;2;0,00247426800361858;1;1;1;1;NA;NA;"cytosol, small ribosomal subunit, extracellular vesicular exosome, cytoplasm, cytosolic small ribosomal subunit"
"201";"P62277";"P62277";"RS13_HUMAN";"40S ribosomal protein S13";"RPS13";3;6;0,00550565595507181;3;3;3;3;0,00660839270956296;0,00664186790602027;"cytosol, extracellular vesicular exosome, cytosolic small ribosomal subunit, nucleus, ribosome, nucleolus"
"202";"P62280";"P62280";"RS11_HUMAN";"40S ribosomal protein S11";"RPS11";2;6;0,00526173448870787;2;1;3;3;0,00631561581736713;0,00634760793550039;"cytosolic small ribosomal subunit, ribosome, cytosol, extracellular vesicular exosome"
"203";"P62304";"P62304";"RUXE_HUMAN";"Small nuclear ribonucleoprotein E";"SNRPE";1;2;0,00301215235223132;1;1;1;1;0,00361546122878263;0,00363377555727921;"U1 snRNP, U7 snRNP, spliceosomal complex, U4 snRNP, nucleus, small nuclear ribonucleoprotein complex, pICln-Sm protein complex, cytosol, nucleoplasm, SMN-Sm protein complex, U12-type spliceosomal complex, catalytic step 2 spliceosome, methylosome"
"204";"P62306";"P62306";"RUXF_HUMAN";"Small nuclear ribonucleoprotein F";"SNRPF";2;3;0,00483345377451072;1;2;1;2;0,00386770270986049;0,00777458956441132;"cytosol, catalytic step 2 spliceosome, spliceosomal complex, U1 snRNP, U4 snRNP, small nuclear ribonucleoprotein complex, U7 snRNP, methylosome, SMN-Sm protein complex, nucleoplasm, pICln-Sm protein complex, U12-type spliceosomal complex"
"205";"P62314";"P62314";"SMD1_HUMAN";"Small nuclear ribonucleoprotein Sm D1";"SNRPD1";2;5;0,00582180706733784;2;1;3;2;0,0083854394886051;0,00561861094570902;"nucleus, SMN-Sm protein complex, nucleoplasm, U4 snRNP, small nuclear ribonucleoprotein complex, catalytic step 2 spliceosome, U12-type spliceosomal complex, methylosome, cytosol, pICln-Sm protein complex, U1 snRNP"
"206";"P62318";"P62318";"SMD3_HUMAN";"Small nuclear ribonucleoprotein Sm D3";"SNRPD3";1;1;0,00109967466827493;1;NA;1;NA;0,00263986057974605;NA;"nucleoplasm, cytosol, U4 snRNP, spliceosomal complex, U1 snRNP, U12-type spliceosomal complex, SMN-Sm protein complex, catalytic step 2 spliceosome, nucleus, U7 snRNP, small nuclear ribonucleoprotein complex, pICln-Sm protein complex, cytoplasm, methylosome"
"207";"P62424";"P62424";"RL7A_HUMAN";"60S ribosomal protein L7a";"RPL7A";6;12;0,00625078232493116;6;5;6;6;0,0075027616476993;0,00754076732187264;"cytosol, cytosolic large ribosomal subunit, polysomal ribosome, membrane"
"208";"P62701";"P62701";"RS4X_HUMAN";"40S ribosomal protein S4, X isoform";"RPS4X";4;7;0,0036878823475988;4;2;5;2;0,00632362040015214;0,00254226122638545;"ribosome, extracellular vesicular exosome, cytosol, polysome, ribonucleoprotein complex, small ribosomal subunit, cytosolic small ribosomal subunit"
"209";"P62750";"P62750";"RL23A_HUMAN";"60S ribosomal protein L23a";"RPL23A";6;11;0,00977018647582723;5;6;5;6;0,0106609754182052;0,0128579750488341;"cytosolic large ribosomal subunit, extracellular vesicular exosome, cytosol, nucleus"
"210";"P62753";"P62753";"RS6_HUMAN";"40S ribosomal protein S6";"RPS6";7;14;0,00779046632464646;6;5;9;5;0,0120224975800483;0,00671299902147966;"cytosol, cytoplasm, nucleolus, nucleus, cytosolic small ribosomal subunit, small ribosomal subunit, ribonucleoprotein complex"
"211";"P62805";"P62805";"H4_HUMAN";"Histone H4";"HIST1H4F,HIST1H4L,HIST1H4H,HIST2H4B,HIST1H4I,HIST1H4B,HIST1H4A,HIST1H4E,HIST4H4,HIST2H4A,HIST1H4C,HIST1H4K,HIST1H4D,HIST1H4J";5;12;0,0161427970721523;5;4;6;6;0,0193760640610487;0,0194742146370691;"nucleosome, extracellular vesicular exosome, extracellular region, nucleoplasm, nucleus"
"212";"P62807";"P62807";"H2B1C_HUMAN";"Histone H2B type 1-C/E/F/G/I";"HIST1H2BI,HIST1H2BG,HIST1H2BC,HIST1H2BE,HIST1H2BF";0;0;0;0;0;0;0;0;0;"nucleoplasm, extracellular vesicular exosome, nucleosome"
"213";"P62829";"P62829";"RL23_HUMAN";"60S ribosomal protein L23";"RPL23";3;3;0,0029691216043423;3;NA;3;NA;0,00712762356531434;NA;"nucleolus, cytoplasm, ribosome, extracellular vesicular exosome, cytosol, cytosolic large ribosomal subunit"
"214";"P62841";"P62841";"RS15_HUMAN";"40S ribosomal protein S15";"RPS15";2;7;0,00668905556840334;2;2;3;4;0,00688184344237246;0,00922227175916378;"cytosol, cytosolic small ribosomal subunit, nucleus, nucleoplasm"
"215";"P62847";"P62847-1,P62847-2,P62847-3";"RS24_HUMAN";"40S ribosomal protein S24";"RPS24";4;7;0,00243085979302878;3;3;3;4;NA;NA;"small ribosomal subunit, cytoplasm, nucleolus, nucleus, cytosolic small ribosomal subunit, cytosol"
"216";"P62851";"P62851";"RS25_HUMAN";"40S ribosomal protein S25";"RPS25";7;14;0,0155186089186958;7;6;8;6;0,0212878357150722;0,016046752860945;"extracellular vesicular exosome, small ribosomal subunit, cytosolic small ribosomal subunit, ribosome, cytosol, cytoplasm, nucleolus"
"217";"P62854";"P62854,Q5JNZ5";"RS26_HUMAN, RS26L_HUMAN";"40S ribosomal protein S26, Putative 40S ribosomal protein S26-like 1";"RPS26, RPS26P11";3;9;0,00542187423401637;2;3;3;6;0,00433855347453916;0,00872106133747009;"nucleolus, cytoplasm, cytosolic small ribosomal subunit, small ribosomal subunit, extracellular vesicular exosome, cytosol"
"218";"P62857";"P62857";"RS28_HUMAN";"40S ribosomal protein S28";"RPS28";1;1;0,00200810156815421;1;NA;1;NA;0,00482061497171018;NA;"cytosolic small ribosomal subunit, extracellular vesicular exosome, small ribosomal subunit, cytoplasm, cytosol"
"219";"P62861";"P62861";"RS30_HUMAN";"40S ribosomal protein S30";"FAU";2;3;0,00704537329843936;NA;2;NA;3;NA;0,0169986788781197;"cytosolic small ribosomal subunit, small ribosomal subunit, cytosol"
"220";"P62888";"P62888";"RL30_HUMAN";"60S ribosomal protein L30";"RPL30";3;3;0,00361458282267758;3;NA;3;NA;0,00867710694907832;NA;"cytoplasm, cytosol, extracellular vesicular exosome, cytosolic large ribosomal subunit"
"221";"P62899";"P62899-1";"RL31_HUMAN";"60S ribosomal protein L31";"RPL31";4;7;0,00775930445934788;3;4;3;4;NA;NA;"cytosolic large ribosomal subunit, cytosol, extracellular vesicular exosome"
"222";"P62906";"P62906";"RL10A_HUMAN";"60S ribosomal protein L10a";"RPL10A";4;6;0,00383112465076426;3;2;4;2;0,00613128908844244;0,00308117374442108;"nucleolus, cytosolic large ribosomal subunit, cytosol, cytoplasm, extracellular vesicular exosome"
"223";"P62910";"P62910";"RL32_HUMAN";"60S ribosomal protein L32";"RPL32";3;6;0,00615817814233959;2;3;2;4;0,00492773974885929;0,00990540300058332;"cytosolic large ribosomal subunit, cytosol"
"224";"P62913";"P62913-1,P62913-2";"RL11_HUMAN";"60S ribosomal protein L11";"RPL11";3;4;0,00155684278879372;1;3;1;3;NA;NA;"extracellular vesicular exosome, cytosol, cytosolic large ribosomal subunit, nucleolus"
"225";"P62917";"P62917";"RL8_HUMAN";"60S ribosomal protein L8";"RPL8";8;16;0,00862624175580642;4;8;7;9;0,00905975498574325;0,0117072613285104;"cytosol, cytosolic large ribosomal subunit"
"226";"P62937";"P62937";"PPIA_HUMAN";"Peptidyl-prolyl cis-trans isomerase A";"PPIA";3;6;0,00503850938918693;3;2;3;3;0,00604768060087277;0,00607831547763067;"extracellular vesicular exosome, cytosol, extracellular region, nucleus"
"227";"P62987";"P62987";"RL40_HUMAN";"Ubiquitin-60S ribosomal protein L40";"UBA52";1;1;0,00108249225158313;NA;1;NA;1;NA;0,00261177618179443;"endocytic vesicle membrane, cytosolic large ribosomal subunit, endosome membrane, nucleoplasm, ribosome, plasma membrane, lysosomal membrane, cytosol"
"228";"P63220";"P63220";"RS21_HUMAN";"40S ribosomal protein S21";"RPS21";3;6;0,010016313845974;3;3;3;3;0,0120224975800483;0,0120833982386634;"cytosolic small ribosomal subunit, small ribosomal subunit, cytoplasm, cytosol"
"229";"P67809";"P67809";"YBOX1_HUMAN";"Nuclease-sensitive element-binding protein 1";"YBX1";7;16;0,00684242015815509;7;6;9;7;0,00923951202911118;0,00722268968792533;"nucleoplasm, cytoplasm, histone pre-mRNA 3'end processing complex, nuclear membrane, nucleus, ribonucleoprotein complex, extracellular vesicular exosome, cytoplasmic stress granule, CRD-mediated mRNA stability complex, intracellular membrane-bounded organelle, U12-type spliceosomal complex"
"230";"P68104";"P68104,Q5VTE0";"EF1A1_HUMAN, EF1A3_HUMAN";"Elongation factor 1-alpha 1, Putative elongation factor 1-alpha-like 3";"EEF1A1, EEF1A1P5";11;24;0,00359893527799067;9;9;12;12;0,00431977185776626;0,00434165391259334;"cytoplasm, nucleolus, cytosol, extracellular vesicular exosome, eukaryotic translation elongation factor 1 complex, plasma membrane, extracellular space, nucleus"
"231";"P68363";"P68363";"TBA1B_HUMAN";"Tubulin alpha-1B chain";"TUBA1B";7;12;0,00368671418720995;4;7;4;8;0,00295008809798672;0,00593006388061529;"cytoplasmic microtubule, microtubule"
"232";"P68371";"P68371";"TBB4B_HUMAN";"Tubulin beta-4B chain";"TUBB4B";1;1;0,000778421394396858;1;0;1;0;0,00186866535420226;0;"microtubule, cytoskeleton, cytosol, extracellular vesicular exosome"
"233";"P68431";"P68431,Q16695,Q71DI3";"H31_HUMAN, H31T_HUMAN, H32_HUMAN";"Histone H3.1, Histone H3.1t, Histone H3.2";"HIST1H3A,HIST1H3B,HIST1H3J,HIST1H3E,HIST1H3D,HIST1H3H,HIST1H3F,HIST1H3I,HIST1H3G,HIST1H3C, HIST2H3D,HIST2H3C,HIST2H3A, HIST3H3";3;7;0,00237723788582962;3;2;4;3;0,00326100424556865;0,0024581422887477;"extracellular vesicular exosome, nucleoplasm, nucleosome, extracellular region"
"234";"P78371";"P78371-1";"TCPB_HUMAN";"T-complex protein 1 subunit beta";"CCT2";4;5;0,00129494400189384;1;4;1;4;NA;NA;"cytosol, cell body, microtubule, zona pellucida receptor complex, chaperonin-containing T-complex, extracellular vesicular exosome"
"235";"P82650";"P82650";"RT22_HUMAN";"28S ribosomal protein S22, mitochondrial";"MRPS22";1;1;0,000384886133896224;1;NA;1;NA;0,000923951202911118;NA;"mitochondrial small ribosomal subunit, mitochondrion, mitochondrial ribosome"
"236";"P83731";"P83731";"RL24_HUMAN";"60S ribosomal protein L24";"RPL24";7;13;0,0114730388957601;6;5;8;5;0,0169489137858855;0,0106467309321556;"cytosol, cytosolic large ribosomal subunit, extracellular vesicular exosome"
"237";"P84090";"P84090";"ERH_HUMAN";"Enhancer of rudimentary homolog";"ERH";3;5;0,00666149077897311;2;3;2;3;0,00639658525092312;0,00964348128662559;"midbody"
"238";"P84098";"P84098";"RL19_HUMAN";"60S ribosomal protein L19";"RPL19";5;8;0,00565546972255676;3;5;3;5;0,00509115968951024;0,00852824875687977;"cytosolic large ribosomal subunit, cytoplasm, cytosol, nucleolus"
"239";"P84103";"P84103";"SRSF3_HUMAN";"Serine/arginine-rich splicing factor 3";"SRSF3";3;7;0,0059141040086493;3;3;4;3;0,00811274226946347;0,00611537837688452;"cytoplasm, nucleoplasm"
"240";"P98179";"P98179";"RBM3_HUMAN";"Putative RNA-binding protein 3";"RBM3";3;5;0,00441270726760002;2;2;3;2;0,00635584266970705;0,00425869237286225;"cytoplasm, nucleus, dendrite"
"241";"Q00688";"Q00688";"FKBP3_HUMAN";"Peptidyl-prolyl cis-trans isomerase FKBP3";"FKBP3";4;5;0,00309283500452323;2;3;2;3;0,00296984315221431;0,00447733059736188;"membrane, nucleus"
"242";"Q00839";"Q00839-1,Q00839-2";"HNRPU_HUMAN";"Heterogeneous nuclear ribonucleoprotein U";"HNRNPU";14;25;0,00209937891216122;11;12;12;13;NA;NA;"ribonucleoprotein complex, catalytic step 2 spliceosome, nucleoplasm, CRD-mediated mRNA stability complex, cell surface"
"243";"Q01130";"Q01130";"SRSF2_HUMAN";"Serine/arginine-rich splicing factor 2";"SRSF2";3;5;0,00313481919010499;1;3;1;4;0,00150507888257015;0,00605081178768664;"nucleoplasm, nucleus, nuclear speck"
"244";"Q02543";"Q02543";"RL18A_HUMAN";"60S ribosomal protein L18a";"RPL18A";3;5;0,00393633546030229;3;2;3;2;0,00566970056331822;0,00379894717351917;"cytosol, cytosolic large ribosomal subunit"
"245";"Q02878";"Q02878";"RL6_HUMAN";"60S ribosomal protein L6";"RPL6";7;12;0,00577329200844336;6;6;6;6;0,00692963402183338;0,00696473648478514;"cytosol, cytosolic large ribosomal subunit"
"246";"Q03001";"Q03001-3";"DYST_HUMAN";"Dystonin";"DST";2;2;3,6607399789337e-05;NA;2;NA;2;NA;NA;"neurofilament cytoskeleton, basement membrane, cytosol, microtubule cytoskeleton, integral component of membrane, cytoplasmic membrane-bounded vesicle, cell leading edge, basal plasma membrane, endoplasmic reticulum membrane, cell cortex, actin cytoskeleton, nucleus, cytoplasm, nuclear envelope, H zone, intermediate filament, hemidesmosome, axon, microtubule plus-end, intermediate filament cytoskeleton, Z disc"
"247";"Q04637";"Q04637-1,Q04637-3,Q04637-4,Q04637-5,Q04637-6";"IF4G1_HUMAN";"Eukaryotic translation initiation factor 4 gamma 1";"EIF4G1";7;10;0,000173307077176536;4;6;4;6;NA;NA;"cytosol, eukaryotic translation initiation factor 4F complex"
"248";"Q04695";"Q04695";"K1C17_HUMAN";"Keratin, type I cytoskeletal 17";"KRT17";3;4;0,00179613529151571;2;2;2;2;0,00205322489535804;0,00232157882826171;"extracellular vesicular exosome, cytoplasm, cell periphery, intermediate filament"
"249";"Q06323";"Q06323";"PSME1_HUMAN";"Proteasome activator complex subunit 1";"PSME1";3;4;0,00222584752132756;2;2;2;2;0,00267166612889962;0,00268519960859186;"cytosol, extracellular vesicular exosome, nucleoplasm, proteasome activator complex, cytoplasm, proteasome complex"
"250";"Q06830";"Q06830";"PRDX1_HUMAN";"Peroxiredoxin-1";"PRDX1";11;25;0,0174069105782212;10;9;14;11;0,0234005731792564;0,0184793008239525;"cytoplasm, cytosol, extracellular vesicular exosome, nucleolus, mitochondrial matrix, nucleus, peroxisomal matrix, melanosome, extracellular space, nuclear euchromatin"
"251";"Q07020";"Q07020";"RL18_HUMAN";"60S ribosomal protein L18";"RPL18";4;10;0,00737016001077876;4;4;5;5;0,00884634130446815;0,00889115295930019;"cytosolic large ribosomal subunit, nucleolus, cytoplasm, cytosol"
"252";"Q07666";"Q07666-1";"KHDR1_HUMAN";"KH domain-containing, RNA-binding, signal transduction-associated protein 1";"KHDRBS1";7;9;0,00281496856393627;2;7;2;7;NA;NA;"Grb2-Sos complex, membrane, nucleus, cytoplasm"
"253";"Q07955";"Q07955-1";"SRSF1_HUMAN";"Serine/arginine-rich splicing factor 1";"SRSF1";2;4;0,00223482271294582;2;2;2;2;NA;NA;"nuclear speck, cytoplasm, nucleus, nucleoplasm, catalytic step 2 spliceosome"
"254";"Q08170";"Q08170";"SRSF4_HUMAN";"Serine/arginine-rich splicing factor 4";"SRSF4";2;3;0,00138839492024913;2;1;2;1;0,00213219508364104;0,00118428717555051;"nucleoplasm, nuclear speck, nucleus"
"255";"Q12906";"Q12906-1,Q12906-2,Q12906-3,Q12906-4,Q12906-5,Q12906-6";"ILF3_HUMAN";"Interleukin enhancer-binding factor 3";"ILF3";3;7;0,000180818989078763;3;3;3;4;NA;NA;"nucleolus, nucleus, mitochondrion, ribonucleoprotein complex, cytoplasm"
"256";"Q13136";"Q13136-1,Q13136-2";"LIPA1_HUMAN";"Liprin-alpha-1";"PPFIA1";2;2;0,000115273717306689;NA;2;NA;2;NA;NA;"focal adhesion, cytoplasm"
"257";"Q13151";"Q13151";"ROA0_HUMAN";"Heterogeneous nuclear ribonucleoprotein A0";"HNRNPA0";5;8;0,00363433464138074;4;4;4;4;0,00436226141702298;0,00438435870517622;"nucleus, nucleoplasm, ribonucleoprotein complex"
"258";"Q13200";"Q13200";"PSMD2_HUMAN";"26S proteasome non-ATPase regulatory subunit 2";"PSMD2";2;5;0,000762990133274453;2;2;3;2;0,0010989727964141;0,000736359804558782;"cytosol, proteasome regulatory particle, extracellular vesicular exosome, proteasome complex, nucleoplasm, proteasome accessory complex"
"259";"Q13243";"Q13243-1,Q13243-3";"SRSF5_HUMAN";"Serine/arginine-rich splicing factor 5";"SRSF5";2;3;0,000955140221985115;1;2;1;2;NA;NA;"nucleolus, cytoplasm, nucleoplasm, nuclear speck, nucleus"
"260";"Q13247";"Q13247-1,Q13247-3";"SRSF6_HUMAN";"Serine/arginine-rich splicing factor 6";"SRSF6";1;2;0,000664599893995224;1;1;1;1;NA;NA;"nuclear speck, nucleoplasm, nucleus"
"261";"Q13283";"Q13283";"G3BP1_HUMAN";"Ras GTPase-activating protein-binding protein 1";"G3BP1";4;10;0,00297336927473478;4;3;6;4;0,00428269227100432;0,00286959099802306;"cytoplasmic stress granule, plasma membrane, nucleus, cytoplasm, cytosol"
"262";"Q13347";"Q13347";"EIF3I_HUMAN";"Eukaryotic translation initiation factor 3 subunit I";"EIF3I";1;1;0,000426335409854279;1;NA;1;NA;0,0010234536401477;NA;"cytosol, eukaryotic 43S preinitiation complex, eukaryotic 48S preinitiation complex, eukaryotic translation initiation factor 3 complex, extracellular vesicular exosome"
"263";"Q13409";"Q13409-1,Q13409-2,Q13409-3,Q13409-5,Q13409-6";"DC1I2_HUMAN";"Cytoplasmic dynein 1 intermediate chain 2";"DYNC1I2";1;1;4,34354257688529e-05;NA;1;NA;1;NA;NA;"cytoplasm, vesicle, microtubule, centrosome, cytoplasmic dynein complex, cytosol"
"264";"Q13435";"Q13435";"SF3B2_HUMAN";"Splicing factor 3B subunit 2";"SF3B2";2;2;0,000309629068609253;2;NA;2;NA;0,000743290353179894;NA;"nucleoplasm, catalytic step 2 spliceosome, nucleus, spliceosomal complex, U12-type spliceosomal complex"
"265";"Q14103";"Q14103-1,Q14103-3";"HNRPD_HUMAN";"Heterogeneous nuclear ribonucleoprotein D0";"HNRNPD";4;10;0,00203638468883244;3;4;4;6;NA;NA;"nucleoplasm, cytosol, ribonucleoprotein complex, nucleus"
"266";"Q14152";"Q14152";"EIF3A_HUMAN";"Eukaryotic translation initiation factor 3 subunit A";"EIF3A";22;42;0,00421091052424812;21;18;22;20;0,00529500255213897;0,00483802244963367;"eukaryotic 48S preinitiation complex, nucleus, cytosol, cytoplasm, eukaryotic 43S preinitiation complex, nucleolus, eukaryotic translation initiation factor 3 complex"
"267";"Q14444";"Q14444-1,Q14444-2";"CAPR1_HUMAN";"Caprin-1";"CAPRIN1";6;10;0,000977143922444574;6;4;6;4;NA;NA;"cytoplasm, cytoplasmic mRNA processing body, integral component of plasma membrane, cytosol, cytoplasmic stress granule, dendrite"
"268";"Q14978";"Q14978-1,Q14978-2,Q14978-3";"NOLC1_HUMAN";"Nucleolar and coiled-body phosphoprotein 1";"NOLC1";3;5;0,00033037436385942;2;3;2;3;NA;NA;"Cajal body, cytoplasm, nucleolus"
"269";"Q14CN4";"Q14CN4-1,Q14CN4-2,Q3SY84,Q7RTS7,Q86Y46-1,Q86Y46-2";"K2C71_HUMAN, K2C72_HUMAN, K2C73_HUMAN, K2C74_HUMAN";"Keratin, type II cytoskeletal 71, Keratin, type II cytoskeletal 72, Keratin, type II cytoskeletal 73, Keratin, type II cytoskeletal 74";"KRT71, KRT72, KRT73, KRT74";1;1;4,39312010788334e-05;NA;1;NA;1;NA;0,000317782653298182;"keratin filament"
"270";"Q15029";"Q15029-2";"U5S1_HUMAN";"116 kDa U5 small nuclear ribonucleoprotein component";"EFTUD2";1;1;0,000165058381008127;0;1;0;1;NA;NA;"nuclear speck, Cajal body, nucleus, nucleoplasm, spliceosomal complex, cytoplasm, catalytic step 2 spliceosome"
"271";"Q15056";"Q15056-1,Q15056-2";"IF4H_HUMAN";"Eukaryotic translation initiation factor 4H";"EIF4H";3;3;0,000838058517354681;1;2;1;2;NA;NA;"cytosol, perinuclear region of cytoplasm, eukaryotic translation initiation factor 4F complex"
"272";"Q15233";"Q15233";"NONO_HUMAN";"Non-POU domain-containing octamer-binding protein";"NONO";6;10;0,00294180484506668;4;6;4;6;0,00282481896431424;0,00425869237286225;"nuclear speck, nucleus, nuclear matrix, paraspeckles"
"273";"Q15365";"Q15365";"PCBP1_HUMAN";"Poly(rC)-binding protein 1";"PCBP1";1;1;0,000583816045797643;NA;1;NA;1;NA;0,00140859839018127;"ribonucleoprotein complex, extracellular vesicular exosome, cytoplasm, nucleoplasm"
"274";"Q15393";"Q15393-1,Q15393-3";"SF3B3_HUMAN";"Splicing factor 3B subunit 3";"SF3B3";1;2;0,000113852923749088;1;1;1;1;NA;NA;"nucleoplasm, small nuclear ribonucleoprotein complex, spliceosomal complex, U12-type spliceosomal complex, catalytic step 2 spliceosome"
"275";"Q15424";"Q15424";"SAFB1_HUMAN";"Scaffold attachment factor B1";"SAFB";4;9;0,00136287549051778;4;4;4;5;0,00145408713900766;0,00182681612715676;"nucleus"
"276";"Q15459";"Q15459";"SF3A1_HUMAN";"Splicing factor 3A subunit 1";"SF3A1";5;10;0,00174727626989459;4;4;5;5;0,00209724106587643;0,00210786476210395;"catalytic step 2 spliceosome, spliceosomal complex, U2-type spliceosomal complex, nucleoplasm, nucleus"
"277";"Q15637";"Q15637-1,Q15637-2,Q15637-3,Q15637-4,Q15637-5,Q15637-6";"SF01_HUMAN";"Splicing factor 1";"SF1";4;7;0,000252976801621931;4;2;4;3;NA;NA;"spliceosomal complex, nucleus, ribosome"
"278";"Q15651";"Q15651-1,Q15651-2";"HMGN3_HUMAN";"High mobility group nucleosome-binding domain-containing protein 3";"HMGN3";1;1;0,000699792970720407;1;NA;1;NA;NA;NA;"chromatin, nucleus, cytoplasm"
"279";"Q15785";"Q15785";"TOM34_HUMAN";"Mitochondrial import receptor subunit TOM34";"TOMM34";2;2;0,000896822059564017;2;NA;2;NA;0,00215289600678319;NA;"nucleus, cytoplasm, integral component of membrane, mitochondrial outer membrane"
"280";"Q16181";"Q16181-1,Q16181-2";"SEPT7_HUMAN";"Septin-7";"SEPT7";1;1;0,000158534334327964;NA;1;NA;1;NA;NA;"synapse, nucleus, cleavage furrow, cytoplasm, midbody, condensed chromosome kinetochore, actin cytoskeleton, plasma membrane, septin complex, spindle, axon terminus, microtubule cytoskeleton, nucleolus, extracellular vesicular exosome, axoneme, stress fiber"
"281";"Q16186";"Q16186";"ADRM1_HUMAN";"Proteasomal ubiquitin receptor ADRM1";"ADRM1";1;1;0,000340439823593712;NA;1;NA;1;NA;0,000821393983463604;"cytoplasm, membrane, nucleus, integral component of plasma membrane, proteasome complex, plasma membrane"
"282";"Q16629";"Q16629-1";"SRSF7_HUMAN";"Serine/arginine-rich splicing factor 7";"SRSF7";4;6;0,00349308424040271;4;2;4;2;NA;NA;"nucleoplasm, nucleus, cytoplasm"
"283";"Q1KMD3";"Q1KMD3";"HNRL2_HUMAN";"Heterogeneous nuclear ribonucleoprotein U-like protein 2";"HNRNPUL2";3;3;0,00055646188033189;3;NA;3;NA;0,00133583306444981;NA;"nucleus"
"284";"Q562R1";"Q562R1";"ACTBL_HUMAN";"Beta-actin-like protein 2";"ACTBL2";1;1;0,000536011637147546;1;0;1;0;0,00132695119567022;0;"cytoskeleton, cytoplasm, extracellular space, extracellular vesicular exosome"
"285";"Q5QNW6";"Q5QNW6-1,Q5QNW6-2,Q93079";"H2B1H_HUMAN, H2B2F_HUMAN";"Histone H2B type 1-H, Histone H2B type 2-F";"HIST1H2BH, HIST2H2BF";1;2;0,00343517420184929;0;1;0;2;0;0,021668069063776;"extracellular vesicular exosome, nucleoplasm, nucleosome"
"286";"Q5T1J5";"Q5T1J5,Q9Y6H1";"CHCH2_HUMAN, CHCH9_HUMAN";"Coiled-coil-helix-coiled-coil-helix domain-containing protein 2, mitochondrial, Putative coiled-coil-helix-coiled-coil-helix domain-containing protein CHCHD2P9, mitochondrial";"CHCHD2, CHCHD2P9";1;1;0,000458804662922651;NA;1;NA;1;NA;0,00110697798433671;"mitochondrion"
"287";"Q66PJ3";"Q66PJ3-1,Q66PJ3-2,Q66PJ3-3,Q66PJ3-4";"AR6P4_HUMAN";"ADP-ribosylation factor-like protein 6-interacting protein 4";"ARL6IP4";1;2;0,000192443066948112;1;1;1;1;NA;NA;"nucleus"
"288";"Q6P2Q9";"Q6P2Q9";"PRP8_HUMAN";"Pre-mRNA-processing-splicing factor 8";"PRPF8";2;3;0,000178020139018382;1;2;1;2;0,000142450720791436;0,000286344626355192;"nuclear speck, nucleoplasm, catalytic step 2 spliceosome, U5 snRNP"
"289";"Q6PKG0";"Q6PKG0-1,Q6PKG0-3";"LARP1_HUMAN";"La-related protein 1";"LARP1";6;11;0,000695323490067996;5;5;5;6;NA;NA;"cytoplasm, nucleus"
"290";"Q7KZF4";"Q7KZF4";"SND1_HUMAN";"Staphylococcal nuclease domain-containing protein 1";"SND1";7;12;0,00182715175651834;4;6;4;8;0,00146207662878243;0,0029389657254478;"RISC complex, nucleus, mitochondrion, melanosome, extracellular vesicular exosome, cytoplasm"
"291";"Q7Z2W4";"Q7Z2W4-1,Q7Z2W4-2,Q7Z2W4-3";"ZCCHV_HUMAN";"Zinc finger CCCH-type antiviral protein 1";"ZC3HAV1";1;2;0,000102408727422499;1;1;1;1;NA;NA;"nucleus, cytoplasm, plasma membrane, Golgi apparatus"
"292";"Q86UE4";"Q86UE4";"LYRIC_HUMAN";"Protein LYRIC";"MTDH";4;5;0,00119036948627698;1;4;1;4;0,000571516207986258;0,0022976450259085;"apical plasma membrane, endoplasmic reticulum, cytoplasm, endoplasmic reticulum membrane, intercellular canaliculus, nuclear membrane, tight junction, nuclear body, integral component of membrane, nucleolus, nucleus, perinuclear region of cytoplasm"
"293";"Q86V81";"Q86V81";"THOC4_HUMAN";"THO complex subunit 4";"ALYREF";1;1;0,000539140109737901;1;NA;1;NA;0,00129425071224904;NA;"nuclear speck, cytosol, nucleoplasm, extracellular vesicular exosome, transcription export complex, catalytic step 2 spliceosome"
"294";"Q86YZ3";"Q86YZ3";"HORN_HUMAN";"Hornerin";"HRNR";3;4;0,000194468783442303;2;2;2;2;0,000233419251261756;0,000234601650013815;"extracellular vesicular exosome, cornified envelope"
"295";"Q8IY67";"Q8IY67-1,Q8IY67-2,Q8IY67-3";"RAVR1_HUMAN";"Ribonucleoprotein PTB-binding 1";"RAVER1";1;1;7,62150760190543e-05;1;NA;1;NA;NA;NA;"cytoplasm, nucleus"
"296";"Q8IYB3";"Q8IYB3-1,Q8IYB3-2";"SRRM1_HUMAN";"Serine/arginine repetitive matrix protein 1";"SRRM1";2;3;0,00022990985874332;2;NA;3;NA;NA;NA;"cytosol, nucleoplasm, nucleus, nuclear matrix, nuclear speck, catalytic step 2 spliceosome"
"297";"Q8N163";"Q8N163-1,Q8N163-2";"CCAR2_HUMAN";"Cell cycle and apoptosis regulator protein 2";"CCAR2";2;3;0,000225177153092049;2;NA;3;NA;NA;NA;"nuclear chromatin, DBIRD complex, nucleus, mitochondrial matrix, cytoplasm"
"298";"Q8NC51";"Q8NC51-1,Q8NC51-2,Q8NC51-3,Q8NC51-4";"PAIRB_HUMAN";"Plasminogen activator inhibitor 1 RNA-binding protein";"SERBP1";10;26;0,00220743517969893;8;10;13;13;NA;NA;"plasma membrane, nucleus, perinuclear region of cytoplasm, extracellular vesicular exosome, cytoplasm"
"299";"Q8NF91";"Q8NF91-1,Q8NF91-4";"SYNE1_HUMAN";"Nesprin-1";"SYNE1";3;3;2,36260671028715e-05;NA;3;NA;3;NA;NA;"cytoskeleton, Golgi apparatus, nuclear envelope, nuclear outer membrane, cytoplasm, SUN-KASH complex, nuclear membrane, integral component of membrane, sarcomere, nucleus, postsynaptic membrane"
"300";"Q92804";"Q92804-1,Q92804-2";"RBP56_HUMAN";"TATA-binding protein-associated factor 2N";"TAF15";2;2;0,000234052378720677;2;NA;2;NA;NA;NA;"cytoplasm, nucleus"
"301";"Q92841";"Q92841-1,Q92841-2,Q92841-3,Q92841-4";"DDX17_HUMAN";"Probable ATP-dependent RNA helicase DDX17";"DDX17";6;8;0,00043081904699495;4;4;4;4;NA;NA;"nucleus, nucleolus"
"302";"Q92945";"Q92945";"FUBP2_HUMAN";"Far upstream element-binding protein 2";"KHSRP";6;11;0,00229678886411852;5;5;6;5;0,00320793184374204;0,00235096590203718;"nucleus, cytoplasmic stress granule, cytosol, nucleoplasm"
"303";"Q969Q0";"Q969Q0";"RL36L_HUMAN";"60S ribosomal protein L36a-like";"RPL36AL";3;4;0,00522864181896757;2;2;2;2;0,00627589496316986;0,00630768587301296;"ribosome"
"304";"Q96AE4";"Q96AE4-1,Q96AE4-2";"FUBP1_HUMAN";"Far upstream element-binding protein 1";"FUBP1";2;3;0,000345782795536759;1;2;1;2;NA;NA;"nucleus"
"305";"Q96AG4";"Q96AG4";"LRC59_HUMAN";"Leucine-rich repeat-containing protein 59";"LRRC59";5;5;0,00225666137137851;3;2;3;2;0,0032503820819023;0,00217789805387418;"integral component of membrane, nuclear envelope, mitochondrial nucleoid, endoplasmic reticulum, endoplasmic reticulum membrane"
"306";"Q96CT7";"Q96CT7";"CC124_HUMAN";"Coiled-coil domain-containing protein 124";"CCDC124";2;2;0,00124268168791606;2;NA;2;NA;0,00298316083451123;NA;"microtubule organizing center, plasma membrane, midbody, cytoplasm"
"307";"Q96EP5";"Q96EP5-1,Q96EP5-2";"DAZP1_HUMAN";"DAZ-associated protein 1";"DAZAP1";2;2;0,000340439823593712;2;NA;2;NA;NA;NA;"cytoplasm, nucleus"
"308";"Q99613";"Q99613";"EIF3C_HUMAN";"Eukaryotic translation initiation factor 3 subunit C";"EIF3C";3;7;0,00106233631699724;2;3;3;4;0,00109295432545893;0,0014646543319592;"eukaryotic 48S preinitiation complex, cytosol, eukaryotic 43S preinitiation complex, eukaryotic translation initiation factor 3 complex"
"309";"Q99729";"Q99729-1,Q99729-2,Q99729-3,Q99729-4";"ROAA_HUMAN";"Heterogeneous nuclear ribonucleoprotein A/B";"HNRNPAB";5;8;0,000870983812693393;4;4;4;4;NA;NA;"ribonucleoprotein complex, cytoplasm, nucleus"
"310";"Q99877";"Q99877";"H2B1N_HUMAN";"Histone H2B type 1-N";"HIST1H2BN";1;1;0,00515276130277394;1;0;1;0;0,0145192331886033;0;"nucleosome, extracellular vesicular exosome, nucleoplasm"
"311";"Q9BR76";"Q9BR76";"COR1B_HUMAN";"Coronin-1B";"CORO1B";2;2;0,00056670351003125;NA;2;NA;2;NA;0,00136731023014187;"cytoplasm, actin cytoskeleton, extracellular vesicular exosome, stress fiber, lamellipodium, cell leading edge, actin filament"
"312";"Q9BRP8";"Q9BRP8-1,Q9BRP8-2";"WIBG_HUMAN";"Partner of Y14 and mago";"WIBG";1;2;0,000679210824522748;1;1;1;1;NA;NA;"cytoplasm, nucleolus, nucleoplasm, exon-exon junction complex"
"313";"Q9BUQ8";"Q9BUQ8";"DDX23_HUMAN";"Probable ATP-dependent RNA helicase DDX23";"DDX23";1;1;0,000168974400247123;1;NA;1;NA;0,000405637113473174;NA;"U5 snRNP, nucleoplasm, plasma membrane, catalytic step 2 spliceosome, mitochondrion, extracellular vesicular exosome, nucleus"
"314";"Q9BWJ5";"Q9BWJ5";"SF3B5_HUMAN";"Splicing factor 3B subunit 5";"SF3B5";1;2;0,00322230251634048;1;1;1;1;0,00386770270986049;0,00388729478220566;"U12-type spliceosomal complex, nucleoplasm, nucleus"
"315";"Q9HB71";"Q9HB71-1";"CYBP_HUMAN";"Calcyclin-binding protein";"CACYBP";4;8;0,00486171958605757;4;3;5;3;NA;NA;"cell body, extracellular vesicular exosome, nucleus, beta-catenin destruction complex, neuron projection, nuclear envelope lumen, cytoplasm"
"316";"Q9NXV6";"Q9NXV6";"CARF_HUMAN";"CDKN2A-interacting protein";"CDKN2AIP";1;1;0,000238894841728691;1;NA;1;NA;0,000573486953531039;NA;"nucleoplasm, nucleolus, granular component, nucleus, cytoplasm"
"317";"Q9NYF8";"Q9NYF8-1,Q9NYF8-2,Q9NYF8-3,Q9NYF8-4";"BCLF1_HUMAN";"Bcl-2-associated transcription factor 1";"BCLAF1";3;3;0,000112955713208674;NA;3;NA;3;NA;NA;"nucleolus, cytoplasm, nucleus"
"318";"Q9P225";"Q9P225-1,Q9P225-2";"DYH2_HUMAN";"Dynein heavy chain 2, axonemal";"DNAH2";1;1;1,60780602455017e-05;0;1;0;1;NA;NA;"axonemal dynein complex, microtubule"
"319";"Q9UKM9";"Q9UKM9-1,Q9UKM9-2";"RALY_HUMAN";"RNA-binding protein Raly";"RALY";2;2;0,000452807216348499;2;NA;2;NA;NA;NA;"catalytic step 2 spliceosome, nucleus"
"320";"Q9UKV3";"Q9UKV3-2";"ACINU_HUMAN";"Apoptotic chromatin condensation inducer in the nucleus";"ACIN1";2;2;0,000206650273232872;2;NA;2;NA;NA;NA;"nucleus, nuclear speck, ASAP complex, cytoplasm, cytosol, plasma membrane"
"321";"Q9UL46";"Q9UL46";"PSME2_HUMAN";"Proteasome activator complex subunit 2";"PSME2";6;11;0,00637719284614664;5;5;5;6;0,00695862830644356;0,0083926531699503;"extracellular vesicular exosome, cytosol, nucleoplasm, proteasome complex, proteasome activator complex"
"322";"Q9ULV4";"Q9ULV4";"COR1C_HUMAN";"Coronin-1C";"CORO1C";1;1;0,000292318582705993;1;NA;1;NA;0,00070173509081857;NA;"plasma membrane, lamellipodium, cytoplasm, actin cytoskeleton"
"323";"Q9UMS4";"Q9UMS4";"PRP19_HUMAN";"Pre-mRNA-processing factor 19";"PRPF19";2;4;0,00109967466827493;2;2;2;2;0,00131993028987303;0,00132661647329241;"lipid particle, Prp19 complex, ubiquitin ligase complex, cytoplasm, nuclear speck, nucleus, spindle, catalytic step 2 spliceosome"
"324";"Q9UN86";"Q9UN86-1,Q9UN86-2";"G3BP2_HUMAN";"Ras GTPase-activating protein-binding protein 2";"G3BP2";2;5;0,00071866705499295;1;2;2;3;NA;NA;"cytoplasm"
"325";"Q9UQ35";"Q9UQ35-1";"SRRM2_HUMAN";"Serine/arginine repetitive matrix protein 2";"SRRM2";1;1;5,034847681782e-05;1;NA;1;NA;NA;NA;"Cajal body, catalytic step 2 spliceosome, nuclear speck, nucleus"
"326";"Q9UQ80";"Q9UQ80";"PA2G4_HUMAN";"Proliferation-associated protein 2G4";"PA2G4";6;12;0,00422007131581647;5;5;6;6;0,00506531623930968;0,00509097489243178;"nucleolus, ribonucleoprotein complex, cytoplasm, extracellular vesicular exosome, nucleus"
"327";"Q9Y265";"Q9Y265-1";"RUVB1_HUMAN";"RuvB-like 1";"RUVBL1";1;1;0,000303857474128598;1;NA;1;NA;NA;NA;"nuclear matrix, nucleoplasm, nucleus, Golgi apparatus, membrane, extracellular vesicular exosome, microtubule organizing center, intracellular membrane-bounded organelle, cytoplasm, MLL1 complex, Swr1 complex, Ino80 complex, NuA4 histone acetyltransferase complex"
"328";"Q9Y285";"Q9Y285";"SYFA_HUMAN";"Phenylalanine--tRNA ligase alpha subunit";"FARSA";1;1;0,000272753953154804;NA;1;NA;1;NA;0,000658085337145053;"cytosol, cytoplasm"
"329";"Q9Y2W1";"Q9Y2W1";"TR150_HUMAN";"Thyroid hormone receptor-associated protein 3";"THRAP3";5;7;0,00101561576693035;2;5;2;5;0,000696591482823042;0,00175030026842768;"mediator complex, nucleus"
"330";"Q9Y383";"Q9Y383-1,Q9Y383-2";"LC7L2_HUMAN";"Putative RNA-binding protein Luc7-like 2";"LUC7L2";3;4;0,000706933715319595;2;2;2;2;NA;NA;"nuclear speck, U1 snRNP"
"331";"Q9Y3I0";"Q9Y3I0";"RTCB_HUMAN";"tRNA-splicing ligase RtcB homolog";"RTCB";2;2;0,000548748547337191;1;1;1;1;0,000658658283263371;0,000661994754989479;"tRNA-splicing ligase complex, cytoplasm"
"332";"Q9Y3U8";"Q9Y3U8";"RL36_HUMAN";"60S ribosomal protein L36";"RPL36";3;5;0,00659804800964956;2;2;2;3;0,00633566539139052;0,00955163860770534;"cytosol, cytoplasm, nucleolus, cytosolic large ribosomal subunit"
