"";"protein.acs";"X.1";"X";"protein.g";"ID";"Description";"Gene";"global.peptide.count";"global.spectra.count";"global.dNSAF";"peptide.count.P5767.1.id.csv";"peptide.count.P5767.2.id.csv";"spectra.count.P5767.1.id.csv";"spectra.count.P5767.2.id.csv";"dNSAF.P5767.1.id.csv";"dNSAF.P5767.2.id.csv";"Go.Cc";"norm.sc";"Go.Mf"
"1";"O00299";1;1;"O00299";"CLIC1_HUMAN";"Chloride intracellular channel protein 1";"CLIC1";2;2;0,00206019534659066;NA;2;NA;2;NA;0,00459105249306327;"extracellular space, cytoplasm, brush border, blood microparticle, nuclear envelope, extracellular vesicular exosome, perinuclear region of cytoplasm, mitochondrion, nucleus, chloride channel complex, plasma membrane, nuclear membrane";0,001185536455246;"protein binding, voltage-gated chloride channel activity, chloride channel activity"
"2";"O00571";2;2;"O00571-1,O00571-2";"DDX3X_HUMAN";"ATP-dependent RNA helicase DDX3X";"DDX3X";3;4;0,000750010692641009;2;2;2;2;NA;NA;"nuclear speck, cytoplasmic stress granule, nucleus, cytoplasm, extracellular vesicular exosome, mitochondrial outer membrane";0,002371072910492;"ATP-dependent DNA helicase activity, ribosomal small subunit binding, DNA binding, poly(A) RNA binding, mRNA 5'-UTR binding, ATP-dependent RNA helicase activity, protein binding, transcription factor binding, ATPase activity, RNA binding, poly(A) binding, eukaryotic initiation factor 4E binding, RNA stem-loop binding, translation initiation factor binding, ATP binding"
"3";"O15427";3;3;"O15427";"MOT4_HUMAN";"Monocarboxylate transporter 4";"SLC16A3";5;10;0,0053387857906274;3;5;4;6;0,00480499722776298;0,0071383461343758;"integral component of plasma membrane, plasma membrane, actin cytoskeleton, nuclear membrane, membrane";0,00592768227622999;"symporter activity, monocarboxylic acid transmembrane transporter activity, poly(A) RNA binding, secondary active monocarboxylate transmembrane transporter activity"
"4";"O43175";5;5;"O43175";"SERA_HUMAN";"D-3-phosphoglycerate dehydrogenase";"PHGDH";3;6;0,00279459894106012;2;3;2;4;0,00209598847177278;0,00415175853969324;"extracellular vesicular exosome, cytosol";0,003556609365738;"electron carrier activity, phosphoglycerate dehydrogenase activity, NAD binding"
"5";"O60814";6;6;"O60814,P57053,P58876,P62807,Q5QNW6-1,Q5QNW6-2,Q93079,Q99877,Q99879,Q99880";"H2B1C_HUMAN, H2B1D_HUMAN, H2B1H_HUMAN, H2B1K_HUMAN, H2B1L_HUMAN, H2B1M_HUMAN, H2B1N_HUMAN, H2B2F_HUMAN, H2BFS_HUMAN";"Histone H2B type 1-C/E/F/G/I, Histone H2B type 1-D, Histone H2B type 1-H, Histone H2B type 1-K, Histone H2B type 1-L, Histone H2B type 1-M, Histone H2B type 1-N, Histone H2B type 2-F, Histone H2B type F-S";"H2BFS, HIST1H2BD, HIST1H2BH, HIST1H2BI,HIST1H2BG,HIST1H2BC,HIST1H2BE,HIST1H2BF, HIST1H2BK, HIST1H2BL, HIST1H2BM, HIST1H2BN, HIST2H2BF";3;5;0,000985133092318151;2;3;2;3;0,00110829549152271;0,00164649352801823;"nucleosome, nucleus, nucleoplasm, extracellular space";0,002963841138115;"DNA binding"
"6";"P00338";7;7;"P00338-1,P00338-3";"LDHA_HUMAN";"L-lactate dehydrogenase A chain";"LDHA";7;13;0,00523426137002776;6;6;7;6;NA;NA;"extracellular vesicular exosome, cilium, nucleus, cytosol, mitochondrion";0,00770598695909899;"protein binding, L-lactate dehydrogenase activity"
"7";"P00387";8;8;"P00387-1,P00387-2,P00387-3";"NB5R3_HUMAN";"NADH-cytochrome b5 reductase 3";"CYB5R3";4;4;0,00109968345189003;NA;4;NA;4;NA;NA;"cytoplasm, mitochondrial outer membrane, endoplasmic reticulum membrane, endoplasmic reticulum, lipid particle, extracellular vesicular exosome, membrane, mitochondrion, hemoglobin complex, mitochondrial inner membrane";0,002371072910492;"flavin adenine dinucleotide binding, FAD binding, cytochrome-b5 reductase activity, acting on NAD(P)H, ADP binding, NAD binding, AMP binding"
"8";"P00558";9;9;"P00558";"PGK1_HUMAN";"Phosphoglycerate kinase 1";"PGK1";17;35;0,020836627995794;15;13;18;17;0,0241114069522639;0,0225534077506957;"cytosol, extracellular vesicular exosome";0,020746887966805;"protein binding, phosphoglycerate kinase activity, ATP binding"
"9";"P01892";10;10;"P01892,P10316";"1A02_HUMAN, 1A69_HUMAN";"HLA class I histocompatibility antigen, A-2 alpha chain, HLA class I histocompatibility antigen, A-69 alpha chain";"HLA-A";2;3;0,00153033003655998;1;2;1;2;0,00153035870610259;0,0020209016453484;"ER to Golgi transport vesicle membrane, endoplasmic reticulum exit site, early endosome membrane, Golgi apparatus, cell surface, MHC class I protein complex, phagocytic vesicle membrane, Golgi medial cisterna, integral component of lumenal side of endoplasmic reticulum membrane, endoplasmic reticulum, plasma membrane, Golgi membrane";0,001778304682869;"T cell receptor binding, receptor binding, protein binding, peptide antigen binding, poly(A) RNA binding, beta-2-microglobulin binding, TAP binding"
"10";"P02533";11;11;"P02533";"K1C14_HUMAN";"Keratin, type I cytoskeletal 14";"KRT14";5;8;0,00756558093679499;4;4;4;4;0,00866742042888611;0,00825453053089217;"cytoplasm, cell periphery, nucleus, keratin filament, intermediate filament, cytosol, extracellular vesicular exosome";0,00474214582098399;"structural constituent of cytoskeleton, keratin filament binding, protein binding"
"11";"P02538";12;12;"P02538";"K2C6A_HUMAN";"Keratin, type II cytoskeletal 6A";"KRT6A";3;4;0,00253559491139119;2;2;2;2;0,00305729616625414;0,00263303774101558;"extracellular vesicular exosome, nucleus, keratin filament";0,002371072910492;"protein binding, structural constituent of cytoskeleton"
"12";"P04040";13;13;"P04040";"CATA_HUMAN";"Catalase";"CAT";2;2;0,000942138668934246;NA;2;NA;2;NA;0,00209951356893406;"peroxisomal matrix, lysosome, mitochondrial intermembrane space, membrane, intracellular membrane-bounded organelle, Golgi apparatus, peroxisomal membrane, cytosol, peroxisome, endoplasmic reticulum, extracellular vesicular exosome, plasma membrane";0,001185536455246;"catalase activity, oxidoreductase activity, acting on peroxide as acceptor, aminoacylase activity, metal ion binding, antioxidant activity, protein homodimerization activity, receptor binding, enzyme binding, NADP binding, heme binding"
"13";"P04075";14;14;"P04075";"ALDOA_HUMAN";"Fructose-bisphosphate aldolase A";"ALDOA";10;16;0,0109122434841395;8;7;9;7;0,0138110668943599;0,0106388812579639;"actin cytoskeleton, platelet alpha granule lumen, extracellular vesicular exosome, I band, extracellular region, nucleus, M band, cytosol, extracellular space";0,00948429164196799;"actin binding, protein binding, tubulin binding, fructose-bisphosphate aldolase activity, identical protein binding, fructose binding, poly(A) RNA binding, cytoskeletal protein binding"
"14";"P04264";15;15;"P04264";"K2C1_HUMAN";"Keratin, type II cytoskeletal 1";"KRT1";18;65;0,0300741381830548;15;17;33;32;0,0343367758504089;0,033027647482495;"plasma membrane, extracellular vesicular exosome, membrane, keratin filament, cytoskeleton, nucleus, blood microparticle, extracellular space";0,038529934795495;"protein binding, structural molecule activity, receptor activity, carbohydrate binding"
"15";"P04406";16;16;"P04406";"G3P_HUMAN";"Glyceraldehyde-3-phosphate dehydrogenase";"GAPDH";5;11;0,00815160875195795;5;4;6;5;0,0100044345264617;0,00825704217036007;"nucleus, extracellular vesicular exosome, cytosol, ribonucleoprotein complex, cytoplasm, microtubule cytoskeleton, lipid particle, plasma membrane, perinuclear region of cytoplasm, GAIT complex";0,00652045050385299;"glyceraldehyde-3-phosphate dehydrogenase (NAD+) (phosphorylating) activity, NAD binding, peptidyl-cysteine S-nitrosylase activity, identical protein binding, protein binding, microtubule binding, NADP binding"
"16";"P04439";17;17;"P04439,P13746-1,P13746-2,P16188";"1A03_HUMAN, 1A11_HUMAN, 1A30_HUMAN";"HLA class I histocompatibility antigen, A-11 alpha chain, HLA class I histocompatibility antigen, A-3 alpha chain, HLA class I histocompatibility antigen, A-30 alpha chain";"HLA-A";1;1;0,000255055006093329;0;1;0;1;NA;0,0010104508226742;"plasma membrane, integral component of plasma membrane, cell surface, early endosome membrane, integral component of lumenal side of endoplasmic reticulum membrane, endoplasmic reticulum, Golgi membrane, Golgi apparatus, phagocytic vesicle membrane, MHC class I protein complex, ER to Golgi transport vesicle membrane";0,000592768227622999;"TAP binding, receptor binding, beta-2-microglobulin binding, peptide antigen binding"
"17";"P04908";18;18;"P04908,P0C0S5,P0C0S8,P16104,P20671,Q16777,Q6FI13,Q71UI9-1,Q71UI9-2,Q7L7L0,Q93077,Q96KK5,Q96QV6,Q99878,Q9BTM1-1,Q9BTM1-2";"H2A1_HUMAN, H2A1A_HUMAN, H2A1B_HUMAN, H2A1C_HUMAN, H2A1D_HUMAN, H2A1H_HUMAN, H2A1J_HUMAN, H2A2A_HUMAN, H2A2C_HUMAN, H2A3_HUMAN, H2AJ_HUMAN, H2AV_HUMAN, H2AX_HUMAN, H2AZ_HUMAN";"Histone H2A type 1, Histone H2A type 1-A, Histone H2A type 1-B/E, Histone H2A type 1-C, Histone H2A type 1-D, Histone H2A type 1-H, Histone H2A type 1-J, Histone H2A type 2-A, Histone H2A type 2-C, Histone H2A type 3, Histone H2A.J, Histone H2A.V, Histone H2A.Z, Histone H2AX";"H2AFJ, H2AFV, H2AFX, H2AFZ, HIST1H2AA, HIST1H2AC, HIST1H2AD, HIST1H2AE,HIST1H2AB, HIST1H2AH, HIST1H2AJ, HIST1H2AK,HIST1H2AI,HIST1H2AG,HIST1H2AL,HIST1H2AM, HIST2H2AA4,HIST2H2AA3, HIST2H2AC, HIST3H2A";2;5;0,000596476547967741;2;2;3;2;0,00106939552213295;0,000706090396189055;"nucleus, nucleosome, extracellular vesicular exosome";0,002963841138115;"DNA binding"
"18";"P05023";19;19;"P05023-1,P05023-3";"AT1A1_HUMAN";"Sodium/potassium-transporting ATPase subunit alpha-1";"ATP1A1";3;3;0,000364008122088232;3;NA;3;NA;NA;NA;"protein complex, Golgi apparatus, sodium:potassium-exchanging ATPase complex, extracellular vesicular exosome, T-tubule, membrane, integral component of membrane, plasma membrane, caveola, melanosome, basolateral plasma membrane, endoplasmic reticulum, endosome";0,001778304682869;"ADP binding, ATP binding, potassium ion binding, protein binding, sodium ion binding, sodium:potassium-exchanging ATPase activity, chaperone binding"
"19";"P05141";20;20;"P05141";"ADT2_HUMAN";"ADP/ATP translocase 2";"SLC25A5";1;1;0,00305457374933547;0;1;0;1;0;0,00556934723571266;"MMXD complex, mitochondrion, extracellular vesicular exosome, mitochondrial nucleoid, integral component of plasma membrane, mitochondrial inner membrane, nucleus";0,000592768227622999;"protein binding, poly(A) RNA binding, adenine transmembrane transporter activity"
"20";"P05787";23;23;"P05787";"K2C8_HUMAN";"Keratin, type II cytoskeletal 8";"KRT8";0;0;0;0;0;0;0;0;0;"nucleoplasm, extracellular vesicular exosome, intermediate filament, Z disc, costamere, nuclear matrix, cytoplasm, keratin filament, nucleus, dystrophin-associated glycoprotein complex, sarcolemma";0;"structural molecule activity, scaffold protein binding, protein binding"
"21";"P06576";24;24;"P06576";"ATPB_HUMAN";"ATP synthase subunit beta, mitochondrial";"ATP5B";3;3;0,00140786506198964;3;NA;3;NA;0,00316775573380404;NA;"mitochondrial nucleoid, mitochondrion, mitochondrial membrane, mitochondrial proton-transporting ATP synthase, catalytic core, plasma membrane, extracellular vesicular exosome, nucleus, cell surface, membrane, mitochondrial proton-transporting ATP synthase complex, mitochondrial matrix";0,001778304682869;"proton-transporting ATP synthase activity, rotational mechanism, transmembrane transporter activity, ATP binding, transporter activity, proton-transporting ATPase activity, rotational mechanism, MHC class I protein binding, protein binding"
"22";"P06733";25;25;"P06733-1";"ENOA_HUMAN";"Alpha-enolase";"ENO1";11;16;0,00915220421250411;7;8;8;8;NA;NA;"M band, cytoplasm, extracellular vesicular exosome, plasma membrane, extracellular space, phosphopyruvate hydratase complex, cytosol, nucleus";0,00948429164196799;"transcription corepressor activity, sequence-specific DNA binding transcription factor activity, phosphopyruvate hydratase activity, magnesium ion binding, DNA binding, protein binding, poly(A) RNA binding"
"23";"P07195";28;28;"P07195";"LDHB_HUMAN";"L-lactate dehydrogenase B chain";"LDHB";6;13;0,010405836975145;6;6;6;7;0,0108062639173435;0,0124863516560535;"cytosol, extracellular vesicular exosome, mitochondrion, cytoplasm";0,00770598695909899;"NAD binding, L-lactate dehydrogenase activity"
"24";"P07437";29;29;"P07437";"TBB5_HUMAN";"Tubulin beta chain";"TUBB";5;9;0,0205480125404468;5;3;6;3;0,0235887216101117;0,0224279118411132;"nucleus, nuclear envelope lumen, cytoskeleton, microtubule, cell body, cytosol, extracellular vesicular exosome";0,00533491404860699;"structural molecule activity, protein binding, GTP binding, MHC class I protein binding, structural constituent of cytoskeleton, GTPase activity"
"25";"P07737";30;30;"P07737";"PROF1_HUMAN";"Profilin-1";"PFN1";5;9;0,015959156095554;4;5;4;5;0,015959455077927;0,0197579223362187;"neuron projection, blood microparticle, cytoskeleton, synapse, nucleus, extracellular vesicular exosome, cytosol";0,00533491404860699;"protein binding, actin binding, proline-rich region binding, adenyl-nucleotide exchange factor activity, phosphatidylinositol-4,5-bisphosphate binding, poly(A) RNA binding"
"26";"P07900";32;32;"P07900-1,P07900-2";"HS90A_HUMAN";"Heat shock protein HSP 90-alpha";"HSP90AA1";5;8;0,00235139964330365;3;5;3;5;NA;NA;"plasma membrane, cytosol, endocytic vesicle lumen, mitochondrion, extracellular region, nucleus, extracellular vesicular exosome, cytoplasm, melanosome";0,00474214582098399;"MHC class II protein complex binding, nitric-oxide synthase regulator activity, protein homodimerization activity, TPR domain binding, ATP binding, ATPase activity, identical protein binding, poly(A) RNA binding, protein binding, nucleotide binding"
"27";"P08107";33;33;"P08107-1,P08107-2";"HSP71_HUMAN";"Heat shock 70 kDa protein 1A/1B";"HSPA1A,HSPA1B";1;1;0,000207477328335336;NA;1;NA;1;NA;NA;"blood microparticle, nucleus, endoplasmic reticulum, centriole, mitochondrion, aggresome, perinuclear region of cytoplasm, cytoplasm, cytosol, nuclear speck, extracellular vesicular exosome, inclusion body, ribonucleoprotein complex";0,000592768227622999;"ATPase activity, coupled, enzyme binding, protein binding, poly(A) RNA binding, ATPase activity, virus receptor activity, heat shock protein binding, protein N-terminus binding, ubiquitin protein ligase binding, unfolded protein binding, ATP binding, double-stranded RNA binding, protein binding involved in protein folding"
"28";"P08195";34;34;"P08195-1,P08195-2,P08195-3,P08195-4";"4F2_HUMAN";"4F2 cell-surface antigen heavy chain";"SLC3A2";3;3;0,000295539927695445;NA;3;NA;3;NA;NA;"plasma membrane, cytoplasm, apical plasma membrane, cell junction, nucleus, melanosome, extracellular vesicular exosome, integral component of membrane";0,001778304682869;"poly(A) RNA binding, double-stranded RNA binding, calcium:sodium antiporter activity, catalytic activity, neutral amino acid transmembrane transporter activity, protein binding, cation binding"
"29";"P08238";35;35;"P08238";"HS90B_HUMAN";"Heat shock protein HSP 90-beta";"HSP90AB1";4;7;0,00459682595724387;3;3;3;4;0,00509203608149329;0,00526392774335109;"extracellular vesicular exosome, cytoplasm, brush border membrane, basolateral plasma membrane, cell surface, apical plasma membrane, cytosol, inclusion body, mitochondrion, melanosome";0,004149377593361;"TPR domain binding, GTP binding, poly(A) RNA binding, dATP binding, CTP binding, MHC class II protein complex binding, ATP binding, nitric-oxide synthase regulator activity, UTP binding, double-stranded RNA binding, protein binding"
"30";"P08575";36;36;"P08575-1,P08575-2";"PTPRC_HUMAN";"Receptor-type tyrosine-protein phosphatase C";"PTPRC";7;11;0,00104708164566945;4;7;4;7;NA;NA;"membrane raft, plasma membrane, integral component of plasma membrane, extracellular vesicular exosome, external side of plasma membrane, focal adhesion";0,00652045050385299;"protein kinase binding, protein binding, transmembrane receptor protein tyrosine phosphatase activity, protein tyrosine phosphatase activity"
"31";"P08779";38;38;"P08779";"K1C16_HUMAN";"Keratin, type I cytoskeletal 16";"KRT16";1;2;0,00188739651277338;1;1;1;1;0,00216227401819992;0,00205926977303441;"intermediate filament, extracellular vesicular exosome, cytoskeleton, nucleus";0,001185536455246;"protein binding, structural constituent of cytoskeleton"
"32";"P08865";39;39;"P08865";"RSSA_HUMAN";"40S ribosomal protein SA";"RPSA";2;2;0,00168307484246898;NA;2;NA;2;NA;0,00375065644348559;"cytoplasm, nucleus, plasma membrane, cytosolic small ribosomal subunit, extracellular vesicular exosome, 90S preribosome, cytosol";0,001185536455246;"poly(A) RNA binding, ribosome binding, structural constituent of ribosome, protein binding, laminin receptor activity"
"33";"P09429";40;40;"P09429";"HMGB1_HUMAN";"High mobility group protein B1";"HMGB1";4;5;0,00577333812242265;4;NA;5;NA;0,0129902541331964;NA;"condensed chromosome, nucleoplasm, nucleus, extracellular region, extracellular space, cell surface";0,002963841138115;"single-stranded DNA binding, repressing transcription factor binding, double-stranded DNA binding, chemoattractant activity, protein binding, poly(A) RNA binding, RAGE receptor binding, DNA binding, bending, transcription factor binding, sequence-specific DNA binding transcription factor activity, damaged DNA binding, cytokine activity"
"34";"P09651";41;41;"P09651-1,P09651-2,P09651-3";"ROA1_HUMAN";"Heterogeneous nuclear ribonucleoprotein A1";"HNRNPA1";4;4;0,000889797631771233;4;NA;4;NA;NA;NA;"nucleus, extracellular vesicular exosome, ribonucleoprotein complex, cytoplasm, spliceosomal complex, intermediate filament cytoskeleton, nucleoplasm, catalytic step 2 spliceosome";0,002371072910492;"single-stranded RNA binding, single-stranded DNA binding, protein binding, poly(A) RNA binding, nucleotide binding, RNA binding"
"35";"P0CG47";43;43;"P0CG47,P0CG48,P62979,P62987";"RL40_HUMAN, RS27A_HUMAN, UBB_HUMAN, UBC_HUMAN";"Polyubiquitin-B, Polyubiquitin-C, Ubiquitin-40S ribosomal protein S27a, Ubiquitin-60S ribosomal protein L40";"RPS27A, UBA52, UBB, UBC";3;5;0,0010361166079473;3;2;3;2;0,00139878362536088;0,000923575668470992;"nucleoplasm, endocytic vesicle membrane, cytosol, plasma membrane, endosome membrane";0,002963841138115;"protein binding"
"36";"P10599";44;44;"P10599";"THIO_HUMAN";"Thioredoxin";"TXN";4;7;0,0165502359509449;3;4;3;4;0,015959455077927;0,0210751171586333;"nucleus, mitochondrion, nucleoplasm, cytoplasm, cytosol, extracellular vesicular exosome";0,004149377593361;"protein disulfide oxidoreductase activity, poly(A) RNA binding, protein binding, peptide disulfide oxidoreductase activity"
"37";"P10809";45;45;"P10809";"CH60_HUMAN";"60 kDa heat shock protein, mitochondrial";"HSPD1";8;13;0,00563227925032157;8;5;8;5;0,00779868660003415;0,00482741557952988;"protein complex, mitochondrial matrix, cytoplasm, coated vesicle, mitochondrion, lipopolysaccharide receptor complex, cell surface, mitochondrial inner membrane, plasma membrane, early endosome, coated pit, cytosol, secretory granule, extracellular vesicular exosome, extracellular space";0,00770598695909899;"double-stranded RNA binding, DNA replication origin binding, protein binding, ATPase activity, lipopolysaccharide binding, poly(A) RNA binding, ATP binding, chaperone binding, p53 binding, single-stranded DNA binding, unfolded protein binding"
"38";"P11021";46;46;"P11021";"GRP78_HUMAN";"78 kDa glucose-regulated protein";"HSPA5";2;2;0,000860409820079706;0;2;0;2;NA;0,00187978873739084;"endoplasmic reticulum, melanosome, endoplasmic reticulum membrane, nucleus, extracellular vesicular exosome, endoplasmic reticulum-Golgi intermediate compartment, cell surface, integral component of endoplasmic reticulum membrane, endoplasmic reticulum lumen, midbody, endoplasmic reticulum chaperone complex";0,001185536455246;"calcium ion binding, ATPase activity, chaperone binding, glycoprotein binding, ATP binding, ribosome binding, enzyme binding, misfolded protein binding, protein domain specific binding, unfolded protein binding, ubiquitin protein ligase binding, protein binding"
"39";"P11142";47;47;"P11142-1";"HSP7C_HUMAN";"Heat shock cognate 71 kDa protein";"HSPA8";9;13;0,00601876670086885;6;6;6;7;NA;NA;"cytosol, nucleolus, extracellular vesicular exosome, ribonucleoprotein complex, plasma membrane, extracellular space, melanosome, spliceosomal complex, nucleus, intracellular, blood microparticle, clathrin-sculpted gamma-aminobutyric acid transport vesicle membrane, Prp19 complex";0,00770598695909899;"heat shock protein binding, MHC class II protein complex binding, enzyme binding, ATP binding, unfolded protein binding, ATPase activity, coupled, protein binding, ATPase activity, poly(A) RNA binding"
"40";"P11586";49;49;"P11586";"C1TC_HUMAN";"C-1-tetrahydrofolate synthase, cytoplasmic";"MTHFD1";3;3;0,000796535420098954;NA;3;NA;3;NA;0,0017750432900988;"cytosol, mitochondrion, extracellular vesicular exosome";0,001778304682869;"methenyltetrahydrofolate cyclohydrolase activity, formate-tetrahydrofolate ligase activity, methylenetetrahydrofolate dehydrogenase (NADP+) activity, methylenetetrahydrofolate dehydrogenase [NAD(P)+] activity, ATP binding"
"41";"P13639";53;53;"P13639";"EF2_HUMAN";"Elongation factor 2";"EEF2";10;14;0,00405075705093058;7;7;7;7;0,00455718705605142;0,00451346477610591;"ribonucleoprotein complex, extracellular vesicular exosome, polysome, cytosol, nucleus";0,00829875518672199;"GTPase activity, translation activator activity, translation elongation factor activity, GTP binding, poly(A) RNA binding, protein kinase binding"
"42";"P13645";54;54;"P13645";"K1C10_HUMAN";"Keratin, type I cytoskeletal 10";"KRT10";19;52;0,0277576241555434;19;16;28;24;0,0348804098744409;0,0273350308269475;"extracellular vesicular exosome, cytoplasm, keratin filament, nucleus, intermediate filament, extracellular space";0,030823947836396;"structural constituent of epidermis"
"43";"P13646";55;55;"P13646-1,P13646-3";"K1C13_HUMAN";"Keratin, type I cytoskeletal 13";"KRT13";0;0;0;0;0;0;0;NA;NA;"extracellular vesicular exosome, nucleus, keratin filament, intermediate filament cytoskeleton";0;"structural molecule activity"
"44";"P13647";56;56;"P13647";"K2C5_HUMAN";"Keratin, type II cytoskeletal 5";"KRT5";8;14;0,00796372579381037;6;7;7;7;0,00940058359393924;0,00844487233859386;"nucleus, plasma membrane, intermediate filament, cytoplasm, cytosol, extracellular vesicular exosome, keratin filament, mitochondrion";0,00829875518672199;"structural constituent of cytoskeleton, scaffold protein binding, protein binding"
"45";"P13796";57;57;"P13796";"PLSL_HUMAN";"Plastin-2";"LCP1";9;16;0,00633501854581624;9;7;9;7;0,00801790805350401;0,0061763202199344;"focal adhesion, filopodium, extracellular vesicular exosome, actin filament, plasma membrane, ruffle membrane, cytoplasm, phagocytic cup, cytosol, extracellular space, actin cytoskeleton, ruffle, actin filament bundle";0,00948429164196799;"actin filament binding, calcium ion binding, actin binding"
"46";"P13804";58;58;"P13804-1,P13804-2";"ETFA_HUMAN";"Electron transfer flavoprotein subunit alpha, mitochondrial";"ETFA";1;1;0,000372753061958219;NA;1;NA;1;NA;NA;"mitochondrial matrix, mitochondrion, extracellular vesicular exosome";0,000592768227622999;"oxidoreductase activity, flavin adenine dinucleotide binding, electron carrier activity"
"47";"P14174";59;59;"P14174";"MIF_HUMAN";"Macrophage migration inhibitory factor";"MIF";1;1;0,00215872642838412;1;NA;1;NA;0,00485722545849953;NA;"extracellular vesicular exosome, cell surface, extracellular space, cytoplasm, extracellular region";0,000592768227622999;"dopachrome isomerase activity, receptor binding, chemoattractant activity, protein binding, phenylpyruvate tautomerase activity, cytokine receptor binding, cytokine activity"
"48";"P14618";60;60;"P14618-1";"KPYM_HUMAN";"Pyruvate kinase PKM";"PKM";8;14;0,00654529105404602;8;5;9;5;NA;NA;"cytoplasm, extracellular vesicular exosome, nucleus, cytosol, plasma membrane, cilium, mitochondrion";0,00829875518672199;"ATP binding, pyruvate kinase activity, protein binding, MHC class II protein complex binding, magnesium ion binding, poly(A) RNA binding, potassium ion binding"
"49";"P14625";61;61;"P14625";"ENPL_HUMAN";"Endoplasmin";"HSP90B1";3;4;0,00146147221122349;2;2;2;2;0,00166948222483919;0,00160753539970895;"cytosol, midbody, nucleus, perinuclear region of cytoplasm, endocytic vesicle lumen, plasma membrane, endoplasmic reticulum lumen, melanosome, endoplasmic reticulum, endoplasmic reticulum membrane, extracellular region, extracellular vesicular exosome";0,002371072910492;"low-density lipoprotein particle receptor binding, RNA binding, calcium ion binding, ATP binding, protein binding, virion binding, protein phosphatase binding"
"50";"P15531";62;62;"P15531-1,P15531-2,P22392-1,P22392-2";"NDKA_HUMAN, NDKB_HUMAN";"Nucleoside diphosphate kinase A, Nucleoside diphosphate kinase B";"NME1, NME2";3;3;0,00122493522663244;3;NA;3;NA;NA;NA;"cytoplasm, extracellular vesicular exosome, nucleus, ruffle membrane, cytosol, mitochondrion, perinuclear region of cytoplasm, centrosome";0,001778304682869;"identical protein binding, single-stranded DNA binding, magnesium ion binding, GTP binding, protein binding, poly(A) RNA binding, RNA polymerase II regulatory region sequence-specific DNA binding, deoxyribonuclease activity, ribosomal small subunit binding, ATP binding, nucleoside diphosphate kinase activity"
"51";"P15880";63;63;"P15880";"RS2_HUMAN";"40S ribosomal protein S2";"RPS2";5;10;0,0084728170397329;3;5;4;6;0,00762567819423134;0,0113287745818592;"extracellular vesicular exosome, cytosol, cytosolic small ribosomal subunit, nucleus, nucleoplasm";0,00592768227622999;"protein binding, mRNA binding, structural constituent of ribosome, enzyme binding, fibroblast growth factor binding, poly(A) RNA binding"
"52";"P16070";64;64;"P16070-1,P16070-10,P16070-11,P16070-12,P16070-13,P16070-14,P16070-16,P16070-17,P16070-18,P16070-3,P16070-4,P16070-5,P16070-6,P16070-7,P16070-8";"CD44_HUMAN";"CD44 antigen";"CD44";2;4;8,92196008137193e-05;2;2;2;2;NA;NA;"external side of plasma membrane, integral component of plasma membrane, cell surface, extracellular vesicular exosome, plasma membrane, cytoplasm, basolateral plasma membrane, Golgi apparatus";0,002371072910492;"protein binding, hyaluronic acid binding, collagen binding, hyalurononglucosaminidase activity"
"53";"P16150";65;65;"P16150";"LEUK_HUMAN";"Leukosialin";"SPN";2;4;0,00248253539264174;2;2;2;2;0,00279290463863723;0,00276610912707062;"extracellular vesicular exosome, plasma membrane, basement membrane, uropod, integral component of plasma membrane, extracellular space, cell surface, external side of plasma membrane";0,002371072910492;"transmembrane signaling receptor activity, protein binding"
"54";"P17844";66;66;"P17844";"DDX5_HUMAN";"Probable ATP-dependent RNA helicase DDX5";"DDX5";4;5;0,00269547816790634;2;3;2;3;0,00181948184927507;0,00405455735238365;"extracellular vesicular exosome, nucleus, nucleolus, ribonucleoprotein complex, catalytic step 2 spliceosome";0,002963841138115;"pre-mRNA binding, androgen receptor binding, ATP-dependent RNA helicase activity, poly(A) RNA binding, ATP binding, transcription coactivator activity, RNA helicase activity, estrogen receptor binding, protein binding"
"55";"P17987";67;67;"P17987";"TCPA_HUMAN";"T-complex protein 1 subunit alpha";"TCP1";2;2;0,000892998342676885;NA;2;NA;2;NA;0,00199000656623786;"microtubule, zona pellucida receptor complex, cell body, centrosome, extracellular vesicular exosome, acrosomal vesicle, nuclear heterochromatin, pericentriolar material, cytosol, Golgi apparatus, chaperonin-containing T-complex";0,001185536455246;"ATP binding, poly(A) RNA binding, unfolded protein binding"
"56";"P18669";68;68;"P18669";"PGAM1_HUMAN";"Phosphoglycerate mutase 1";"PGAM1";3;4;0,00390950455534132;NA;3;NA;4;NA;0,00871215473093109;"extracellular vesicular exosome, cytoplasm, cytosol";0,002371072910492;"bisphosphoglycerate mutase activity, phosphoglycerate mutase activity, bisphosphoglycerate 2-phosphatase activity, protein binding, protein kinase binding"
"57";"P19013";69;69;"P19013";"K2C4_HUMAN";"Keratin, type II cytoskeletal 4";"KRT4";0;0;0;0;0;0;0;0;0;"intermediate filament cytoskeleton, keratin filament, intermediate filament, cell surface, nucleus";0;"protein binding, structural molecule activity"
"58";"P19338";70;70;"P19338";"NUCL_HUMAN";"Nucleolin";"NCL";16;25;0,00874132180507655;13;12;13;12;0,0102275381133194;0,0093502280351683;"ribonucleoprotein complex, cell cortex, nucleus, nucleolus, extracellular vesicular exosome, nucleoplasm";0,014819205690575;"nucleotide binding, protein C-terminus binding, poly(A) RNA binding, RNA binding, telomeric DNA binding, identical protein binding, protein binding"
"59";"P21333";72;72;"P21333-1,P21333-2";"FLNA_HUMAN";"Filamin-A";"FLNA";4;4;0,000187573509077578;NA;4;NA;4;NA;NA;"cortical cytoskeleton, extracellular vesicular exosome, cytosol, plasma membrane, cytoplasm, actin filament, extracellular region, nucleus, apical dendrite, Myb complex, actin cytoskeleton, dendritic shaft, perinuclear region of cytoplasm, neuronal cell body, trans-Golgi network";0,002371072910492;"actin filament binding, transcription factor binding, poly(A) RNA binding, Rho GTPase binding, small GTPase binding, protein binding, glycoprotein binding, Ral GTPase binding, protein homodimerization activity, Rac GTPase binding, signal transducer activity, Fc-gamma receptor I complex binding"
"60";"P21796";73;73;"P21796";"VDAC1_HUMAN";"Voltage-dependent anion-selective channel protein 1";"VDAC1";1;2;0,00315799555247712;1;1;1;1;0,00394756839383354;0,00325807906604314;"mitochondrial nucleoid, mitochondrial outer membrane, membrane, plasma membrane, nucleus, mitochondrial inner membrane, mitochondrion, extracellular vesicular exosome, pore complex";0,001185536455246;"voltage-gated anion channel activity, protein binding, porin activity"
"61";"P22314";74;74;"P22314";"UBA1_HUMAN";"Ubiquitin-like modifier-activating enzyme 1";"UBA1";7;9;0,00211179759298447;4;5;4;5;0,00211183715586936;0,00261446987435787;"mitochondrion, nucleus, cytoplasm, extracellular vesicular exosome, cytosol";0,00533491404860699;"ubiquitin activating enzyme activity, ATP binding, poly(A) RNA binding, protein binding, ubiquitin-protein transferase activity"
"62";"P23396";75;75;"P23396";"RS3_HUMAN";"40S ribosomal protein S3";"RPS3";8;11;0,0112378145345922;4;7;4;7;0,00919474778152174;0,015936431184769;"ruffle membrane, ribonucleoprotein complex, extracellular vesicular exosome, cytosol, cytoplasm, cytosolic small ribosomal subunit, nucleus";0,00652045050385299;"structural constituent of ribosome, NF-kappaB binding, protein kinase A binding, endonuclease activity, iron-sulfur cluster binding, damaged DNA binding, poly(A) RNA binding, protein kinase binding, enzyme binding, mRNA binding, DNA-(apurinic or apyrimidinic site) lyase activity, protein binding"
"63";"P23528";76;76;"P23528";"COF1_HUMAN";"Cofilin-1";"CFL1";4;7;0,0104685227400555;2;4;2;5;0,0067298906955114;0,0166633079944013;"lamellipodium membrane, extracellular space, cortical actin cytoskeleton, extracellular vesicular exosome, cytoplasm, ruffle membrane, nucleus, nuclear matrix";0,004149377593361;"protein binding"
"64";"P24752";77;77;"P24752";"THIL_HUMAN";"Acetyl-CoA acetyltransferase, mitochondrial";"ACAT1";3;5;0,00290695010847979;2;3;2;3;0,00261630411113558;0,00388680439401024;"extracellular vesicular exosome, mitochondrion, mitochondrial matrix, mitochondrial inner membrane";0,002963841138115;"acetyl-CoA C-acetyltransferase activity, metal ion binding, coenzyme binding"
"65";"P25705";78;78;"P25705";"ATPA_HUMAN";"ATP synthase subunit alpha, mitochondrial";"ATP5A1";6;9;0,00404029268241874;4;5;4;5;0,00404036837415874;0,00500200565473892;"mitochondrion, mitochondrial inner membrane, mitochondrial proton-transporting ATP synthase complex, mitochondrial matrix, plasma membrane, extracellular vesicular exosome, proton-transporting ATP synthase complex, catalytic core F(1)";0,00533491404860699;"poly(A) RNA binding, protein binding, ATP binding, proton-transporting ATPase activity, rotational mechanism, MHC class I protein binding, transmembrane transporter activity, proton-transporting ATP synthase activity, rotational mechanism"
"66";"P26038";79;79;"P26038";"MOES_HUMAN";"Moesin";"MSN";15;28;0,0120469655102199;13;13;14;14;0,0135530901008392;0,0134230598887309;"extrinsic component of membrane, basolateral plasma membrane, microvillus membrane, cytoplasm, cytoskeleton, apical plasma membrane, filopodium, plasma membrane, extracellular vesicular exosome, extracellular space, microvillus, uropod, apical part of cell, blood microparticle";0,016597510373444;"protein kinase binding, protein binding, double-stranded RNA binding, structural constituent of cytoskeleton, receptor binding, cell adhesion molecule binding"
"67";"P26641";81;81;"P26641";"EF1G_HUMAN";"Elongation factor 1-gamma";"EEF1G";2;4;0,00227234360882539;2;2;2;2;0,00255643445184186;0,0025319076677992;"cytosol, nucleus, extracellular vesicular exosome";0,002371072910492;"translation elongation factor activity, protein binding"
"68";"P27348";82;82;"P27348";"1433T_HUMAN";"14-3-3 protein theta";"YWHAQ";3;6;0,00861863901517503;2;3;2;4;0,00632198194348025;0,0132579691105076;"cytoplasmic vesicle membrane, protein complex, extracellular vesicular exosome, cytosol, cytoplasm";0,003556609365738;"protein N-terminus binding, protein binding"
"69";"P27797";84;84;"P27797";"CALR_HUMAN";"Calreticulin";"CALR";1;1;0,000595332228451256;1;NA;1;NA;0,0013395226084591;NA;"integral component of lumenal side of endoplasmic reticulum membrane, endocytic vesicle lumen, perinuclear region of cytoplasm, proteinaceous extracellular matrix, extracellular space, extracellular region, Golgi apparatus, extracellular vesicular exosome, MHC class I peptide loading complex, polysome, acrosomal vesicle, sarcoplasmic reticulum lumen, endoplasmic reticulum lumen, endoplasmic reticulum, cell surface, intracellular, external side of plasma membrane, cytosol, cytoplasm, nucleus";0,000592768227622999;"protein binding involved in protein folding, integrin binding, DNA binding, unfolded protein binding, chaperone binding, calcium ion binding, zinc ion binding, carbohydrate binding, iron ion binding, androgen receptor binding, protein binding, peptide binding, ubiquitin protein ligase binding, mRNA binding, poly(A) RNA binding, glycoprotein binding, hormone binding, complement component C1q binding"
"70";"P27824";85;85;"P27824";"CALX_HUMAN";"Calnexin";"CANX";1;1;0,000419347194702997;1;NA;1;NA;0,00094354886440447;NA;"neuronal cell body, axon, endoplasmic reticulum membrane, dendrite cytoplasm, endoplasmic reticulum, integral component of lumenal side of endoplasmic reticulum membrane, dendritic spine, protein complex, ribosome, endoplasmic reticulum lumen, melanosome, extracellular vesicular exosome";0,000592768227622999;"poly(A) RNA binding, calcium ion binding, protein binding"
"71";"P29966";86;86;"P29966";"MARCS_HUMAN";"Myristoylated alanine-rich C-kinase substrate";"MARCKS";3;4;0,00299100649715872;2;2;2;2;0,0033649453477557;0,00333266159888027;"actin cytoskeleton, centrosome, germinal vesicle, plasma membrane, cell cortex, extracellular vesicular exosome";0,002371072910492;"actin filament binding, calmodulin binding"
"72";"P30041";87;87;"P30041";"PRDX6_HUMAN";"Peroxiredoxin-6";"PRDX6";4;7;0,00775792310200544;4;3;4;3;0,00997465942370439;0,00740922087608202;"extracellular vesicular exosome, cytosol, lysosome, cytoplasm, extracellular space, cytoplasmic membrane-bounded vesicle";0,004149377593361;"peroxiredoxin activity, phospholipase A2 activity, protein binding, glutathione peroxidase activity, antioxidant activity"
"73";"P30050";88;88;"P30050-1,P30050-2";"RL12_HUMAN";"60S ribosomal protein L12";"RPL12";2;4;0,00300913380926271;2;2;2;2;NA;NA;"extracellular vesicular exosome, cytosolic large ribosomal subunit, cytosol";0,002371072910492;"structural constituent of ribosome, poly(A) RNA binding, protein binding"
"74";"P30086";89;89;"P30086";"PEBP1_HUMAN";"Phosphatidylethanolamine-binding protein 1";"PEBP1";3;5;0,00663779516749128;2;3;2;3;0,0059741275692775;0,00887521645049398;"nucleus, cytoplasm, extracellular vesicular exosome";0,002963841138115;"ATP binding, protein kinase binding, phosphatidylethanolamine binding, enzyme binding, serine-type endopeptidase inhibitor activity, poly(A) RNA binding, protein binding"
"75";"P30101";90;90;"P30101";"PDIA3_HUMAN";"Protein disulfide-isomerase A3";"PDIA3";4;5;0,00245795583429875;2;3;2;3;0,00221220169397008;0,00328646628958886;"endoplasmic reticulum, endoplasmic reticulum lumen, melanosome, extracellular vesicular exosome, nucleus, cell surface";0,002963841138115;"poly(A) RNA binding, protein binding, protein disulfide isomerase activity, phospholipase C activity, cysteine-type endopeptidase activity"
"76";"P31146";91;91;"P31146";"COR1A_HUMAN";"Coronin-1A";"CORO1A";2;4;0,00215404372463492;2;2;2;2;0,00242334458883924;0,00240009468726301;"phagocytic vesicle membrane, plasma membrane, actin filament, phagocytic vesicle, protein complex, cortical actin cytoskeleton, immunological synapse, cytoplasm, phagocytic cup, extracellular vesicular exosome, lamellipodium";0,002371072910492;"cytoskeletal protein binding, protein binding, poly(A) RNA binding, protein C-terminus binding, protein homodimerization activity, actin filament binding, phosphatidylinositol 3-kinase binding"
"77";"P31946";93;93;"P31946-1,P31946-2";"1433B_HUMAN";"14-3-3 protein beta/alpha";"YWHAB";2;3;0,00214590097430679;2;1;2;1;NA;NA;"melanosome, cytoplasmic vesicle membrane, cytosol, nucleus, cytoplasm, perinuclear region of cytoplasm, transcriptional repressor complex, extracellular vesicular exosome";0,001778304682869;"transcription corepressor activity, protein binding, histone deacetylase binding, protein domain specific binding, phosphoprotein binding, enzyme binding, phosphoserine binding"
"78";"P32119";94;94;"P32119-1";"PRDX2_HUMAN";"Peroxiredoxin-2";"PRDX2";1;1;0,00137918632924541;0;1;0;1;NA;NA;"cytosol, cytoplasm, extracellular vesicular exosome";0,000592768227622999;"antioxidant activity, thioredoxin peroxidase activity"
"79";"P35232";95;95;"P35232";"PHB_HUMAN";"Prohibitin";"PHB";2;2;0,0018253936710601;2;NA;2;NA;0,00410721270387828;NA;"mitochondrion, integral component of plasma membrane, nucleus, cytoplasm, extracellular vesicular exosome, membrane, mitochondrial inner membrane, nucleoplasm";0,001185536455246;"histone deacetylase binding, protein binding, sequence-specific DNA binding RNA polymerase II transcription factor activity, transcription regulatory region DNA binding, enzyme binding"
"80";"P35268";96;96;"P35268";"RL22_HUMAN";"60S ribosomal protein L22";"RPL22";1;1;0,00193948077550136;NA;1;NA;1;NA;0,00432204551104785;"extracellular vesicular exosome, ribonucleoprotein complex, cytoplasm, cytosol, nucleus, cytosolic large ribosomal subunit";0,000592768227622999;"structural constituent of ribosome, heparin binding, RNA binding, protein binding, poly(A) RNA binding"
"81";"P35527";97;97;"P35527";"K1C9_HUMAN";"Keratin, type I cytoskeletal 9";"KRT9";15;35;0,0142343915134676;13;14;20;15;0,0182703110919665;0,0136226737251763;"extracellular vesicular exosome, nucleus, intermediate filament, extracellular space";0,020746887966805;"structural constituent of cytoskeleton"
"82";"P35579";98;98;"P35579-1";"MYH9_HUMAN";"Myosin-9";"MYH9";18;28;0,00354647913234534;15;13;15;13;NA;NA;"neuromuscular junction, uropod, cleavage furrow, nucleus, immunological synapse, extracellular vesicular exosome, plasma membrane, actomyosin, stress fiber, actin cytoskeleton, cytoplasm, cell leading edge, myosin II filament, cell-cell adherens junction, myosin II complex, protein complex, spindle, actomyosin contractile ring, cytosol, cortical cytoskeleton, ruffle";0,016597510373444;"ATP binding, motor activity, ADP binding, protein binding, protein homodimerization activity, microfilament motor activity, actin filament binding, poly(A) RNA binding, actin-dependent ATPase activity, actin binding, ATPase activity, protein anchor"
"83";"P35908";99;99;"P35908";"K22E_HUMAN";"Keratin, type II cytoskeletal 2 epidermal";"KRT2";15;30;0,0164127624753702;12;13;14;16;0,0177670761535388;0,0189274780678983;"intermediate filament, Golgi apparatus, extracellular space, intermediate filament cytoskeleton, nucleus, cytoplasm, extracellular vesicular exosome, keratin filament";0,01778304682869;"structural constituent of cytoskeleton"
"84";"P36578";100;100;"P36578";"RL4_HUMAN";"60S ribosomal protein L4";"RPL4";3;4;0,00232556008678383;1;3;1;3;0,00130815205556779;0,00388680439401024;"extracellular vesicular exosome, cytosol, ribonucleoprotein complex, nucleus, cytoplasm, nucleolus, cytosolic large ribosomal subunit";0,002371072910492;"structural constituent of ribosome, RNA binding, poly(A) RNA binding, protein binding"
"85";"P38646";101;101;"P38646";"GRP75_HUMAN";"Stress-70 protein, mitochondrial";"HSPA9";5;7;0,00255931483777499;4;3;4;3;0,00329060929441794;0,00244427905190335;"mitochondrion, nucleolus, cytoplasm, mitochondrial nucleoid, extracellular vesicular exosome";0,004149377593361;"ATP binding, poly(A) RNA binding, protein binding, unfolded protein binding"
"86";"P39023";102;102;"P39023";"RL3_HUMAN";"60S ribosomal protein L3";"RPL3";2;2;0,00123202749014478;2;NA;2;NA;0,00277211378524787;NA;"cytosol, cytoplasm, extracellular vesicular exosome, cytosolic large ribosomal subunit, nucleolus, nucleus";0,001185536455246;"RNA binding, poly(A) RNA binding, structural constituent of ribosome"
"87";"P40926";104;104;"P40926";"MDHM_HUMAN";"Malate dehydrogenase, mitochondrial";"MDH2";5;7;0,00514134548771958;3;4;3;4;0,00495781888515485;0,00654700385105473;"nucleus, extracellular vesicular exosome, plasma membrane, mitochondrial inner membrane, mitochondrial matrix, mitochondrion";0,004149377593361;"malate dehydrogenase (NADP+) activity, poly(A) RNA binding, oxidoreductase activity, acting on the CH-OH group of donors, NAD or NADP as acceptor, L-malate dehydrogenase activity"
"88";"P45880";106;106;"P45880-1,P45880-2,P45880-3";"VDAC2_HUMAN";"Voltage-dependent anion-selective channel protein 2";"VDAC2";4;8;0,00225173278244149;4;4;4;4;NA;NA;"mitochondrion, mitochondrial outer membrane, mitochondrial inner membrane, mitochondrial nucleoid, pore complex, extracellular vesicular exosome, nucleus";0,00474214582098399;"nucleotide binding, voltage-gated anion channel activity, porin activity, protein binding"
"89";"P46777";107;107;"P46777";"RL5_HUMAN";"60S ribosomal protein L5";"RPL5";2;2;0,00167174100514595;NA;2;NA;2;NA;0,00372539949773821;"ribonucleoprotein complex, nucleolus, cytosol, cytoplasm, extracellular vesicular exosome, nucleus, cytosolic large ribosomal subunit";0,001185536455246;"5S rRNA binding, structural constituent of ribosome, protein binding, poly(A) RNA binding, RNA binding"
"90";"P46781";108;108;"P46781";"RS9_HUMAN";"40S ribosomal protein S9";"RPS9";5;7;0,00895760193221246;2;5;2;5;0,0057585662652314;0,0142582944694362;"cytosol, cytoplasm, ribonucleoprotein complex, extracellular vesicular exosome, nucleolus, ribosome, nucleus, cytosolic small ribosomal subunit";0,004149377593361;"rRNA binding, protein binding, structural constituent of ribosome, poly(A) RNA binding, translation regulator activity"
"91";"P46782";109;109;"P46782";"RS5_HUMAN";"40S ribosomal protein S5";"RPS5";2;4;0,00486771645616027;2;2;2;2;0,00547628360517104;0,00542374338641298;"ribonucleoprotein complex, extracellular vesicular exosome, cytosolic small ribosomal subunit, cytosol";0,002371072910492;"mRNA binding, structural constituent of ribosome, poly(A) RNA binding, RNA binding"
"92";"P46783";110;110;"P46783";"RS10_HUMAN";"40S ribosomal protein S10";"RPS10";3;3;0,00451370071389407;NA;3;NA;3;NA;0,0100585786438932;"ribosome, extracellular vesicular exosome, cytosol, cytosolic small ribosomal subunit, cytoplasm, nucleolus";0,001778304682869;"protein binding, poly(A) RNA binding"
"93";"P49327";113;113;"P49327";"FAS_HUMAN";"Fatty acid synthase";"FASN";17;24;0,00237279368472329;11;12;11;13;0,00244698932895337;0,00286415122675572;"glycogen granule, melanosome, cytosol, extracellular vesicular exosome, cytoplasm, membrane, plasma membrane, mitochondrion, Golgi apparatus";0,014226437462952;"protein binding, drug binding, palmitoyl-[acyl-carrier-protein] hydrolase activity, enoyl-[acyl-carrier-protein] reductase (NADPH, A-specific) activity, 3-hydroxypalmitoyl-[acyl-carrier-protein] dehydratase activity, NADPH binding, 3-oxoacyl-[acyl-carrier-protein] reductase (NADPH) activity, [acyl-carrier-protein] S-acetyltransferase activity, poly(A) RNA binding, fatty acid synthase activity, 3-hydroxyoctanoyl-[acyl-carrier-protein] dehydratase activity, [acyl-carrier-protein] S-malonyltransferase activity, zinc ion binding, myristoyl-[acyl-carrier-protein] hydrolase activity, 3-oxoacyl-[acyl-carrier-protein] synthase activity, oleoyl-[acyl-carrier-protein] hydrolase activity, enoyl-[acyl-carrier-protein] reductase (NADPH, B-specific) activity"
"94";"P49411";114;114;"P49411";"EFTU_HUMAN";"Elongation factor Tu, mitochondrial";"TUFM";3;6;0,00329540096368372;3;3;3;3;0,00370739553801402;0,00367182627487251;"mitochondrial nucleoid, extracellular vesicular exosome, mitochondrion";0,003556609365738;"poly(A) RNA binding, translation elongation factor activity, GTP binding, GTPase activity"
"95";"P50914";115;115;"P50914";"RL14_HUMAN";"60S ribosomal protein L14";"RPL14";1;2;0,00230933524896906;1;1;1;1;0,00259805082663928;0,00257312476936802;"cytoplasm, cytosol, extracellular vesicular exosome, cytosolic large ribosomal subunit";0,001185536455246;"protein binding, structural constituent of ribosome, RNA binding, poly(A) RNA binding"
"96";"P50990";116;116;"P50990";"TCPQ_HUMAN";"T-complex protein 1 subunit theta";"CCT8";2;2;0,000906034814832752;NA;2;NA;2;NA;0,00201905775698586;"centrosome, microtubule, intermediate filament cytoskeleton, extracellular vesicular exosome, zona pellucida receptor complex, cytosol, cytoplasm, aggresome, cell body, chaperonin-containing T-complex";0,001185536455246;"ATPase activity, coupled, ATP binding"
"97";"P50991";117;117;"P50991";"TCPD_HUMAN";"T-complex protein 1 subunit delta";"CCT4";2;2;0,00092116341099879;NA;2;NA;2;NA;0,00205277115181493;"zona pellucida receptor complex, cytoplasm, chaperonin-containing T-complex, microtubule, melanosome, centrosome, nucleus, cytosol, extracellular vesicular exosome, cell body";0,001185536455246;"poly(A) RNA binding, ATP binding, unfolded protein binding"
"98";"P51572";118;118;"P51572-1,P51572-2";"BAP31_HUMAN";"B-cell receptor-associated protein 31";"BCAP31";2;2;0,00100916072871615;2;NA;2;NA;NA;NA;"endoplasmic reticulum, endoplasmic reticulum-Golgi intermediate compartment membrane, endoplasmic reticulum membrane, lipid particle, integral component of plasma membrane, integral component of lumenal side of endoplasmic reticulum membrane, cytosol, Golgi membrane";0,001185536455246;"protein binding"
"99";"P53999";120;120;"P53999";"TCP4_HUMAN";"Activated RNA polymerase II transcriptional coactivator p15";"SUB1";3;3;0,00586425683301198;3;NA;3;NA;0,0131948250644279;NA;"nucleus, transcription factor complex, nucleolus, extracellular vesicular exosome";0,001778304682869;"protein binding, single-stranded DNA binding, poly(A) RNA binding, transcription coactivator activity"
"100";"P55060";121;121;"P55060-1,P55060-3";"XPO2_HUMAN";"Exportin-2";"CSE1L";3;3;0,000383501862920969;NA;3;NA;3;NA;NA;"nucleus, extracellular vesicular exosome, cytoplasm";0,001778304682869;"protein binding, importin-alpha export receptor activity"
"101";"P60174";122;122;"P60174-1,P60174-3";"TPIS_HUMAN";"Triosephosphate isomerase";"TPI1";4;7;0,00303806778819793;4;3;4;3;NA;NA;"extracellular space, extracellular vesicular exosome, nucleus, cytosol";0,004149377593361;"protein binding, triose-phosphate isomerase activity"
"102";"P60866";123;123;"P60866-1,P60866-2";"RS20_HUMAN";"40S ribosomal protein S20";"RPS20";2;2;0,00208616419549726;2;NA;2;NA;NA;NA;"cytosolic small ribosomal subunit, cytosol, cytoplasm, extracellular vesicular exosome";0,001185536455246;"RNA binding, protein binding, poly(A) RNA binding, structural constituent of ribosome"
"103";"P61026";124;124;"P61026";"RAB10_HUMAN";"Ras-related protein Rab-10";"RAB10";2;2;0,00248253539264174;NA;2;NA;2;NA;0,00553221825414124;"primary cilium, insulin-responsive compartment, cytoplasmic vesicle membrane, trans-Golgi network, Golgi apparatus, endoplasmic reticulum tubular network, endoplasmic reticulum membrane, extracellular vesicular exosome, phagocytic vesicle membrane, endosome, recycling endosome membrane, recycling endosome";0,001185536455246;"GDP binding, GTP binding, myosin V binding, GTPase activity"
"104";"P61247";125;125;"P61247";"RS3A_HUMAN";"40S ribosomal protein S3a";"RPS3A";3;3;0,00282106294618379;3;NA;3;NA;0,00634751054235734;NA;"cytoplasm, cytosolic small ribosomal subunit, extracellular vesicular exosome, cytosol, nucleolus, nucleus, ribonucleoprotein complex";0,001778304682869;"poly(A) RNA binding, structural constituent of ribosome, protein binding, RNA binding"
"105";"P61513";126;126;"P61513";"RL37A_HUMAN";"60S ribosomal protein L37a";"RPL37A";2;2;0,0053968160709603;2;NA;2;NA;0,0121430636462488;NA;"nucleus, cytosolic large ribosomal subunit, cytosol, extracellular vesicular exosome";0,001185536455246;"metal ion binding, poly(A) RNA binding, structural constituent of ribosome"
"106";"P61604";127;127;"P61604";"CH10_HUMAN";"10 kDa heat shock protein, mitochondrial";"HSPE1";5;10;0,0243385822808014;5;4;6;4;0,0328577016310262;0,0216949735456519;"mitochondrial matrix, membrane, extracellular vesicular exosome, mitochondrion";0,00592768227622999;"chaperone binding, unfolded protein binding, protein binding, poly(A) RNA binding, ATP binding"
"107";"P61978";128;128;"P61978-1,P61978-2,P61978-3";"HNRPK_HUMAN";"Heterogeneous nuclear ribonucleoprotein K";"HNRNPK";6;13;0,00232346725013266;6;5;7;6;NA;NA;"cytoplasm, podosome, nucleoplasm, extracellular vesicular exosome, nucleus, nuclear chromatin, catalytic step 2 spliceosome, cell junction, cell projection";0,00770598695909899;"single-stranded DNA binding, RNA polymerase II core promoter proximal region sequence-specific DNA binding transcription factor activity involved in positive regulation of transcription, RNA binding, protein binding, RNA polymerase II core promoter proximal region sequence-specific DNA binding, poly(A) RNA binding"
"108";"P61981";129;129;"P61981";"1433G_HUMAN";"14-3-3 protein gamma";"YWHAG";2;4;0,00516319494549675;2;2;2;2;0,00562466002175462;0,00601536744811194;"cytosol, cytoplasmic vesicle membrane, extracellular vesicular exosome";0,002371072910492;"poly(A) RNA binding, insulin-like growth factor receptor binding, protein kinase C inhibitor activity, protein binding, protein kinase C binding"
"109";"P62241";130;130;"P62241";"RS8_HUMAN";"40S ribosomal protein S8";"RPS8";3;5;0,0059676331553888;3;2;3;2;0,00805645568837663;0,00531944062898197;"extracellular vesicular exosome, cytoplasm, nucleus, cytosolic small ribosomal subunit, cytosol, ribonucleoprotein complex";0,002963841138115;"structural constituent of ribosome, poly(A) RNA binding"
"110";"P62249";131;131;"P62249";"RS16_HUMAN";"40S ribosomal protein S16";"RPS16";2;4;0,00680146682915545;2;2;2;2;0,00765179353051296;0,0075783811700565;"cytosol, small ribosomal subunit, extracellular vesicular exosome, cytosolic small ribosomal subunit";0,002371072910492;"RNA binding, poly(A) RNA binding, structural constituent of ribosome"
"111";"P62258";132;132;"P62258-1,P62258-2";"1433E_HUMAN";"14-3-3 protein epsilon";"YWHAE";4;4;0,00220105439756812;4;0;4;0;NA;NA;"cytoplasmic vesicle membrane, cytosol, melanosome, extracellular vesicular exosome, kinesin complex, mitochondrion";0,002371072910492;"ion channel binding, enzyme binding, poly(A) RNA binding, phosphoserine binding, MHC class II protein complex binding, potassium channel regulator activity, protein heterodimerization activity, phosphoprotein binding, histone deacetylase binding, protein binding"
"112";"P62263";133;133;"P62263";"RS14_HUMAN";"40S ribosomal protein S14";"RPS14";2;2;0,00328812634786985;2;NA;2;NA;0,00739842288380723;NA;"extracellular vesicular exosome, mitochondrion, cytosolic small ribosomal subunit, cytosol, nucleolus";0,001185536455246;"poly(A) RNA binding, RNA binding, mRNA 5'-UTR binding, structural constituent of ribosome, translation regulator activity"
"113";"P62269";134;134;"P62269";"RS18_HUMAN";"40S ribosomal protein S18";"RPS18";9;14;0,0228654575638055;8;6;8;6;0,0293989961961814;0,0218377036347681;"nucleus, extracellular vesicular exosome, cytosolic small ribosomal subunit, ribosome, small ribosomal subunit, cytosol";0,00829875518672199;"rRNA binding, poly(A) RNA binding, structural constituent of ribosome, protein binding"
"114";"P62280";135;135;"P62280";"RS11_HUMAN";"40S ribosomal protein S11";"RPS11";2;2;0,00314244986410347;2;NA;2;NA;0,0070706446547778;NA;"cytosolic small ribosomal subunit, cytosol, extracellular vesicular exosome, ribosome";0,001185536455246;"structural constituent of ribosome, rRNA binding, poly(A) RNA binding"
"115";"P62424";136;136;"P62424";"RL7A_HUMAN";"60S ribosomal protein L7a";"RPL7A";4;4;0,00373313592878457;NA;4;NA;4;NA;0,00831912519419736;"nucleus, cytosol, extracellular vesicular exosome, membrane, polysomal ribosome, cytosolic large ribosomal subunit";0,002371072910492;"poly(A) RNA binding, structural constituent of ribosome, RNA binding, protein binding"
"116";"P62701";137;137;"P62701";"RS4X_HUMAN";"40S ribosomal protein S4, X isoform";"RPS4X";7;10;0,00943929807088114;7;3;7;3;0,0148671729813389;0,00631051511879229;"ribonucleoprotein complex, polysome, cytosol, small ribosomal subunit, ribosome, extracellular vesicular exosome, cytosolic small ribosomal subunit";0,00592768227622999;"rRNA binding, structural constituent of ribosome, poly(A) RNA binding"
"117";"P62805";139;139;"P62805";"H4_HUMAN";"Histone H4";"HIST1H4F,HIST1H4L,HIST1H4H,HIST2H4B,HIST1H4I,HIST1H4B,HIST1H4A,HIST1H4E,HIST4H4,HIST2H4A,HIST1H4C,HIST1H4K,HIST1H4D,HIST1H4J";2;5;0,0120511426827269;2;2;3;2;0,0162693474095373;0,0107421713672646;"nuclear chromosome, extracellular region, protein complex, nucleoplasm, nucleus, extracellular vesicular exosome, nucleosome";0,002963841138115;"histone demethylase activity (H4-K20 specific), protein binding, poly(A) RNA binding, DNA binding"
"118";"P62826";140;140;"P62826";"RAN_HUMAN";"GTP-binding nuclear protein Ran";"RAN";3;4;0,00459728776415137;2;2;2;2;0,00517204562710598;0,00512242430939004;"melanosome, extracellular vesicular exosome, nucleus, nucleoplasm, cytosol, cytoplasm, nuclear pore";0,002371072910492;"poly(A) RNA binding, GTPase activity, protein binding, GTP binding, chromatin binding, transcription coactivator activity, androgen receptor binding"
"119";"P62829";141;141;"P62829";"RL23_HUMAN";"60S ribosomal protein L23";"RPL23";5;11;0,0195056352278994;5;5;5;6;0,0199493188474088;0,0237095068034625;"cytoplasm, cytosolic large ribosomal subunit, nucleolus, extracellular vesicular exosome, ribosome, cytosol";0,00652045050385299;"poly(A) RNA binding, protein binding, structural constituent of ribosome"
"120";"P62857";143;143;"P62857";"RS28_HUMAN";"40S ribosomal protein S28";"RPS28";1;2;0,0071957547612804;1;1;1;1;0,00809537576416588;0,00801770761469746;"cytosol, cytosolic small ribosomal subunit, cytoplasm, extracellular vesicular exosome, small ribosomal subunit";0,001185536455246;"structural constituent of ribosome, poly(A) RNA binding"
"121";"P62913";144;144;"P62913-1,P62913-2";"RL11_HUMAN";"60S ribosomal protein L11";"RPL11";2;2;0,00139468280485491;NA;2;NA;2;NA;NA;"extracellular vesicular exosome, cytosolic large ribosomal subunit, cytosol, nucleolus";0,001185536455246;"protein binding, structural constituent of ribosome, rRNA binding, poly(A) RNA binding, RNA binding"
"122";"P62937";146;146;"P62937";"PPIA_HUMAN";"Peptidyl-prolyl cis-trans isomerase A";"PPIA";8;15;0,0225685035694704;6;8;6;9;0,0203120337355435;0,0301757359316795;"nucleus, extracellular region, cytosol, extracellular space, extracellular vesicular exosome";0,00889152341434499;"poly(A) RNA binding, peptide binding, protein binding, unfolded protein binding, virion binding, peptidyl-prolyl cis-trans isomerase activity"
"123";"P63104";147;147;"P63104";"1433Z_HUMAN";"14-3-3 protein zeta/delta";"YWHAZ";3;6;0,00768330385939165;3;3;3;3;0,00834301183822559;0,00897574186131079;"melanosome, extracellular vesicular exosome, cytoplasmic vesicle membrane, blood microparticle, postsynaptic density, cytosol, nucleus, cell leading edge, mitochondrion, nucleoplasm, perinuclear region of cytoplasm, extracellular space, cytoplasm, mast cell granule, protein complex";0,003556609365738;"poly(A) RNA binding, protein kinase binding, transcription factor binding, protein binding, identical protein binding"
"124";"P63241";149;149;"P63241-1,P63241-2,Q6IS14";"IF5A1_HUMAN, IF5AL_HUMAN";"Eukaryotic translation initiation factor 5A-1, Eukaryotic translation initiation factor 5A-1-like";"EIF5A, EIF5AL1";3;3;0,00161203596924788;1;2;1;2;0,00362714888134705;0,00718469903135227;"nuclear pore, endoplasmic reticulum membrane, extracellular vesicular exosome, cytoplasm, cytosol, annulate lamellae, nucleus";0,001778304682869;"translation elongation factor activity, U6 snRNA binding, RNA binding, poly(A) RNA binding, protein binding, ribosome binding, protein N-terminus binding"
"125";"P63261";150;150;"P60709,P63261";"ACTB_HUMAN, ACTG_HUMAN";"Actin, cytoplasmic 1, Actin, cytoplasmic 2";"ACTB, ACTG1";12;37;0,0182137468465271;10;12;19;18;0,0212260752536429;0,0195665824567522;"extracellular vesicular exosome, filamentous actin, extracellular space, cytosol, myofibril, nucleus, blood microparticle, cytoskeleton";0,021932424422051;"structural constituent of cytoskeleton, identical protein binding, ATP binding, protein binding"
"126";"P67809";151;151;"P67809";"YBOX1_HUMAN";"Nuclease-sensitive element-binding protein 1";"YBX1";2;4;0,00306485850943425;2;2;2;2;0,00344803041807065;0,00341494953959336;"cytoplasmic stress granule, U12-type spliceosomal complex, nucleoplasm, nuclear membrane, cytoplasm, CRD-mediated mRNA stability complex, ribonucleoprotein complex, extracellular vesicular exosome, histone pre-mRNA 3'end processing complex, intracellular membrane-bounded organelle, nucleus";0,002371072910492;"double-stranded DNA binding, DNA binding, single-stranded DNA binding, poly(A) RNA binding, protein binding, sequence-specific DNA binding transcription factor activity, RNA binding"
"127";"P67936";152;152;"P67936-1";"TPM4_HUMAN";"Tropomyosin alpha-4 chain";"TPM4";1;2;0,0026693928953137;1;1;1;1;NA;NA;"stress fiber, podosome, muscle thin filament tropomyosin, extracellular vesicular exosome, filamentous actin, membrane, cytosol, cortical cytoskeleton, cytoskeleton";0,001185536455246;"calcium ion binding, structural constituent of muscle"
"128";"P68104";153;153;"P68104,Q5VTE0";"EF1A1_HUMAN, EF1A3_HUMAN";"Elongation factor 1-alpha 1, Putative elongation factor 1-alpha-like 3";"EEF1A1, EEF1A1P5";9;22;0,0059107985539089;8;9;11;11;0,00664977294913626;0,00658597411207291;"plasma membrane, extracellular vesicular exosome, nucleolus, cytosol, extracellular space, nucleus, cytoplasm, eukaryotic translation elongation factor 1 complex";0,013040901007706;"protein kinase binding, protein binding, poly(A) RNA binding, GTP binding, GTPase activity, translation elongation factor activity"
"129";"P68363";154;154;"P68363";"TBA1B_HUMAN";"Tubulin alpha-1B chain";"TUBA1B";12;20;0,011009026131449;8;10;9;11;0,0111468477817007;0,013493215254003;"cytoplasmic microtubule, extracellular vesicular exosome, microtubule";0,01185536455246;"GTP binding, protein binding, double-stranded RNA binding, structural molecule activity, GTPase activity, structural constituent of cytoskeleton"
"130";"P68371";155;155;"P68371";"TBB4B_HUMAN";"Tubulin beta-4B chain";"TUBB4B";2;3;0,00683394574378906;2;1;2;1;0,00784523774898098;0,007459170679741;"cytoskeleton, cytosol, extracellular vesicular exosome, microtubule, nucleus";0,001778304682869;"structural constituent of cytoskeleton, unfolded protein binding, GTP binding, MHC class I protein binding, double-stranded RNA binding, GTPase activity"
"131";"P81605";157;157;"P81605-1,P81605-2";"DCD_HUMAN";"Dermcidin";"DCD";1;1;0,00112842517847352;NA;1;NA;1;NA;NA;"extracellular vesicular exosome, extracellular region";0,000592768227622999;"peptidase activity, poly(A) RNA binding"
"132";"P83731";158;158;"P83731";"RL24_HUMAN";"60S ribosomal protein L24";"RPL24";2;5;0,00790616367083356;2;2;3;2;0,0106735209119894;0,00704741178871496;"cytosolic large ribosomal subunit, cytosol, extracellular vesicular exosome";0,002963841138115;"RNA binding, structural constituent of ribosome, poly(A) RNA binding"
"133";"P84077";159;159;"P61204,P84077,P84085";"ARF1_HUMAN, ARF3_HUMAN, ARF5_HUMAN";"ADP-ribosylation factor 1, ADP-ribosylation factor 3, ADP-ribosylation factor 5";"ARF1, ARF3, ARF5";1;1;0,000458032360266004;1;NA;1;NA;0,00103059211757831;NA;"neuron projection, sarcomere, perinuclear region of cytoplasm, plasma membrane, cytosol, postsynaptic membrane, postsynaptic density, cell junction, extracellular vesicular exosome, Golgi membrane";0,000592768227622999;"poly(A) RNA binding, receptor signaling protein activity, GTPase activity, protein binding, GTP binding"
"134";"Q00839";161;161;"Q00839-1,Q00839-2";"HNRPU_HUMAN";"Heterogeneous nuclear ribonucleoprotein U";"HNRNPU";9;16;0,00240730704741017;7;5;9;7;NA;NA;"catalytic step 2 spliceosome, ribonucleoprotein complex, nucleus, membrane, cell surface, CRD-mediated mRNA stability complex, nucleoplasm";0,00948429164196799;"RNA binding, ATP binding, DNA binding, poly(A) RNA binding, protein binding"
"135";"Q04837";165;165;"Q04837";"SSBP_HUMAN";"Single-stranded DNA-binding protein, mitochondrial";"SSBP1";1;1;0,00167738877881199;NA;1;NA;1;NA;0,00373798530685219;"nucleus, extracellular vesicular exosome, mitochondrion, mitochondrial nucleoid";0,000592768227622999;"single-stranded DNA binding, chromatin binding, protein binding, poly(A) RNA binding"
"136";"Q06830";166;166;"Q06830";"PRDX1_HUMAN";"Peroxiredoxin-1";"PRDX1";9;19;0,0260728591488504;8;8;10;9;0,0308763326884518;0,0275220908120595;"nucleus, melanosome, extracellular vesicular exosome, nucleolus, nuclear euchromatin, peroxisomal matrix, cytosol, cytoplasm, mitochondrial matrix, extracellular space";0,011262596324837;"protein binding, thioredoxin peroxidase activity, poly(A) RNA binding, peroxidase activity, heme binding"
"137";"Q13085";169;169;"Q13085-1,Q13085-4";"ACACA_HUMAN";"Acetyl-CoA carboxylase 1";"ACACA";84;219;0,0115872815641207;75;76;111;108;NA;NA;"extracellular vesicular exosome, cytosol, mitochondrion";0,129816241849437;"acetyl-CoA carboxylase activity, protein binding, metal ion binding, biotin carboxylase activity, ATP binding"
"138";"Q13765";170;170;"Q13765";"NACA_HUMAN";"Nascent polypeptide-associated complex subunit alpha";"NACA";2;2;0,00230933524896906;NA;2;NA;2;NA;0,00514624953873604;"cytoplasm, extracellular vesicular exosome, nucleus, nascent polypeptide-associated complex";0,001185536455246;"TBP-class protein binding, protein binding, transcription coactivator activity, DNA binding"
"139";"Q14103";171;171;"Q14103-1,Q14103-2,Q14103-3,Q14103-4";"HNRPD_HUMAN";"Heterogeneous nuclear ribonucleoprotein D0";"HNRNPD";2;2;0,000349652872203062;2;NA;2;NA;NA;NA;"extracellular vesicular exosome, cytosol, nucleus, nucleoplasm, ribonucleoprotein complex";0,001185536455246;"nucleotide binding, protein binding, RNA binding, telomeric DNA binding, poly(A) RNA binding"
"140";"Q15084";173;173;"Q15084-1,Q15084-2";"PDIA6_HUMAN";"Protein disulfide-isomerase A6";"PDIA6";1;1;0,000282106294618379;1;NA;1;NA;NA;NA;"melanosome, extracellular vesicular exosome, endoplasmic reticulum, endoplasmic reticulum lumen, plasma membrane, endoplasmic reticulum-Golgi intermediate compartment, endoplasmic reticulum membrane";0,000592768227622999;"protein disulfide isomerase activity, isomerase activity, protein binding"
"141";"Q15365";174;174;"Q15365";"PCBP1_HUMAN";"Poly(rC)-binding protein 1";"PCBP1";2;4;0,00278936560970982;2;2;2;2;0,00313809509959239;0,00310798778322542;"nucleoplasm, cytoplasm, ribonucleoprotein complex, extracellular vesicular exosome";0,002371072910492;"poly(A) RNA binding, protein binding, single-stranded DNA binding, RNA binding"
"142";"Q16555";175;175;"Q16555";"DPYL2_HUMAN";"Dihydropyrimidinase-related protein 2";"DPYSL2";3;3;0,00130202905208483;NA;3;NA;3;NA;0,0029015130703538;"axon, membrane, cytoskeleton, extracellular vesicular exosome, cytosol, dendrite, protein complex, mitochondrion, neuronal cell body, growth cone";0,001778304682869;"protein binding, dihydropyrimidinase activity"
"143";"Q562R1";177;177;"Q562R1";"ACTBL_HUMAN";"Beta-actin-like protein 2";"ACTBL2";1;2;0,00196381686815631;1;1;1;1;0,00222838136061481;0,0021682826304025;"extracellular vesicular exosome, cytoskeleton, extracellular space, cytoplasm";0,001185536455246;"ATP binding"
"144";"Q5XKE5";178;178;"Q5XKE5";"K2C79_HUMAN";"Keratin, type II cytoskeletal 79";"KRT79";0;0;0;0;0;0;0;0;0;"extracellular vesicular exosome, keratin filament";0;"enzyme binding, structural molecule activity"
"145";"Q71DI3";179;179;"P68431,P84243,Q16695,Q6NXT2,Q71DI3";"H31_HUMAN, H31T_HUMAN, H32_HUMAN, H33_HUMAN, H3C_HUMAN";"Histone H3.1, Histone H3.1t, Histone H3.2, Histone H3.3, Histone H3.3C";"H3F3B,H3F3A, H3F3C, HIST1H3A,HIST1H3B,HIST1H3J,HIST1H3E,HIST1H3D,HIST1H3H,HIST1H3F,HIST1H3I,HIST1H3G,HIST1H3C, HIST2H3D,HIST2H3C,HIST2H3A, HIST3H3";1;1;0,000365616405396427;NA;1;NA;1;NA;0,000814759683967783;"nucleus, extracellular region, nucleoplasm, extracellular vesicular exosome, nucleosome";0,000592768227622999;"protein binding, DNA binding"
"146";"Q7KZF4";180;180;"Q7KZF4";"SND1_HUMAN";"Staphylococcal nuclease domain-containing protein 1";"SND1";1;1;0,000272806087103488;NA;1;NA;1;NA;0,000607936071883653;"mitochondrion, melanosome, nucleus, cytoplasm, extracellular vesicular exosome, RISC complex, membrane";0,000592768227622999;"protein binding, nuclease activity, transcription cofactor activity, poly(A) RNA binding"
"147";"Q86UE4";181;181;"Q86UE4";"LYRIC_HUMAN";"Protein LYRIC";"MTDH";2;6;0,00255931483777499;2;2;3;3;0,0028792831326157;0,00285165889388724;"perinuclear region of cytoplasm, endoplasmic reticulum membrane, tight junction, intercellular canaliculus, nuclear body, nucleolus, integral component of membrane, nucleus, endoplasmic reticulum, nuclear membrane, apical plasma membrane, cytoplasm";0,003556609365738;"protein binding, poly(A) RNA binding, double-stranded RNA binding, NF-kappaB binding, transcription coactivator activity, RNA polymerase II transcription factor binding"
"148";"Q8NC51";182;182;"Q8NC51-1,Q8NC51-2,Q8NC51-3,Q8NC51-4";"PAIRB_HUMAN";"Plasminogen activator inhibitor 1 RNA-binding protein";"SERBP1";4;5;0,000760580696275043;2;3;2;3;NA;NA;"plasma membrane, extracellular vesicular exosome, perinuclear region of cytoplasm, nucleus, cytoplasm";0,002963841138115;"poly(A) RNA binding, mRNA 3'-UTR binding, protein binding"
"149";"Q9UQ80";188;188;"Q9UQ80";"PA2G4_HUMAN";"Proliferation-associated protein 2G4";"PA2G4";6;10;0,00630085125035974;5;5;5;5;0,00708859045339398;0,00702058154078838;"ribonucleoprotein complex, cytoplasm, nucleus, nucleolus, extracellular vesicular exosome";0,00592768227622999;"DNA binding, poly(A) RNA binding, sequence-specific DNA binding transcription factor activity, ubiquitin protein ligase binding, protein binding"
"150";"Q9Y277";189;189;"Q9Y277-1,Q9Y277-2";"VDAC3_HUMAN";"Voltage-dependent anion-selective channel protein 3";"VDAC3";2;3;0,00236849666435784;1;2;1;2;NA;NA;"extracellular vesicular exosome, nucleus, mitochondrion, mitochondrial outer membrane, pore complex";0,001778304682869;"nucleotide binding, voltage-gated anion channel activity, porin activity"
"151";"Q9Y490";191;191;"Q9Y490";"TLN1_HUMAN";"Talin-1";"TLN1";6;8;0,000781593197211095;4;4;4;4;0,000879308819720497;0,000870872609860881;"extracellular vesicular exosome, actin cytoskeleton, cytoplasm, ruffle membrane, ruffle, cell-cell junction, extracellular region, focal adhesion, plasma membrane, cytosol, cell surface, microtubule organizing center";0,00474214582098399;"integrin binding, vinculin binding, LIM domain binding, structural constituent of cytoskeleton, protein binding"
