"";"X";"protein.acs";"protein.g";"ID";"Description";"Gene";"global.peptide.count";"global.spectra.count";"global.dNSAF";"peptide.count.P5767.3.id.csv";"peptide.count.P5767.4.id.csv";"spectra.count.P5767.3.id.csv";"spectra.count.P5767.4.id.csv";"dNSAF.P5767.3.id.csv";"dNSAF.P5767.4.id.csv";"Go.Cc";"norm.sc"
"1";1;"O00299";"O00299";"CLIC1_HUMAN";"Chloride intracellular channel protein 1";"CLIC1";2;2;0,000985132172651727;NA;2;NA;2;NA;0,00229214314725046;"extracellular space, cytoplasm, brush border, blood microparticle, nuclear envelope, extracellular vesicular exosome, perinuclear region of cytoplasm, mitochondrion, nucleus, chloride channel complex, plasma membrane, nuclear membrane";0,000584453535943892
"5";5;"O15427";"O15427";"MOT4_HUMAN";"Monocarboxylate transporter 4";"SLC16A3";8;17;0,00433987796919799;7;8;7;10;0,00440939482402273;0,00593985482244475;"integral component of plasma membrane, plasma membrane, actin cytoskeleton, nuclear membrane, membrane";0,00496785505552309
"23";23;"P01892";"P01892";"1A02_HUMAN";"HLA class I histocompatibility antigen, A-2 alpha chain";"HLA-A";2;3;0,00357751423246538;0;2;0;3;NA;0,00567540923103453;"ER to Golgi transport vesicle membrane, endoplasmic reticulum exit site, early endosome membrane, Golgi apparatus, cell surface, MHC class I protein complex, phagocytic vesicle membrane, Golgi medial cisterna, integral component of lumenal side of endoplasmic reticulum membrane, endoplasmic reticulum, plasma membrane, Golgi membrane";0,000876680303915839
"26";26;"P02786";"P02786";"TFR1_HUMAN";"Transferrin receptor protein 1";"TFRC";1;1;0,000156195298427017;NA;1;NA;1;NA;0,000363425327952211;"endosome, melanosome, perinuclear region of cytoplasm, extracellular region, external side of plasma membrane, extracellular vesicular exosome, integral component of plasma membrane, extracellular space, cytoplasmic membrane-bounded vesicle, coated pit, cell surface, membrane, intracellular membrane-bounded organelle, plasma membrane, blood microparticle";0,000292226767971946
"28";28;"P04040";"P04040";"CATA_HUMAN";"Catalase";"CAT";3;5;0,00112626590896141;2;3;2;3;0,00111161214050993;0,00157231451182361;"peroxisomal matrix, lysosome, mitochondrial intermembrane space, membrane, intracellular membrane-bounded organelle, Golgi apparatus, peroxisomal membrane, cytosol, peroxisome, endoplasmic reticulum, extracellular vesicular exosome, plasma membrane";0,00146113383985973
"30";30;"P04264";"P04264";"K2C1_HUMAN";"Keratin, type II cytoskeletal 1";"KRT1";24;83;0,0183544197074767;22;19;40;43;0,0217267360921284;0,0222197127193631;"plasma membrane, extracellular vesicular exosome, membrane, keratin filament, cytoskeleton, nucleus, blood microparticle, extracellular space";0,0242548217416715
"31";31;"P04406";"P04406";"G3P_HUMAN";"Glyceraldehyde-3-phosphate dehydrogenase";"GAPDH";8;19;0,0067327167441377;6;8;8;11;0,0069948608722237;0,00906936042292683;"nucleus, extracellular vesicular exosome, cytosol, ribonucleoprotein complex, cytoplasm, microtubule cytoskeleton, lipid particle, plasma membrane, perinuclear region of cytoplasm, GAIT complex";0,00555230859146698
"34";34;"P05023";"P05023-1,P05023-3";"AT1A1_HUMAN";"Sodium/potassium-transporting ATPase subunit alpha-1";"ATP1A1";2;2;0,000116039517892994;NA;2;NA;2;NA;NA;"protein complex, Golgi apparatus, sodium:potassium-exchanging ATPase complex, extracellular vesicular exosome, T-tubule, membrane, integral component of membrane, plasma membrane, caveola, melanosome, basolateral plasma membrane, endoplasmic reticulum, endosome";0,000584453535943892
"35";35;"P05141";"P05141";"ADT2_HUMAN";"ADP/ATP translocase 2";"SLC25A5";8;13;0,00517855553174138;6;7;6;7;0,00589751273203424;0,00648799578760324;"MMXD complex, mitochondrion, extracellular vesicular exosome, mitochondrial nucleoid, integral component of plasma membrane, mitochondrial inner membrane, nucleus";0,0037989479836353
"40";40;"P05534";"P05534,P30447";"1A23_HUMAN, 1A24_HUMAN";"HLA class I histocompatibility antigen, A-23 alpha chain, HLA class I histocompatibility antigen, A-24 alpha chain";"HLA-A";0;0;NA;0;0;0;0;NA;NA;"integral component of lumenal side of endoplasmic reticulum membrane, Golgi apparatus, cell surface, MHC class I protein complex, Golgi membrane, endoplasmic reticulum, ER to Golgi transport vesicle membrane, early endosome membrane, extracellular vesicular exosome, phagocytic vesicle membrane, plasma membrane";0
"41";41;"P05556";"P05556-1";"ITB1_HUMAN";"Integrin beta-1";"ITGB1";1;1;0,00014875742707335;1;NA;1;NA;NA;NA;"alpha7-beta1 integrin complex, plasma membrane, alpha9-beta1 integrin complex, extracellular vesicular exosome, filopodium, hemidesmosome, alpha8-beta1 integrin complex, intercalated disc, cell surface, recycling endosome, external side of plasma membrane, membrane raft, acrosomal vesicle, ruffle, melanosome, sarcolemma, myelin sheath abaxonal region, cytoplasm, basement membrane, lamellipodium, receptor complex, alpha3-beta1 integrin complex, integrin complex, focal adhesion, cleavage furrow, neuromuscular junction";0,000292226767971946
"44";44;"P06576";"P06576";"ATPB_HUMAN";"ATP synthase subunit beta, mitochondrial";"ATP5B";6;7;0,00157081094070271;3;4;3;4;0,00166111417216087;0,00208849337802405;"mitochondrial nucleoid, mitochondrion, mitochondrial membrane, mitochondrial proton-transporting ATP synthase, catalytic core, plasma membrane, extracellular vesicular exosome, nucleus, cell surface, membrane, mitochondrial proton-transporting ATP synthase complex, mitochondrial matrix";0,00204558737580362
"45";45;"P06733";"P06733-1";"ENOA_HUMAN";"Alpha-enolase";"ENO1";17;29;0,00793212990168539;14;12;16;13;NA;NA;"M band, cytoplasm, extracellular vesicular exosome, plasma membrane, extracellular space, phosphopyruvate hydratase complex, cytosol, nucleus";0,00847457627118644
"46";46;"P06744";"P06744-1,P06744-2";"G6PI_HUMAN";"Glucose-6-phosphate isomerase";"GPI";2;2;0,000212739116137156;NA;2;NA;2;NA;NA;"cytoplasm, cytosol, neuron projection, extracellular vesicular exosome, plasma membrane, nucleus, extracellular space";0,000584453535943892
"50";50;"P07237";"P07237";"PDIA1_HUMAN";"Protein disulfide-isomerase";"P4HB";5;7;0,00163574603864514;3;4;3;4;0,00172978227770296;0,00217482873420221;"procollagen-proline 4-dioxygenase complex, endoplasmic reticulum lumen, endoplasmic reticulum-Golgi intermediate compartment, melanosome, extracellular vesicular exosome, extracellular region, plasma membrane, endoplasmic reticulum";0,00204558737580362
"54";54;"P07900";"P07900-1,P07900-2";"HS90A_HUMAN";"Heat shock protein HSP 90-alpha";"HSP90AA1";7;14;0,00198658227917422;7;6;7;7;NA;NA;"plasma membrane, cytosol, endocytic vesicle lumen, mitochondrion, extracellular region, nucleus, extracellular vesicular exosome, cytoplasm, melanosome";0,00409117475160725
"57";57;"P08195";"P08195-1,P08195-2,P08195-3,P08195-4";"4F2_HUMAN";"4F2 cell-surface antigen heavy chain";"SLC3A2";1;2;9,42130371464549e-05;1;1;1;1;NA;NA;"plasma membrane, cytoplasm, apical plasma membrane, cell junction, nucleus, melanosome, extracellular vesicular exosome, integral component of membrane";0,000584453535943892
"58";58;"P08238";"P08238";"HS90B_HUMAN";"Heat shock protein HSP 90-beta";"HSP90AB1";6;10;0,00294741062343536;5;4;5;5;0,00354000102412046;0,0034970485056175;"extracellular vesicular exosome, cytoplasm, brush border membrane, basolateral plasma membrane, cell surface, apical plasma membrane, cytosol, inclusion body, mitochondrion, melanosome";0,00292226767971946
"60";60;"P08575";"P08575-1,P08575-2";"PTPRC_HUMAN";"Receptor-type tyrosine-protein phosphatase C";"PTPRC";19;29;0,00131999400971298;14;14;15;14;NA;NA;"membrane raft, plasma membrane, integral component of plasma membrane, extracellular vesicular exosome, external side of plasma membrane, focal adhesion";0,00847457627118644
"64";64;"P08865";"P08865";"RSSA_HUMAN";"40S ribosomal protein SA";"RPSA";1;1;0,000402401446795028;NA;1;NA;1;NA;0,000936282200826036;"cytoplasm, nucleus, plasma membrane, cytosolic small ribosomal subunit, extracellular vesicular exosome, 90S preribosome, cytosol";0,000292226767971946
"65";65;"P09211";"P09211";"GSTP1_HUMAN";"Glutathione S-transferase P";"GSTP1";2;4;0,00226111289151492;2;2;2;2;0,0027896171335654;0,0026305071356541;"cytoplasm, mitochondrion, intracellular, cytosol, nucleus, extracellular space, extracellular vesicular exosome, plasma membrane, TRAF2-GSTP1 complex";0,00116890707188778
"66";66;"P09429";"P09429";"HMGB1_HUMAN";"High mobility group protein B1";"HMGB1";5;6;0,00331279330617302;NA;5;NA;6;NA;0,00770799765331202;"condensed chromosome, nucleoplasm, nucleus, extracellular region, extracellular space, cell surface";0,00175336060783168
"73";73;"P10768";"P10768";"ESTD_HUMAN";"S-formylglutathione hydrolase";"ESD";2;2;0,000841903736202363;NA;2;NA;2;NA;0,00195888829250837;"cytoplasmic membrane-bounded vesicle, Golgi apparatus, extracellular vesicular exosome, cytoplasm, plasma membrane, nucleus";0,000584453535943892
"74";74;"P10809";"P10809";"CH60_HUMAN";"60 kDa heat shock protein, mitochondrial";"HSPD1";21;37;0,00766529108510947;15;18;17;20;0,00869016855744196;0,00964060206784226;"protein complex, mitochondrial matrix, cytoplasm, coated vesicle, mitochondrion, lipopolysaccharide receptor complex, cell surface, mitochondrial inner membrane, plasma membrane, early endosome, coated pit, cytosol, secretory granule, extracellular vesicular exosome, extracellular space";0,010812390414962
"75";75;"P11021";"P11021";"GRP78_HUMAN";"78 kDa glucose-regulated protein";"HSPA5";4;6;0,00116417628311943;4;2;4;2;0,00191093039118853;0,000904990987036962;"endoplasmic reticulum, melanosome, endoplasmic reticulum membrane, nucleus, extracellular vesicular exosome, endoplasmic reticulum-Golgi intermediate compartment, cell surface, integral component of endoplasmic reticulum membrane, endoplasmic reticulum lumen, midbody, endoplasmic reticulum chaperone complex";0,00175336060783168
"76";76;"P11142";"P11142-1";"HSP7C_HUMAN";"Heat shock cognate 71 kDa protein";"HSPA8";11;21;0,005163715457126;9;9;10;11;NA;NA;"cytosol, nucleolus, extracellular vesicular exosome, ribonucleoprotein complex, plasma membrane, extracellular space, melanosome, spliceosomal complex, nucleus, intracellular, blood microparticle, clathrin-sculpted gamma-aminobutyric acid transport vesicle membrane, Prp19 complex";0,00613676212741087
"77";77;"P11413";"P11413-1,P11413-2,P11413-3";"G6PD_HUMAN";"Glucose-6-phosphate 1-dehydrogenase";"G6PD";2;2;0,000153667866413635;2;NA;2;NA;NA;NA;"extracellular vesicular exosome, nucleus, cytoplasmic side of plasma membrane, cytoplasm, cytosol";0,000584453535943892
"82";82;"P12814";"P12814-1,P12814-2,P12814-3";"ACTN1_HUMAN";"Alpha-actinin-1";"ACTN1";1;1;6,65405979846038e-05;NA;1;NA;1;NA;NA;"cytosol, cytoskeleton, plasma membrane, focal adhesion, dendritic spine, cell projection, extracellular region, pseudopodium, ruffle, cytoplasm, extracellular space, fascia adherens, platelet alpha granule lumen, nucleus, Z disc, extracellular vesicular exosome";0,000292226767971946
"85";85;"P13164";"P13164,Q01628,Q01629";"IFM1_HUMAN, IFM2_HUMAN, IFM3_HUMAN";"Interferon-induced transmembrane protein 1, Interferon-induced transmembrane protein 2, Interferon-induced transmembrane protein 3";"IFITM1, IFITM2, IFITM3";1;2;0,00060876116310017;1;1;1;1;0,000751050766729147;0,000708213459599181;"plasma membrane, integral component of membrane";0,000584453535943892
"90";90;"P13647";"P13647";"K2C5_HUMAN";"Keratin, type II cytoskeletal 5";"KRT5";7;11;0,00394622485669957;6;5;6;5;0,00569988138594775;0,00386984618835995;"nucleus, plasma membrane, intermediate filament, cytoplasm, cytosol, extracellular vesicular exosome, keratin filament, mitochondrion";0,00321449444769141
"91";91;"P13796";"P13796";"PLSL_HUMAN";"Plastin-2";"LCP1";11;18;0,00340789742022583;10;7;11;7;0,00513876840393627;0,00308360884323089;"focal adhesion, filopodium, extracellular vesicular exosome, actin filament, plasma membrane, ruffle membrane, cytoplasm, phagocytic cup, cytosol, extracellular space, actin cytoskeleton, ruffle, actin filament bundle";0,00526008182349503
"92";92;"P14618";"P14618-1";"KPYM_HUMAN";"Pyruvate kinase PKM";"PKM";20;39;0,00915463291458688;17;18;18;21;NA;NA;"cytoplasm, extracellular vesicular exosome, nucleus, cytosol, plasma membrane, cilium, mitochondrion";0,0113968439509059
"93";93;"P14625";"P14625";"ENPL_HUMAN";"Endoplasmin";"HSP90B1";8;11;0,0017035782059359;4;7;4;7;0,00145907745466684;0,00260839515163708;"cytosol, midbody, nucleus, perinuclear region of cytoplasm, endocytic vesicle lumen, plasma membrane, endoplasmic reticulum lumen, melanosome, endoplasmic reticulum, endoplasmic reticulum membrane, extracellular region, extracellular vesicular exosome";0,00321449444769141
"95";95;"P15311";"P15311";"EZRI_HUMAN";"Ezrin";"EZR";2;3;0,000798380304748416;2;1;2;1;0,0012588715923181;0,000648087828856759;"ruffle membrane, microspike, cell body, actin cytoskeleton, plasma membrane, extrinsic component of membrane, cytosol, T-tubule, microvillus membrane, extracellular vesicular exosome, ruffle, extracellular space, apical plasma membrane, astrocyte projection, nucleolus, Schwann cell microvillus, filopodium, cortical cytoskeleton, apical part of cell, actin filament, basolateral plasma membrane, uropod, microvillus, cell tip, membrane raft";0,000876680303915839
"98";98;"P16070";"P16070-1,P16070-10,P16070-11,P16070-12,P16070-13,P16070-14,P16070-16,P16070-17,P16070-18,P16070-3,P16070-4,P16070-5,P16070-6,P16070-7,P16070-8";"CD44_HUMAN";"CD44 antigen";"CD44";4;6;6,39937610806109e-05;4;2;4;2;NA;NA;"external side of plasma membrane, integral component of plasma membrane, cell surface, extracellular vesicular exosome, plasma membrane, cytoplasm, basolateral plasma membrane, Golgi apparatus";0,00175336060783168
"99";99;"P16150";"P16150";"LEUK_HUMAN";"Leukosialin";"SPN";4;14;0,00415479493815866;4;4;8;6;0,00585819598048735;0,00414304873865521;"extracellular vesicular exosome, plasma membrane, basement membrane, uropod, integral component of plasma membrane, extracellular space, cell surface, external side of plasma membrane";0,00409117475160725
"108";108;"P18465";"P10319,P18465";"1B57_HUMAN, 1B58_HUMAN";"HLA class I histocompatibility antigen, B-57 alpha chain, HLA class I histocompatibility antigen, B-58 alpha chain";"HLA-B";0;0;NA;0;0;0;0;NA;NA;"early endosome membrane, plasma membrane, MHC class I protein complex, integral component of lumenal side of endoplasmic reticulum membrane, ER to Golgi transport vesicle membrane, endoplasmic reticulum, phagocytic vesicle membrane, Golgi apparatus, Golgi membrane, cell surface";0
"111";111;"P19013";"P19013";"K2C4_HUMAN";"Keratin, type II cytoskeletal 4";"KRT4";0;0;0;0;0;0;0;0;0;"intermediate filament cytoskeleton, keratin filament, intermediate filament, cell surface, nucleus";0
"117";117;"P21281";"P21281";"VATB2_HUMAN";"V-type proton ATPase subunit B, brain isoform";"ATP6V1B2";1;1;0,000232306118991259;NA;1;NA;1;NA;0,000540515164860432;"melanosome, endomembrane system, intracellular membrane-bounded organelle, microvillus, plasma membrane, extracellular vesicular exosome, lysosomal membrane, proton-transporting V-type ATPase, V1 domain, integral component of membrane, cytosol";0,000292226767971946
"119";119;"P21333";"P21333-1,P21333-2";"FLNA_HUMAN";"Filamin-A";"FLNA";10;14;0,000313924815879007;7;5;8;6;NA;NA;"cortical cytoskeleton, extracellular vesicular exosome, cytosol, plasma membrane, cytoplasm, actin filament, extracellular region, nucleus, apical dendrite, Myb complex, actin cytoskeleton, dendritic shaft, perinuclear region of cytoplasm, neuronal cell body, trans-Golgi network";0,00409117475160725
"120";120;"P21796";"P21796";"VDAC1_HUMAN";"Voltage-dependent anion-selective channel protein 1";"VDAC1";2;5;0,00209732202834864;2;1;3;2;0,00310505087304983;0,00195196642575039;"mitochondrial nucleoid, mitochondrial outer membrane, membrane, plasma membrane, nucleus, mitochondrial inner membrane, mitochondrion, extracellular vesicular exosome, pore complex";0,00146113383985973
"131";131;"P25705";"P25705";"ATPA_HUMAN";"ATP synthase subunit alpha, mitochondrial";"ATP5A1";9;15;0,00321993924424593;7;8;7;8;0,00370771897499199;0,0039957070414999;"mitochondrion, mitochondrial inner membrane, mitochondrial proton-transporting ATP synthase complex, mitochondrial matrix, plasma membrane, extracellular vesicular exosome, proton-transporting ATP synthase complex, catalytic core F(1)";0,00438340151957919
"132";132;"P26038";"P26038";"MOES_HUMAN";"Moesin";"MSN";24;48;0,0129733340334855;22;19;25;23;0,0159813421381804;0,0151385229763109;"extrinsic component of membrane, basolateral plasma membrane, microvillus membrane, cytoplasm, cytoskeleton, apical plasma membrane, filopodium, plasma membrane, extracellular vesicular exosome, extracellular space, microvillus, uropod, apical part of cell, blood microparticle";0,0140268848626534
"141";141;"P27797";"P27797";"CALR_HUMAN";"Calreticulin";"CALR";3;3;0,000854017459025418;3;NA;3;NA;0,0021072647411825;NA;"integral component of lumenal side of endoplasmic reticulum membrane, endocytic vesicle lumen, perinuclear region of cytoplasm, proteinaceous extracellular matrix, extracellular space, extracellular region, Golgi apparatus, extracellular vesicular exosome, MHC class I peptide loading complex, polysome, acrosomal vesicle, sarcoplasmic reticulum lumen, endoplasmic reticulum lumen, endoplasmic reticulum, cell surface, intracellular, external side of plasma membrane, cytosol, cytoplasm, nucleus";0,000876680303915839
"142";142;"P27816";"P27816-1,P27816-6";"MAP4_HUMAN";"Microtubule-associated protein 4";"MAP4";5;7;0,000360659282826273;3;4;3;4;NA;NA;"cytoplasm, microtubule cytoskeleton, mitotic spindle, plasma membrane, microtubule, microtubule associated complex, extracellular vesicular exosome";0,00204558737580362
"147";147;"P29966";"P29966";"MARCS_HUMAN";"Myristoylated alanine-rich C-kinase substrate";"MARCKS";2;2;0,000715111004846585;2;NA;2;NA;0,00176451686159257;NA;"actin cytoskeleton, centrosome, germinal vesicle, plasma membrane, cell cortex, extracellular vesicular exosome";0,000584453535943892
"151";151;"P30101";"P30101";"PDIA3_HUMAN";"Protein disulfide-isomerase A3";"PDIA3";9;16;0,00376105906707432;8;7;8;8;0,00464015523206918;0,00437549701772167;"endoplasmic reticulum, endoplasmic reticulum lumen, melanosome, extracellular vesicular exosome, nucleus, cell surface";0,00467562828755114
"154";154;"P31146";"P31146";"COR1A_HUMAN";"Coronin-1A";"CORO1A";6;9;0,00231751809379783;5;4;5;4;0,00317689586794325;0,0023965574771686;"phagocytic vesicle membrane, plasma membrane, actin filament, phagocytic vesicle, protein complex, cortical actin cytoskeleton, immunological synapse, cytoplasm, phagocytic cup, extracellular vesicular exosome, lamellipodium";0,00263004091174752
"166";166;"P35232";"P35232";"PHB_HUMAN";"Prohibitin";"PHB";3;4;0,00174571215889019;1;3;1;3;0,001076874261119;0,00304635936665824;"mitochondrion, integral component of plasma membrane, nucleus, cytoplasm, extracellular vesicular exosome, membrane, mitochondrial inner membrane, nucleoplasm";0,00116890707188778
"168";168;"P35579";"P35579-1";"MYH9_HUMAN";"Myosin-9";"MYH9";44;73;0,00442128324323006;36;33;38;35;NA;NA;"neuromuscular junction, uropod, cleavage furrow, nucleus, immunological synapse, extracellular vesicular exosome, plasma membrane, actomyosin, stress fiber, actin cytoskeleton, cytoplasm, cell leading edge, myosin II filament, cell-cell adherens junction, myosin II complex, protein complex, spindle, actomyosin contractile ring, cytosol, cortical cytoskeleton, ruffle";0,0213325540619521
"180";180;"P40926";"P40926";"MDHM_HUMAN";"Malate dehydrogenase, mitochondrial";"MDH2";7;10;0,00351208363327021;4;6;4;6;0,00346638815413452;0,00490301625876356;"nucleus, extracellular vesicular exosome, plasma membrane, mitochondrial inner membrane, mitochondrial matrix, mitochondrion";0,00292226767971946
"195";195;"P46940";"P46940";"IQGA1_HUMAN";"Ras GTPase-activating-like protein IQGAP1";"IQGAP1";2;2;0,000143281142793643;NA;2;NA;2;NA;0,000333377488525867;"ribonucleoprotein complex, slit diaphragm, midbody, extracellular vesicular exosome, lateral plasma membrane, cytoplasm, nucleus, cell junction, microtubule, actin filament, extrinsic component of cytoplasmic side of plasma membrane, plasma membrane, cell leading edge, neuron projection";0,000584453535943892
"198";198;"P48047";"P48047";"ATPO_HUMAN";"ATP synthase subunit O, mitochondrial";"ATP5O";2;2;0,00111463311553552;NA;2;NA;2;NA;0,00259345773937728;"nucleus, extracellular vesicular exosome, mitochondrial proton-transporting ATP synthase complex, mitochondrial inner membrane, plasma membrane, mitochondrion";0,000584453535943892
"202";202;"P49327";"P49327";"FAS_HUMAN";"Fatty acid synthase";"FASN";25;38;0,00179646364738043;18;20;18;20;0,00209971182096321;0,00219994623053509;"glycogen granule, melanosome, cytosol, extracellular vesicular exosome, cytoplasm, membrane, plasma membrane, mitochondrion, Golgi apparatus";0,011104617182934
"203";203;"P49368";"P49368-1";"TCPG_HUMAN";"T-complex protein 1 subunit gamma";"CCT3";4;4;0,000871254508657124;4;NA;4;NA;NA;NA;"cell body, plasma membrane, cytoskeleton, cytosol, zona pellucida receptor complex, extracellular vesicular exosome, chaperonin-containing T-complex, cytoplasm, microtubule";0,00116890707188778
"206";206;"P50552";"P50552";"VASP_HUMAN";"Vasodilator-stimulated phosphoprotein";"VASP";4;6;0,00187434358112421;4;2;4;2;0,00308326104236176;0,00145370131180885;"plasma membrane, extracellular vesicular exosome, filopodium membrane, cytosol, lamellipodium membrane, actin cytoskeleton, tight junction, cytoplasm, focal adhesion";0,00175336060783168
"209";209;"P51572";"P51572-1,P51572-2";"BAP31_HUMAN";"B-cell receptor-associated protein 31";"BCAP31";7;9;0,00217149561227804;7;2;7;2;NA;NA;"endoplasmic reticulum, endoplasmic reticulum-Golgi intermediate compartment membrane, endoplasmic reticulum membrane, lipid particle, integral component of plasma membrane, integral component of lumenal side of endoplasmic reticulum membrane, cytosol, Golgi membrane";0,00263004091174752
"213";213;"P53396";"P53396-1,P53396-2";"ACLY_HUMAN";"ATP-citrate synthase";"ACLY";2;2;0,000107818734609022;2;NA;2;NA;NA;NA;"nucleus, plasma membrane, cytosol, citrate lyase complex, cytoplasm, mitochondrion, extracellular vesicular exosome";0,000584453535943892
"223";223;"P61006";"P61006";"RAB8A_HUMAN";"Ras-related protein Rab-8A";"RAB8A";3;5;0,00382313773927643;2;3;2;3;0,00353755795923149;0,00560412389769787;"extracellular vesicular exosome, neuronal cell body, dendrite, cilium, postsynaptic density, plasma membrane, phagocytic vesicle, cytoplasmic vesicle membrane, centrosome, nonmotile primary cilium, Golgi membrane, phagocytic vesicle membrane, recycling endosome membrane";0,00146113383985973
"229";229;"P61586";"P61586";"RHOA_HUMAN";"Transforming protein RhoA";"RHOA";4;7;0,00430548698254783;3;4;3;4;0,00455300205737358;0,00572441967344416;"cytoskeleton, extracellular vesicular exosome, midbody, apical junction complex, lamellipodium, cleavage furrow, cytosol, plasma membrane, cell junction, cell cortex";0,00204558737580362
"256";256;"P62879";"P62873,P62879,Q9HAV0";"GBB1_HUMAN, GBB2_HUMAN, GBB4_HUMAN";"Guanine nucleotide-binding protein G(I)/G(S)/G(T) subunit beta-1, Guanine nucleotide-binding protein G(I)/G(S)/G(T) subunit beta-2, Guanine nucleotide-binding protein subunit beta-4";"GNB1, GNB2, GNB4";2;2;0,000232761621185359;NA;2;NA;2;NA;0,000541574998517021;"extracellular space, perinuclear region of cytoplasm, protein complex, plasma membrane, extracellular vesicular exosome, cell body, lysosomal membrane";0,000584453535943892
"264";264;"P62979";"P0CG47,P0CG48,P62979,P62987";"RL40_HUMAN, RS27A_HUMAN, UBB_HUMAN, UBC_HUMAN";"Polyubiquitin-B, Polyubiquitin-C, Ubiquitin-40S ribosomal protein S27a, Ubiquitin-60S ribosomal protein L40";"RPS27A, UBA52, UBB, UBC";4;10;0,000990888370655535;4;3;5;5;0,00122249498758083;0,00115276815210217;"cytosol, endosome membrane, cytosolic small ribosomal subunit, endocytic vesicle membrane, plasma membrane, small ribosomal subunit, extracellular vesicular exosome, nucleoplasm";0,00292226767971946
"271";271;"P68104";"P68104,Q5VTE0";"EF1A1_HUMAN, EF1A3_HUMAN";"Elongation factor 1-alpha 1, Putative elongation factor 1-alpha-like 3";"EEF1A1, EEF1A1P5";13;27;0,00346875273130129;12;8;16;11;0,0050720311519371;0,00328813391956763;"plasma membrane, extracellular vesicular exosome, nucleolus, cytosol, extracellular space, nucleus, cytoplasm, eukaryotic translation elongation factor 1 complex";0,00789012273524255
"281";281;"P84077";"P61204,P84077";"ARF1_HUMAN, ARF3_HUMAN";"ADP-ribosylation factor 1, ADP-ribosylation factor 3";"ARF1, ARF3";3;4;0,001311695323807;2;2;2;2;0,00161828618245507;0,00152598480245127;"neuron projection, sarcomere, perinuclear region of cytoplasm, plasma membrane, cytosol, postsynaptic membrane, postsynaptic density, cell junction, extracellular vesicular exosome, Golgi membrane";0,00116890707188778
"283";283;"Q00325";"Q00325-1,Q00325-2";"MPCP_HUMAN";"Phosphate carrier protein, mitochondrial";"SLC25A3";5;8;0,001311695323807;1;5;1;7;NA;NA;"extracellular vesicular exosome, mitochondrion, mitochondrial inner membrane, integral component of plasma membrane";0,00233781414377557
"284";284;"Q00610";"Q00610-1,Q00610-2";"CLH1_HUMAN";"Clathrin heavy chain 1";"CLTC";8;10;0,000354353512849353;5;5;5;5;NA;NA;"clathrin coat of coated pit, spindle, clathrin complex, clathrin-coated endocytic vesicle membrane, plasma membrane, extracellular vesicular exosome, clathrin coat, protein complex, clathrin coat of trans-Golgi network vesicle, mitochondrion, trans-Golgi network membrane, cytosol, membrane, clathrin-coated vesicle, melanosome";0,00292226767971946
"286";286;"Q00839";"Q00839-1";"HNRPU_HUMAN";"Heterogeneous nuclear ribonucleoprotein U";"HNRNPU";2;5;0,00472778150044028;2;2;2;3;NA;NA;"catalytic step 2 spliceosome, ribonucleoprotein complex, nucleus, membrane, cell surface, CRD-mediated mRNA stability complex, nucleoplasm";0,00146113383985973
"287";287;"Q00839";"Q00839-2";"HNRPU_HUMAN";"Heterogeneous nuclear ribonucleoprotein U";"HNRNPU";1;2;0,00189111260017611;1;1;1;1;NA;NA;"catalytic step 2 spliceosome, ribonucleoprotein complex, nucleus, membrane, cell surface, CRD-mediated mRNA stability complex, nucleoplasm";0,000584453535943892
"289";289;"Q01518";"Q01518-1,Q01518-2";"CAP1_HUMAN";"Adenylyl cyclase-associated protein 1";"CAP1";5;6;0,000749737432449683;4;2;4;2;NA;NA;"plasma membrane, extracellular vesicular exosome, cortical actin cytoskeleton";0,00175336060783168
"291";291;"Q01650";"Q01650";"LAT1_HUMAN";"Large neutral amino acids transporter small subunit 1";"SLC7A5";2;2;0,000468277817769362;2;NA;2;NA;0,00115546271804484;NA;"integral component of membrane, extracellular vesicular exosome, nucleolus, cytosol, plasma membrane, nucleus, apical plasma membrane";0,000584453535943892
"296";296;"Q04917";"Q04917";"1433F_HUMAN";"14-3-3 protein eta";"YWHAH";1;1;0,00055679374673796;1;0;1;0;0,00136929377592692;0;"extracellular vesicular exosome, cytoplasm, plasma membrane, intercalated disc, cytoplasmic vesicle membrane, cytosol";0,000292226767971946
"297";297;"Q06187";"Q06187";"BTK_HUMAN";"Tyrosine-protein kinase BTK";"BTK";2;2;0,000360268366629843;2;NA;2;NA;0,000888952349087609;NA;"plasma membrane, cytoplasm, cytoplasmic vesicle, mast cell granule, nucleus, membrane raft, perinuclear region of cytoplasm, intracellular membrane-bounded organelle, cytosol";0,000584453535943892
"315";315;"Q14444";"Q14444-1,Q14444-2";"CAPR1_HUMAN";"Caprin-1";"CAPRIN1";2;2;0,000167430785337846;2;NA;2;NA;NA;NA;"cytoplasmic mRNA processing body, cytosol, cytoplasm, cytoplasmic stress granule, integral component of plasma membrane, dendrite";0,000584453535943892
"323";323;"Q15046";"Q15046-1,Q15046-2";"SYK_HUMAN";"Lysine--tRNA ligase";"KARS";3;3;0,000298262378905862;NA;3;NA;3;NA;NA;"aminoacyl-tRNA synthetase multienzyme complex, plasma membrane, nucleus, mitochondrion, cytosol, microtubule cytoskeleton, cytoplasm, mitochondrial matrix, extracellular region";0,000876680303915839
"325";325;"Q15084";"Q15084-1,Q15084-2";"PDIA6_HUMAN";"Protein disulfide-isomerase A6";"PDIA6";3;5;0,000674479697753029;2;3;2;3;NA;NA;"melanosome, extracellular vesicular exosome, endoplasmic reticulum, endoplasmic reticulum lumen, plasma membrane, endoplasmic reticulum-Golgi intermediate compartment, endoplasmic reticulum membrane";0,00146113383985973
"330";330;"Q16181";"Q16181-1,Q16181-2";"SEPT7_HUMAN";"Septin-7";"SEPT7";4;5;0,000679109993160945;3;2;3;2;NA;NA;"axoneme, plasma membrane, spindle, condensed chromosome kinetochore, septin complex, microtubule cytoskeleton, cleavage furrow, nucleus, stress fiber, actin cytoskeleton, extracellular vesicular exosome, midbody, synapse, axon terminus, nucleolus, cytoplasm";0,00146113383985973
"335";335;"Q29RF7";"Q29RF7-1";"PDS5A_HUMAN";"Sister chromatid cohesion protein PDS5 homolog A";"PDS5A";4;7;0,000621510087981849;2;4;3;4;NA;NA;"cytosol, chromatin, nucleoplasm, nucleus, plasma membrane, chromosome, centromeric region, chromosome";0,00204558737580362
"336";336;"Q32MZ4";"Q32MZ4-1,Q32MZ4-2,Q32MZ4-3";"LRRF1_HUMAN";"Leucine-rich repeat flightless-interacting protein 1";"LRRFIP1";4;6;0,000293832739615181;3;3;3;3;NA;NA;"plasma membrane, cytosol, cytoskeleton, nucleus, cytoplasm";0,00175336060783168
"345";345;"Q7Z2W4";"Q7Z2W4-1,Q7Z2W4-2,Q7Z2W4-3";"ZCCHV_HUMAN";"Zinc finger CCCH-type antiviral protein 1";"ZC3HAV1";2;4;0,000175474392911357;2;2;2;2;NA;NA;"plasma membrane, Golgi apparatus, nucleus, cytoplasm";0,00116890707188778
"347";347;"Q86UE4";"Q86UE4";"LYRIC_HUMAN";"Protein LYRIC";"MTDH";5;8;0,00163173095263963;5;3;5;3;0,00251640720811312;0,00142372808888495;"perinuclear region of cytoplasm, endoplasmic reticulum membrane, tight junction, intercellular canaliculus, nuclear body, nucleolus, integral component of membrane, nucleus, endoplasmic reticulum, nuclear membrane, apical plasma membrane, cytoplasm";0,00233781414377557
"348";348;"Q86UP2";"Q86UP2-1,Q86UP2-2,Q86UP2-3";"KTN1_HUMAN";"Kinectin";"KTN1";4;4;0,000116638100520298;NA;4;NA;4;NA;NA;"integral component of plasma membrane, integral component of membrane, membrane, endoplasmic reticulum membrane, endoplasmic reticulum";0,00116890707188778
"349";349;"Q86YV0";"Q86YV0-1,Q86YV0-2";"RASL3_HUMAN";"RAS protein activator like-3";"RASAL3";4;6;0,000352250524642532;2;4;2;4;NA;NA;"extracellular vesicular exosome, cytoplasm, intrinsic component of the cytoplasmic side of the plasma membrane";0,00175336060783168
"353";353;"Q8NC51";"Q8NC51-1,Q8NC51-2,Q8NC51-3,Q8NC51-4";"PAIRB_HUMAN";"Plasminogen activator inhibitor 1 RNA-binding protein";"SERBP1";9;13;0,000945594086065521;7;6;7;6;NA;NA;"plasma membrane, extracellular vesicular exosome, perinuclear region of cytoplasm, nucleus, cytoplasm";0,0037989479836353
"356";356;"Q8TF72";"Q8TF72-1";"SHRM3_HUMAN";"Protein Shroom3";"SHROOM3";2;2;0,00011894631944342;NA;2;NA;2;NA;NA;"microtubule, apical junction complex, cytoskeleton, cytoplasm, apical plasma membrane, adherens junction";0,000584453535943892
"361";361;"Q92930";"Q92930";"RAB8B_HUMAN";"Ras-related protein Rab-8B";"RAB8B";1;2;0,00152925509571057;1;1;1;1;0,00176877897961574;0,00186804129923262;"phagocytic vesicle membrane, phagocytic vesicle, cell tip, mitochondrion, perinuclear region of cytoplasm, plasma membrane, peroxisomal membrane, extracellular vesicular exosome";0,000584453535943892
"364";364;"Q95604";"Q95604";"1C17_HUMAN";"HLA class I histocompatibility antigen, Cw-17 alpha chain";"HLA-C";1;1;0,000638217348411469;0;1;0;1;NA;0,00111372277920839;"plasma membrane, Golgi apparatus, Golgi membrane, MHC class I protein complex, early endosome membrane, ER to Golgi transport vesicle membrane, phagocytic vesicle membrane, cell surface, endoplasmic reticulum, integral component of lumenal side of endoplasmic reticulum membrane";0,000292226767971946
"370";370;"Q99497";"Q99497";"PARK7_HUMAN";"Protein DJ-1";"PARK7";4;7;0,00439660840016789;4;3;4;3;0,00619914918570089;0,0043841785594235;"nucleus, cytosol, plasma membrane, extracellular vesicular exosome, membrane raft, mitochondrion, cytoplasm";0,00204558737580362
"373";373;"Q99714";"Q99714-1,Q99714-2";"HCD2_HUMAN";"3-hydroxyacyl-CoA dehydrogenase type-2";"HSD17B10";2;2;0,000454821558638058;2;NA;2;NA;NA;NA;"cytoplasm, plasma membrane, mitochondrial matrix, mitochondrion, endoplasmic reticulum, mitochondrial inner membrane";0,000584453535943892
"387";387;"Q9NZB2";"Q9NZB2-1,Q9NZB2-4,Q9NZB2-6";"F120A_HUMAN";"Constitutive coactivator of PPAR-gamma-like protein 1";"FAM120A";2;2;7,07861817558337e-05;NA;2;NA;2;NA;NA;"plasma membrane, cytoplasm";0,000584453535943892
"396";396;"Q9Y490";"Q9Y490";"TLN1_HUMAN";"Talin-1";"TLN1";12;15;0,000700758127535615;9;6;9;6;0,00103746091744168;0,000652191851815067;"extracellular vesicular exosome, actin cytoskeleton, cytoplasm, ruffle membrane, ruffle, cell-cell junction, extracellular region, focal adhesion, plasma membrane, cytosol, cell surface, microtubule organizing center";0,00438340151957919
