"";"X";"protein.acs";"protein.g";"ID";"Description";"Gene";"global.peptide.count";"global.spectra.count";"global.dNSAF";"peptide.count.P5835.1.id.csv";"peptide.count.P5835.2.id.csv";"spectra.count.P5835.1.id.csv";"spectra.count.P5835.2.id.csv";"dNSAF.P5835.1.id.csv";"dNSAF.P5835.2.id.csv";"Go.Cc";"norm.sc"
"7";7;"A6NHL2";"A6NHL2-1,A6NHL2-2";"TBAL3_HUMAN";"Tubulin alpha chain-like 3";"TUBAL3";1;2;0,000102692398813853;1;1;1;1;0,00010884140849623;9,76314901005444e-05;"microtubule, cytoplasm";0,000100857286938981
"12";12;"O00154";"O00154-1,O00154-4,O00154-6";"BACH_HUMAN";"Cytosolic acyl coenzyme A thioester hydrolase";"ACOT7";3;4;7,07100222569495e-05;2;2;2;2;7,09696903352613e-05;7,05160236191787e-05;"nucleus, mitochondrion, extracellular vesicular exosome, cytoplasm, cytosol, cell body, neuron projection";0,000201714573877963
"16";16;"O00182";"O00182-1,O00182-2";"LEG9_HUMAN";"Galectin-9";"LGALS9";2;5;0,000141918002417117;2;2;3;2;0,000170927000666615;0,000113222911163188;"cytoplasm, extracellular vesicular exosome";0,000252143217347453
"24";24;"O00471";"O00471";"EXOC5_HUMAN";"Exocyst complex component 5";"EXOC5";7;12;0,000341565361749671;4;7;5;7;0,000285683075502111;0,000397399624633507;"cytosol, cytoplasm";0,000605143721633888
"29";29;"O00743";"O00743-1,O00743-3";"PPP6_HUMAN";"Serine/threonine-protein phosphatase 6 catalytic subunit";"PPP6C";5;7;0,000231256548201007;4;3;4;3;0,00026526376059737;0,00019767606621114;"cytosol";0,000353000504286435
"36";36;"O14579";"O14579-1,O14579-2";"COPE_HUMAN";"Coatomer subunit epsilon";"COPE";2;3;9,81445925806685e-05;1;2;1;2;6,56700056673684e-05;0,000130500433321207;"nucleus, Golgi apparatus, COPI vesicle coat, cytosol";0,000151285930408472
"44";44;"O14773";"O14773-1,O14773-2";"TPP1_HUMAN";"Tripeptidyl-peptidase 1";"TPP1";5;11;0,000196870266230494;4;4;6;5;0,000215556253060918;0,000178481942552983;"lysosome, lysosomal lumen, extracellular vesicular exosome, mitochondrion, melanosome";0,000554715078164397
"45";45;"O14787";"O14787-2";"TNPO2_HUMAN";"Transportin-2";"TNPO2";6;17;0,000562083770032683;6;6;8;9;0,00055504980349677;0,00056758716893029;"cytoplasm, nucleus";0,000857286938981341
"53";53;"O14979";"O14979-1,O14979-2,O14979-3";"HNRDL_HUMAN";"Heterogeneous nuclear ribonucleoprotein D-like";"HNRNPDL";1;1;1,91927203268863e-05;1;0;1;0;3,85264033248561e-05;NA;"cytoplasm, nucleus, extracellular vesicular exosome, spliceosomal complex";5,04286434694907e-05
"55";55;"O14981";"O14981";"BTAF1_HUMAN";"TATA-binding protein-associated factor 172";"BTAF1";13;25;0,000272476424327077;10;12;12;13;0,000262537956675602;0,000282598017857282;"nucleus";0,00126071608673727
"58";58;"O15091";"O15091-1,O15091-2,O15091-4";"MRRP3_HUMAN";"Mitochondrial ribonuclease P protein 3";"KIAA0391";3;3;3,45666489592292e-05;NA;3;NA;3;NA;6,89436251508265e-05;"mitochondrion";0,000151285930408472
"72";72;"O15355";"O15355";"PPM1G_HUMAN";"Protein phosphatase 1G";"PPM1G";1;1;3,69090775517044e-05;NA;1;NA;1;NA;7,36156290529887e-05;"nucleus, cytoplasm";5,04286434694907e-05
"74";74;"O15397";"O15397-1";"IPO8_HUMAN";"Importin-8";"IPO8";11;22;0,000427533114321189;9;10;11;11;0,000429103142142804;0,000426360142808342;"cytoplasm, nucleus";0,00110943015632879
"80";80;"O43143";"O43143";"DHX15_HUMAN";"Putative pre-mRNA-splicing factor ATP-dependent RNA helicase DHX15";"DHX15";1;2;5,06977518068694e-05;1;1;1;1;5,08839289196213e-05;5,05586584439394e-05;"U12-type spliceosomal complex, nucleolus, nucleus";0,000100857286938981
"81";81;"O43156";"O43156";"TTI1_HUMAN";"TELO2-interacting protein 1 homolog";"TTI1";14;30;0,000555161331769438;11;14;13;17;0,00048290670834186;0,000627456628897926;"TORC2 complex, cytoplasm, TORC1 complex";0,00151285930408472
"83";83;"O43175";"O43175";"SERA_HUMAN";"D-3-phosphoglycerate dehydrogenase";"PHGDH";18;45;0,0017014184529932;17;14;24;21;0,00182151100147537;0,00158363377621307;"cytosol, extracellular vesicular exosome";0,00226928895612708
"89";89;"O43324";"O43324";"MCA3_HUMAN";"Eukaryotic translation elongation factor 1 epsilon-1";"EEF1E1";2;5;0,000579090699518121;2;2;2;3;0,000464973833231022;0,000693002301085032;"cytosol, extracellular vesicular exosome, cytoplasm, nucleus";0,000252143217347453
"90";90;"O43390";"O43390-1,O43390-2";"HNRPR_HUMAN";"Heterogeneous nuclear ribonucleoprotein R";"HNRNPR";3;5;7,95906648626801e-05;2;3;2;3;6,39063562260647e-05;9,5246761760502e-05;"spliceosomal complex, cytoplasm, nucleoplasm, catalytic step 2 spliceosome, nucleus, ribonucleoprotein complex";0,000252143217347453
"94";94;"O43592";"O43592";"XPOT_HUMAN";"Exportin-T";"XPOT";22;49;0,001026471372992;19;20;23;26;0,000967164906751846;0,00108632793143059;"nucleoplasm, cytoplasm, nucleus";0,00247100353000504
"99";99;"O43681";"O43681";"ASNA_HUMAN";"ATPase ASNA1";"ASNA1";4;6;0,000347454419710872;3;3;3;3;0,000348730374923267;0,000346501150542516;"cytoplasm, nucleolus, endoplasmic reticulum, nucleus, extracellular vesicular exosome";0,000302571860816944
"109";109;"O43837";"O43837-1,O43837-2";"IDH3B_HUMAN";"Isocitrate dehydrogenase [NAD] subunit beta, mitochondrial";"IDH3B";4;4;0,00010468756541938;4;NA;4;NA;0,000210144018135579;NA;"mitochondrion, mitochondrial matrix, nucleus";0,000201714573877963
"115";115;"O60361";"O60361,P15531-1,P15531-2,P22392-1,P22392-2";"NDK8_HUMAN, NDKA_HUMAN, NDKB_HUMAN";"Nucleoside diphosphate kinase A, Nucleoside diphosphate kinase B, Putative nucleoside diphosphate kinase";"NME1, NME2, NME2P1";1;3;8,11504282277742e-05;1;1;1;2;5,42989577061731e-05;0,000107903713994448;"nucleus";0,000151285930408472
"124";124;"O60814";"O60814,P58876,P62807,Q5QNW6-1,Q5QNW6-2,Q93079,Q99877,Q99879,Q99880";"H2B1C_HUMAN, H2B1D_HUMAN, H2B1H_HUMAN, H2B1K_HUMAN, H2B1L_HUMAN, H2B1M_HUMAN, H2B1N_HUMAN, H2B2F_HUMAN";"Histone H2B type 1-C/E/F/G/I, Histone H2B type 1-D, Histone H2B type 1-H, Histone H2B type 1-K, Histone H2B type 1-L, Histone H2B type 1-M, Histone H2B type 1-N, Histone H2B type 2-F";"HIST1H2BD, HIST1H2BH, HIST1H2BI,HIST1H2BG,HIST1H2BC,HIST1H2BE,HIST1H2BF, HIST1H2BK, HIST1H2BL, HIST1H2BM, HIST1H2BN, HIST2H2BF";2;5;0,000291952756295228;2;2;2;3;0,000261599034921863;0,000319001059229618;"extracellular space, nucleus, nucleoplasm, nucleosome";0,000252143217347453
"126";126;"O60841";"O60841";"IF2P_HUMAN";"Eukaryotic translation initiation factor 5B";"EIF5B";3;3;4,95549746145015e-05;3;NA;3;NA;9,94739102240138e-05;NA;"cytosol";0,000151285930408472
"132";132;"O75208";"O75208-1";"COQ9_HUMAN";"Ubiquinone biosynthesis protein COQ9, mitochondrial";"COQ9";2;8;0,000506977518068694;2;2;4;4;0,000508839289196213;0,000505586584439394;"mitochondrion";0,000403429147755925
"139";139;"O75390";"O75390";"CISY_HUMAN";"Citrate synthase, mitochondrial";"CS";2;2;8,64907997563545e-05;NA;2;NA;2;NA;0,000172507010570523;"extracellular vesicular exosome, mitochondrial matrix, mitochondrion, nucleus";0,000100857286938981
"146";146;"O75531";"O75531";"BAF_HUMAN";"Barrier-to-autointegration factor";"BANF1";2;7;0,00158501679104061;2;2;3;4;0,00136357494913817;0,00180647790844637;"nucleus, chromosome, cytoplasm, cytosol, extracellular vesicular exosome, nucleoplasm";0,000353000504286435
"161";161;"O76071";"O76071";"CIAO1_HUMAN";"Probable cytosolic iron-sulfur protein assembly protein CIAO1";"CIAO1";2;3;0,000178339436665758;1;2;1;2;0,000119329567820351;0,00023713353075476;"MMXD complex, CIA complex";0,000151285930408472
"162";162;"O76094";"O76094";"SRP72_HUMAN";"Signal recognition particle subunit SRP72";"SRP72";2;5;0,000150166589740914;2;2;3;2;0,000180861654952752;0,0001198036764916;"cytosol, endoplasmic reticulum, signal recognition particle, endoplasmic reticulum targeting";0,000252143217347453
"166";166;"O94829";"O94829";"IPO13_HUMAN";"Importin-13";"IPO13";1;2;4,18532842019327e-05;1;1;1;1;4,20069818183789e-05;4,17384563478004e-05;"cytoplasm, nucleus";0,000100857286938981
"170";170;"O94925";"O94925-1,O94925-3";"GLSK_HUMAN";"Glutaminase kidney isoform, mitochondrial";"GLS";3;9;0,000135553966434287;3;2;5;4;0,000151168622911431;0,000120161833969901;"cytosol, mitochondrion, mitochondrial matrix";0,000453857791225416
"187";187;"O95319";"O95319-1,O95319-2,O95319-3,O95319-4,O95319-5";"CELF2_HUMAN";"CUGBP Elav-like family member 2";"CELF2";5;12;0,000104728780996317;5;5;6;6;0,000105113376000493;0,00010444144915565;"cytoplasm, nucleus";0,000605143721633888
"188";188;"O95347";"O95347-1,O95347-2";"SMC2_HUMAN";"Structural maintenance of chromosomes protein 2";"SMC2";5;9;7,57607381324459e-05;5;4;5;4;8,44877265895968e-05;6,71581177325511e-05;"nuclear chromosome, nucleoplasm, nucleus, cytosol, condensin complex, cytoplasm, extracellular vesicular exosome, condensed chromosome";0,000453857791225416
"190";190;"O95433";"O95433";"AHSA1_HUMAN";"Activator of 90 kDa heat shock protein ATPase homolog 1";"AHSA1";1;2;0,000119244712090122;1;1;1;1;0,000119682613878991;0,000118917554624059;"cytoplasm, cytosol, endoplasmic reticulum, extracellular vesicular exosome";0,000100857286938981
"194";194;"O95671";"O95671-1,O95671-2";"ASML_HUMAN";"N-acetylserotonin O-methyltransferase-like protein";"ASMTL";2;3;4,86771892348565e-05;2;1;2;1;6,51412616603848e-05;3,23624262986569e-05;"cytoplasm";0,000151285930408472
"197";197;"O95747";"O95747";"OXSR1_HUMAN";"Serine/threonine-protein kinase OSR1";"OXSR1";1;1;3,82397653571738e-05;NA;1;NA;1;NA;7,62697029657151e-05;"cytoplasm, extracellular vesicular exosome";5,04286434694907e-05
"211";211;"P00367";"P00367";"DHE3_HUMAN";"Glutamate dehydrogenase 1, mitochondrial";"GLUD1";6;10;0,000361153339484419;5;5;5;5;0,000362479601174722;0,000360162486226988;"mitochondrion, mitochondrial matrix, cytoplasm";0,000504286434694907
"212";212;"P00374";"P00374";"DYR_HUMAN";"Dihydrofolate reductase";"DHFR";2;2;0,000215533222922252;2;NA;2;NA;0,000432649449102662;NA;"cytosol, nucleoplasm";0,000100857286938981
"223";223;"P02545";"P02545-1,P02545-2,P02545-3";"LMNA_HUMAN";"Prelamin-A/C";"LMNA";1;2;2,12708940910425e-05;1;1;1;1;2,13764127515847e-05;2,11866667349791e-05;"lamin filament, cytosol, nuclear envelope, cytoplasm, nucleoplasm, perinuclear region of cytoplasm, nuclear speck, nucleus, nuclear lamina, intermediate filament";0,000100857286938981
"231";231;"P04004";"P04004";"VTNC_HUMAN";"Vitronectin";"VTN";2;3;0,000126479223911489;2;1;2;1;0,000169258257284933;8,40881453199411e-05;"extracellular vesicular exosome, alphav-beta3 integrin-vitronectin complex, extracellular region, extracellular matrix, extracellular space, blood microparticle, proteinaceous extracellular matrix";0,000151285930408472
"237";237;"P04259";"P04259";"K2C6B_HUMAN";"Keratin, type II cytoskeletal 6B";"KRT6B";0;0;0;0;0;0;0;0;0;"keratin filament, extracellular vesicular exosome";0
"239";239;"P04350";"P04350";"TBB4A_HUMAN";"Tubulin beta-4A chain";"TUBB4A";1;1;0,000269555064386884;1;0;1;0;0,000473209452315008;0;"nucleus, cytosol, neuronal cell body, microtubule, myelin sheath, internode region of axon, cilium";5,04286434694907e-05
"246";246;"P04908";"P04908,P0C0S8,P20671,Q16777,Q6FI13,Q7L7L0,Q93077,Q96KK5,Q99878,Q9BTM1-1";"H2A1_HUMAN, H2A1B_HUMAN, H2A1C_HUMAN, H2A1D_HUMAN, H2A1H_HUMAN, H2A1J_HUMAN, H2A2A_HUMAN, H2A2C_HUMAN, H2A3_HUMAN, H2AJ_HUMAN";"Histone H2A type 1, Histone H2A type 1-B/E, Histone H2A type 1-C, Histone H2A type 1-D, Histone H2A type 1-H, Histone H2A type 1-J, Histone H2A type 2-A, Histone H2A type 2-C, Histone H2A type 3, Histone H2A.J";"H2AFJ, HIST1H2AC, HIST1H2AD, HIST1H2AE,HIST1H2AB, HIST1H2AH, HIST1H2AJ, HIST1H2AK,HIST1H2AI,HIST1H2AG,HIST1H2AL,HIST1H2AM, HIST2H2AA4,HIST2H2AA3, HIST2H2AC, HIST3H2A";1;4;0,000124589529169896;1;1;2;2;0,000125047058705097;0,00012424770776795;"nucleus, nucleosome, extracellular vesicular exosome";0,000201714573877963
"250";250;"P05114";"P05114";"HMGN1_HUMAN";"Non-histone chromosomal protein HMG-14";"HMGN1";2;2;0,000403047126864612;NA;2;NA;2;NA;0,000803882669258637;"nucleus, chromatin, cytoplasm";0,000100857286938981
"253";253;"P05386";"P05386";"RLA1_HUMAN";"60S acidic ribosomal protein P1";"RPLP1";1;2;0,000514254707323269;1;1;1;1;0,00053227267751446;0,000493612165334251;"cytoplasm, cytosolic large ribosomal subunit, cytosol, extracellular vesicular exosome";0,000100857286938981
"259";259;"P06730";"P06730-1,P06730-2,P06730-3";"IF4E_HUMAN";"Eukaryotic translation initiation factor 4E";"EIF4E";2;5;0,00015478000263618;2;2;2;3;0,000124278720402762;0,000185226421488165;"chromatoid body, cytoplasmic mRNA processing body, RISC complex, mRNA cap binding complex, cytoplasmic stress granule, eukaryotic translation initiation factor 4F complex, extracellular vesicular exosome, cytoplasm, cytosol";0,000252143217347453
"262";262;"P06899";"P06899,P23527,P33778,Q16778";"H2B1B_HUMAN, H2B1J_HUMAN, H2B1O_HUMAN, H2B2E_HUMAN";"Histone H2B type 1-B, Histone H2B type 1-J, Histone H2B type 1-O, Histone H2B type 2-E";"HIST1H2BB, HIST1H2BJ, HIST1H2BO, HIST2H2BE";1;2;0,000262757480665705;1;1;1;1;0,000294298914287095;0,000239250794422213;"nucleoplasm, extracellular space, nucleus, nucleosome";0,000100857286938981
"265";265;"P07203";"P07203";"GPX1_HUMAN";"Glutathione peroxidase 1";"GPX1";1;1;9,92726913459635e-05;NA;1;NA;1;NA;0,000198000657452866;"nucleus, cytosol, mitochondrial matrix, cytoplasm, mitochondrion, extracellular vesicular exosome";5,04286434694907e-05
"268";268;"P07437";"P07437";"TBB5_HUMAN";"Tubulin beta chain";"TUBB";4;47;0,00527742422726434;4;4;21;26;0,00516656133013175;0,00539944193326995;"nucleus, microtubule, cytoplasmic ribonucleoprotein granule, cytosol, extracellular vesicular exosome, cell body, cytoskeleton, nuclear envelope lumen";0,00237014624306606
"275";275;"P08107";"P08107-1";"HSP71_HUMAN";"Heat shock 70 kDa protein 1A/1B";"HSPA1A,HSPA1B";3;5;0,000495481839720299;3;2;3;2;0,000532322500229984;0,000458983964357605;"nucleus, ribonucleoprotein complex, perinuclear region of cytoplasm, mitochondrion, inclusion body, cytoplasm, nuclear speck, vesicle, extracellular vesicular exosome, blood microparticle, cytosol, aggresome, centriole, endoplasmic reticulum";0,000252143217347453
"279";279;"P08243";"P08243";"ASNS_HUMAN";"Asparagine synthetase [glutamine-hydrolyzing]";"ASNS";1;1;3,59222038203754e-05;NA;1;NA;1;NA;7,16472967253687e-05;"cytosol";5,04286434694907e-05
"281";281;"P08559";"P08559-1,P08559-2,P08559-3,P08559-4";"ODPA_HUMAN";"Pyruvate dehydrogenase E1 component subunit alpha, somatic form, mitochondrial";"PDHA1";2;4;5,16727085723862e-05;2;2;2;2;5,18624660142294e-05;5,15309403370921e-05;"nucleus, pyruvate dehydrogenase complex, mitochondrial matrix, mitochondrion";0,000201714573877963
"284";284;"P08670";"P08670";"VIME_HUMAN";"Vimentin";"VIM";16;32;0,00151227852907323;14;16;14;18;0,00138314748417348;0,00163881660041997;"cell leading edge, cell projection, cytosol, extracellular vesicular exosome, intermediate filament, cytoplasm, cytoskeleton, peroxisome, intermediate filament cytoskeleton";0,0016137165910237
"289";289;"P09382";"P09382";"LEG1_HUMAN";"Galectin-1";"LGALS1";4;8;0,00119421370922848;4;3;5;3;0,00149824901818885;0,00089320296584293;"cell surface, extracellular space, cytoplasm, proteinaceous extracellular matrix, intracellular, nucleus, extracellular vesicular exosome";0,000403429147755925
"290";290;"P09429";"P09429";"HMGB1_HUMAN";"High mobility group protein B1";"HMGB1";7;14;0,00142635484734696;7;6;8;6;0,00163065241979624;0,00122366917942118;"nucleoplasm, extracellular region, cell surface, condensed chromosome, extracellular space, nucleus";0,000706001008572869
"295";295;"P0C0S5";"P0C0S5,Q71UI9-1,Q71UI9-2";"H2AV_HUMAN, H2AZ_HUMAN";"Histone H2A.V, Histone H2A.Z";"H2AFV, H2AFZ";1;2;0,000209920378575319;1;1;1;1;0,000210691268182807;0,000209344445119437;"nucleus, nuclear heterochromatin, nuclear euchromatin, nucleosome";0,000100857286938981
"302";302;"P10398";"P10398";"ARAF_HUMAN";"Serine/threonine-protein kinase A-Raf";"ARAF";1;2;9,31131976254879e-05;1;1;1;1;8,90048921696346e-05;9,94904293636927e-05;"mitochondrion";0,000100857286938981
"311";311;"P11172";"P11172-1";"UMPS_HUMAN";"Uridine 5'-monophosphate synthase";"UMPS";3;3;0,000125952227145191;3;NA;3;NA;0,000252829521819368;NA;"cytoplasm, cytosol, nucleus";0,000151285930408472
"312";312;"P11177";"P11177-1,P11177-2,P11177-3";"ODPB_HUMAN";"Pyruvate dehydrogenase E1 component subunit beta, mitochondrial";"PDHB";5;9;0,000168404092004713;5;4;5;4;0,000187802801722836;0,000149281832731409;"pyruvate dehydrogenase complex, mitochondrial matrix, nucleus, extracellular vesicular exosome";0,000453857791225416
"316";316;"P11310";"P11310-1,P11310-2";"ACADM_HUMAN";"Medium-chain specific acyl-CoA dehydrogenase, mitochondrial";"ACADM";4;6;0,000143603489381691;2;3;3;3;0,000144130843792514;0,000143209501649401;"extracellular vesicular exosome, nucleus, mitochondrion, axon, mitochondrial matrix";0,000302571860816944
"317";317;"P11441";"P11441";"UBL4A_HUMAN";"Ubiquitin-like protein 4A";"UBL4A";2;2;0,00025671791520039;NA;2;NA;2;NA;0,000512027177871743;"BAT3 complex, cytosol";0,000100857286938981
"321";321;"P12004";"P12004";"PCNA_HUMAN";"Proliferating cell nuclear antigen";"PCNA";1;2;0,000154424186538166;1;1;1;1;0,000154991277743674;0,000154000511352229;"nucleus, DNA replication factor C complex, extracellular vesicular exosome, PCNA-p21 complex, cytoplasm, nucleoplasm, centrosome, PCNA complex, nuclear replication fork";0,000100857286938981
"322";322;"P12036";"P12036-1,P12036-2";"NFH_HUMAN";"Neurofilament heavy polypeptide";"NEFH";1;1;1,01184375283514e-05;1;NA;1;NA;2,1028056395633e-05;NA;"mitochondrion, neurofilament, cytoplasm, neurofibrillary tangle, axon";5,04286434694907e-05
"327";327;"P12277";"P12277";"KCRB_HUMAN";"Creatine kinase B-type";"CKB";1;1;5,28933237355134e-05;1;NA;1;NA;0,000106175127273226;NA;"mitochondrion, cytosol, extracellular vesicular exosome";5,04286434694907e-05
"328";328;"P12694";"P12694";"ODBA_HUMAN";"2-oxoisovalerate dehydrogenase subunit alpha, mitochondrial";"BCKDHA";1;2;9,05723880594634e-05;1;1;1;1;9,09049966092111e-05;9,03238954223187e-05;"mitochondrial matrix, mitochondrial alpha-ketoglutarate dehydrogenase complex, mitochondrion";0,000100857286938981
"338";338;"P13667";"P13667";"PDIA4_HUMAN";"Protein disulfide-isomerase A4";"PDIA4";3;5;0,000156219816614191;2;3;2;3;0,000125434801522787;0,000186949457967125;"endoplasmic reticulum, melanosome, cell surface, endoplasmic reticulum lumen";0,000252143217347453
"341";341;"P13804";"P13804-1,P13804-2";"ETFA_HUMAN";"Electron transfer flavoprotein subunit alpha, mitochondrial";"ETFA";10;24;0,000726211039395697;10;8;14;10;0,000850357550863942;0,000603515517461439;"mitochondrion, extracellular vesicular exosome, mitochondrial matrix";0,00121028744326778
"344";344;"P14314";"P14314-1,P14314-2";"GLU2B_HUMAN";"Glucosidase 2 subunit beta";"PRKCSH";6;14;0,000267171390914042;6;6;7;7;0,000268152523141754;0,000266438384697465;"intracellular, endoplasmic reticulum lumen, endoplasmic reticulum";0,000706001008572869
"345";345;"P14406";"P14406";"CX7A2_HUMAN";"Cytochrome c oxidase subunit 7A2, mitochondrial";"COX7A2";1;4;0,000971197896059306;1;1;2;2;0,000974764421472263;0,000968533336456189;"mitochondrial respiratory chain, extracellular vesicular exosome";0,000201714573877963
"349";349;"P14678";"P14678-1,P14678-2,P14678-3,P63162";"RSMB_HUMAN, RSMN_HUMAN";"Small nuclear ribonucleoprotein-associated protein N, Small nuclear ribonucleoprotein-associated proteins B and B'";"SNRPB, SNRPN";3;5;0,000104960189287659;3;2;3;2;0,000126414760909684;8,37377780477746e-05;"histone pre-mRNA 3'end processing complex, U1 snRNP, spliceosomal complex, SMN-Sm protein complex, cytosol, nucleoplasm, small nuclear ribonucleoprotein complex, U12-type spliceosomal complex, catalytic step 2 spliceosome, extracellular vesicular exosome, methylosome, U4 snRNP, U7 snRNP";0,000252143217347453
"363";363;"P16403";"P16403";"H12_HUMAN";"Histone H1.2";"HIST1H1C";5;12;0,00113534401933694;5;5;5;7;0,000949594448147862;0,00132093396357053;"nuclear euchromatin, nucleosome, nucleus";0,000605143721633888
"366";366;"P17066";"P17066";"HSP76_HUMAN";"Heat shock 70 kDa protein 6";"HSPA6";0;0;0;0;0;0;0;0;0;"blood microparticle, centriole, cytosol, extracellular vesicular exosome, cytoplasm";0
"374";374;"P17987";"P17987";"TCPA_HUMAN";"T-complex protein 1 subunit alpha";"TCP1";9;16;0,000579923923546204;6;8;6;10;0,000436540181558622;0,000722916069477191;"nuclear heterochromatin, extracellular vesicular exosome, chaperonin-containing T-complex, cytosol, pericentriolar material, Golgi apparatus, acrosomal vesicle, centrosome, microtubule, cell body, zona pellucida receptor complex";0,000806858295511851
"381";381;"P18621";"P18621";"RL17_HUMAN";"60S ribosomal protein L17";"RPL17";4;9;0,000985713082005845;4;4;4;5;0,000879407032415194;0,00109223188757967;"nucleus, cytosolic large ribosomal subunit, cytosol";0,000453857791225416
"388";388;"P20231";"P20231,Q15661-1,Q15661-2";"TRYB1_HUMAN, TRYB2_HUMAN";"Tryptase alpha/beta-1, Tryptase beta-2";"TPSAB1, TPSB2";4;13;0,000317552281772119;3;4;7;6;0,000343235229621446;0,000292320970639504;"extracellular region";0,000655572365103379
"397";397;"P20794";"P20794-1,P20794-2,P20794-3";"MAK_HUMAN";"Serine/threonine-protein kinase MAK";"MAK";1;1;1,13215485074329e-05;1;0;1;0;2,27262491523028e-05;0;"midbody, mitotic spindle, centrosome, photoreceptor inner segment, cytoplasm, photoreceptor outer segment, nucleus";5,04286434694907e-05
"405";405;"P22314";"P22314";"UBA1_HUMAN";"Ubiquitin-like modifier-activating enzyme 1";"UBA1";5;8;0,00015238076630042;2;5;2;6;7,6470176731756e-05;0,000227944046103583;"extracellular vesicular exosome, cytoplasm, cytosol, nucleus, mitochondrion";0,000403429147755925
"408";408;"P23193";"P23193-1,P23193-2";"TCEA1_HUMAN";"Transcription elongation factor A protein 1";"TCEA1";2;4;0,000133902699955021;2;2;2;2;0,000134394430202986;0,000133535327119375;"nucleus, nucleoplasm, nucleolus";0,000201714573877963
"410";410;"P23246";"P23246-1";"SFPQ_HUMAN";"Splicing factor, proline- and glutamine-rich";"SFPQ";6;14;0,000399056561252091;6;6;7;7;0,000400522014763356;0,000397961717454771;"paraspeckles, nucleoplasm, nucleus, cytoplasm, nuclear matrix";0,000706001008572869
"418";418;"P24534";"P24534";"EF1B_HUMAN";"Elongation factor 1-beta";"EEF1B2";1;2;0,000179132056384272;1;1;1;1;0,000179789882182662;0,000178640593168586;"eukaryotic translation elongation factor 1 complex, cytosol";0,000100857286938981
"427";427;"P26368";"P26368-1,P26368-2";"U2AF2_HUMAN";"Splicing factor U2AF 65 kDa subunit";"U2AF2";3;6;0,000127278040062509;3;3;3;3;0,00012774544260347;0,000126928842514522;"nucleus, nucleoplasm, spliceosomal complex, nuclear speck";0,000302571860816944
"429";429;"P26583";"P26583";"HMGB2_HUMAN";"High mobility group protein B2";"HMGB2";4;9;0,000943266107182626;4;4;4;5;0,000838732703962179;0,00104899869846712;"nucleoplasm, perinuclear region of cytoplasm, protein complex, cytoplasm, nucleus, condensed chromosome, extracellular space";0,000453857791225416
"431";431;"P26639";"P26639";"SYTC_HUMAN";"Threonine--tRNA ligase, cytoplasmic";"TARS";1;1;2,78732452880091e-05;NA;1;NA;1;NA;5,55935455918836e-05;"actin cytoskeleton, cytosol, cytoplasm, extracellular vesicular exosome";5,04286434694907e-05
"432";432;"P26640";"P26640";"SYVC_HUMAN";"Valine--tRNA ligase";"VARS";5;6;9,56599193507782e-05;2;4;2;4;6,40074738783211e-05;0,000127196624882696;"mitochondrion, cytosol";0,000302571860816944
"440";440;"P27694";"P27694";"RFA1_HUMAN";"Replication protein A 70 kDa DNA-binding subunit";"RPA1";1;1;3,27148641935562e-05;NA;1;NA;1;NA;6,52502166606036e-05;"cytoplasm, actin cytoskeleton, PML body, lateral element, DNA replication factor A complex, male germ cell nucleus, nucleoplasm, nucleus";5,04286434694907e-05
"445";445;"P28066";"P28066";"PSA5_HUMAN";"Proteasome subunit alpha type-5";"PSMA5";1;1;8,36197358640274e-05;1;NA;1;NA;0,000167853624444394;NA;"extracellular vesicular exosome, nucleus, proteasome core complex, cytoplasm, proteasome complex, nucleoplasm, proteasome core complex, alpha-subunit complex, cytosol";5,04286434694907e-05
"449";449;"P28838";"P28838-1,P28838-2";"AMPL_HUMAN";"Cytosol aminopeptidase";"LAP3";2;2;3,88292029734694e-05;NA;2;NA;2;NA;7,74453438592136e-05;"nucleus, trans-Golgi network, mitochondrion, cytoplasm, extracellular vesicular exosome";0,000100857286938981
"450";450;"P29692";"P29692-1,P29692-2,P29692-3";"EF1D_HUMAN";"Elongation factor 1-delta";"EEF1D";1;1;2,39055235388263e-05;NA;1;NA;1;NA;4,76798736215087e-05;"nucleolus, nucleus, cytosol, eukaryotic translation elongation factor 1 complex, cytoplasm";5,04286434694907e-05
"452";452;"P30038";"P30038-1";"AL4A1_HUMAN";"Delta-1-pyrroline-5-carboxylate dehydrogenase, mitochondrial";"ALDH4A1";6;9;0,000322151344740809;4;5;4;5;0,000287408337414557;0,000356963885105967;"mitochondrial matrix";0,000453857791225416
"455";455;"P30101";"P30101";"PDIA3_HUMAN";"Protein disulfide-isomerase A3";"PDIA3";7;11;0,0004389622173773;4;6;5;6;0,000400522014763356;0,000477554060945725;"melanosome, endoplasmic reticulum, endoplasmic reticulum lumen, extracellular vesicular exosome, nucleus, cell surface";0,000554715078164397
"477";477;"P31483";"P31483-1";"TIA1_HUMAN";"Nucleolysin TIA-1 isoform p40";"TIA1";1;1;7,30914478770022e-05;0;1;0;1;NA;0,000130162349297059;"nuclear stress granule, cytoplasmic stress granule";5,04286434694907e-05
"482";482;"P31942";"P31942-1,P31942-2";"HNRH3_HUMAN";"Heterogeneous nuclear ribonucleoprotein H3";"HNRNPH3";3;7;0,000203853315610714;3;3;3;4;0,000175373078718637;0,000232336031577641;"nucleus, spliceosomal complex";0,000353000504286435
"485";485;"P31948";"P31948";"STIP1_HUMAN";"Stress-induced-phosphoprotein 1";"STIP1";1;2;7,42259902144774e-05;1;1;1;1;7,44985699651914e-05;7,40223452356019e-05;"nucleus, Golgi apparatus";0,000100857286938981
"487";487;"P32322";"P32322-1";"P5CR1_HUMAN";"Pyrroline-5-carboxylate reductase 1, mitochondrial";"PYCR1";4;7;0,000442214715995656;4;3;4;3;0,00050724418170657;0,00037800125513729;"mitochondrion, mitochondrial matrix";0,000353000504286435
"497";497;"P34931";"P34931";"HS71L_HUMAN";"Heat shock 70 kDa protein 1-like";"HSPA1L";0;0;0;0;0;0;0;0;0;"blood microparticle, mitochondrial matrix, zona pellucida receptor complex, cytosol, cell body";0
"499";499;"P35237";"P35237";"SPB6_HUMAN";"Serpin B6";"SERPINB6";1;2;0,000107193384804418;1;1;1;1;0,000107587030561433;0,000106899291124819;"protein complex, extracellular space, cytosol, extracellular vesicular exosome, cytoplasm";0,000100857286938981
"500";500;"P35249";"P35249";"RFC4_HUMAN";"Replication factor C subunit 4";"RFC4";1;2;0,000111032266353888;1;1;1;1;0,000111440009617352;0,000110727640393752;"DNA replication factor C complex, nucleoplasm";0,000100857286938981
"501";501;"P35268";"P35268";"RL22_HUMAN";"60S ribosomal protein L22";"RPL22";1;2;0,000314880567862978;1;1;1;1;0,00031603690227421;0,000314016667679155;"cytoplasm, nucleus, cytosol, cytosolic large ribosomal subunit, extracellular vesicular exosome, ribonucleoprotein complex";0,000100857286938981
"504";504;"P35606";"P35606";"COPB2_HUMAN";"Coatomer subunit beta'";"COPB2";5;9;0,000200188970296993;5;3;6;3;0,00026789883106688;0,000133093157162026;"cytosol, COPI vesicle coat";0,000453857791225416
"508";508;"P35637";"P35637-1,P35637-2";"FUS_HUMAN";"RNA-binding protein FUS";"FUS";3;5;9,57811613271416e-05;2;3;2;3;7,69063184241425e-05;0,000114622053601517;"nucleoplasm, cytoplasm, nucleus";0,000252143217347453
"510";510;"P35659";"P35659-1";"DEK_HUMAN";"Protein DEK";"DEK";2;2;0,000107479233830563;NA;2;NA;2;NA;0,000214368711802303;"nucleus";0,000100857286938981
"518";518;"P37108";"P37108";"SRP14_HUMAN";"Signal recognition particle 14 kDa protein";"SRP14";1;2;0,000296358181518097;1;1;1;1;0,00029744649625808;0,000295545098992146;"nucleus, extracellular vesicular exosome, intercellular bridge, signal recognition particle, endoplasmic reticulum targeting, cytosol, nucleolus, cytoplasm";0,000100857286938981
"519";519;"P37235";"P37235,P61601,P84074";"HPCA_HUMAN, HPCL1_HUMAN, NCALD_HUMAN";"Hippocalcin-like protein 1, Neurocalcin-delta, Neuron-specific calcium-binding protein hippocalcin";"HPCA, HPCAL1, NCALD";1;2;6,96109027400021e-05;1;1;1;1;6,98665345269412e-05;6,94199196250982e-05;"extracellular vesicular exosome";0,000100857286938981
"522";522;"P37802";"P37802";"TAGL2_HUMAN";"Transgelin-2";"TAGLN2";2;3;0,000303804366983376;1;2;1;2;0,000203280017543211;0,000403961140330973;"extracellular vesicular exosome, vesicle";0,000151285930408472
"525";525;"P38646";"P38646";"GRP75_HUMAN";"Stress-70 protein, mitochondrial";"HSPA9";16;24;0,000712307146152481;12;11;13;11;0,000774499860654324;0,000651156801314065;"extracellular vesicular exosome, mitochondrial nucleoid, cytoplasm, nucleolus, mitochondrion";0,00121028744326778
"527";527;"P39023";"P39023";"RL3_HUMAN";"60S ribosomal protein L3";"RPL3";9;19;0,000950111093105165;8;9;10;9;0,00100378966479154;0,000897635734904185;"cytosol, extracellular vesicular exosome, nucleus, cytosolic large ribosomal subunit, nucleolus, cytoplasm";0,000958144225920323
"531";531;"P40227";"P40227";"TCPZ_HUMAN";"T-complex protein 1 subunit zeta";"CCT6A";9;14;0,000531323896055044;5;8;6;8;0,000457092920803378;0,000605561332774868;"microtubule, chaperonin-containing T-complex, cytoplasm, zona pellucida receptor complex, acrosomal vesicle, extracellular vesicular exosome, cell body, cytosol";0,000706001008572869
"535";535;"P40938";"P40938";"RFC3_HUMAN";"Replication factor C subunit 3";"RFC3";5;10;0,000566077425371646;5;5;5;5;0,000568156228807569;0,000564524346389492;"DNA replication factor C complex, nucleoplasm";0,000504286434694907
"538";538;"P41250";"P41250";"SYG_HUMAN";"Glycine--tRNA ligase";"GARS";1;1;2,72697650111375e-05;1;NA;1;NA;5,47398152788889e-05;NA;"mitochondrial matrix, extracellular vesicular exosome, secretory granule, nucleus, cytosol, cytoplasm";5,04286434694907e-05
"544";544;"P42224";"P42224-1";"STAT1_HUMAN";"Signal transducer and activator of transcription 1-alpha/beta";"STAT1";9;16;0,000429916935322253;8;8;8;8;0,000431495717238389;0,000428737423604606;"cytosol, cytoplasm, nucleus, nucleolus, nucleoplasm, nuclear chromatin, dendrite, axon";0,000806858295511851
"547";547;"P42677";"P42677";"RS27_HUMAN";"40S ribosomal protein S27";"RPS27";3;8;0,00191927203268863;3;3;3;5;0,0014447401246821;0,00239250794422213;"cytosol, cytosolic small ribosomal subunit, ribosome, nucleus";0,000403429147755925
"556";556;"P43487";"P43487";"RANG_HUMAN";"Ran-specific GTPase-activating protein";"RANBP1";2;4;0,000401041917278221;2;2;2;2;0,000402514661602974;0,000399941626496834;"centrosome, cytoplasm, nucleus, nuclear envelope";0,000201714573877963
"557";557;"P43490";"P43490";"NAMPT_HUMAN";"Nicotinamide phosphoribosyltransferase";"NAMPT";5;8;0,000328347964859154;2;5;2;6;0,00016477687776415;0,000491170673681448;"nucleus, cytosol, extracellular space, extracellular vesicular exosome";0,000403429147755925
"559";559;"P45954";"P45954";"ACDSB_HUMAN";"Short/branched chain specific acyl-CoA dehydrogenase, mitochondrial";"ACADSB";3;6;0,000279893838100425;2;2;4;2;0,000374562254547212;0,000186083951217277;"mitochondrion, extracellular vesicular exosome, mitochondrial matrix";0,000302571860816944
"560";560;"P46379";"P46379-1,P46379-2,P46379-3";"BAG6_HUMAN";"Large proline-rich protein BAG6";"BAG6";9;18;0,000106814609593095;8;7;10;8;0,000119118738195227;9,46858267678017e-05;"nucleus, BAT3 complex, cytosol";0,000907715582450832
"570";570;"P47897";"P47897";"SYQ_HUMAN";"Glutamine--tRNA ligase";"QARS";1;1;2,60030404428782e-05;NA;1;NA;1;NA;5,18633980166862e-05;"mitochondrial matrix, cytosol, cytoplasm";5,04286434694907e-05
"575";575;"P48556";"P48556";"PSMD8_HUMAN";"26S proteasome non-ATPase regulatory subunit 8";"PSMD8";2;2;0,000115156321961318;2;NA;2;NA;0,000231158419949137;NA;"proteasome complex, nucleus, nucleoplasm, cytosol, extracellular vesicular exosome, proteasome accessory complex, proteasome regulatory particle";0,000100857286938981
"576";576;"P48643";"P48643";"TCPE_HUMAN";"T-complex protein 1 subunit epsilon";"CCT5";2;4;0,000149000786271576;2;2;2;2;0,000149547961150088;0,00014859199062082;"zona pellucida receptor complex, chaperonin-containing T-complex, nucleolus, extracellular vesicular exosome, cytoplasm, centrosome, microtubule, cytosol, cell body";0,000201714573877963
"583";583;"P49207";"P49207";"RL34_HUMAN";"60S ribosomal protein L34";"RPL34";3;6;0,00103345417144772;3;3;3;3;0,00103724932028459;0,00103061880674184;"nucleolus, cytoplasm, cytosol, extracellular vesicular exosome, cytosolic large ribosomal subunit";0,000302571860816944
"585";585;"P49321";"P49321-1,P49321-2,P49321-3";"NASP_HUMAN";"Nuclear autoantigenic sperm protein";"NASP";2;2;1,70493708487569e-05;NA;2;NA;2;NA;3,40051890549339e-05;"protein complex, nuclear chromatin, nucleus, cytoplasm";0,000100857286938981
"590";590;"P49736";"P49736";"MCM2_HUMAN";"DNA replication licensing factor MCM2";"MCM2";1;1;2,22924295832197e-05;NA;1;NA;1;NA;4,44625370165175e-05;"nucleus, nucleoplasm, cytoplasm, microtubule cytoskeleton, chromatin, MCM complex, nuclear origin of replication recognition complex";5,04286434694907e-05
"594";594;"P49770";"P49770";"EI2BB_HUMAN";"Translation initiation factor eIF-2B subunit beta";"EIF2B2";3;4;0,000229656482543938;2;2;2;2;0,000230499848952131;0,000229026401498187;"eukaryotic translation initiation factor 2B complex, cytosol, cytoplasm";0,000201714573877963
"601";601;"P50213";"P50213-1";"IDH3A_HUMAN";"Isocitrate dehydrogenase [NAD] subunit alpha, mitochondrial";"IDH3A";5;11;0,000605671911955018;5;4;6;5;0,000663159401493425;0,000549100183919834;"mitochondrial matrix, nucleus, mitochondrion";0,000554715078164397
"606";606;"P50454";"P50454";"SERPH_HUMAN";"Serpin H1";"SERPINH1";5;8;0,000385691030492452;3;5;3;5;0,000290330551371523;0,000480791070130764;"endoplasmic reticulum-Golgi intermediate compartment, endoplasmic reticulum, endoplasmic reticulum lumen, extracellular vesicular exosome, extracellular space";0,000403429147755925
"607";607;"P50502";"P50502,Q8IZP2,Q8NFI4";"F10A1_HUMAN, F10A5_HUMAN, ST134_HUMAN";"Hsc70-interacting protein, Putative protein FAM10A4, Putative protein FAM10A5";"ST13, ST13P4, ST13P5";2;6;0,00012363408799528;2;2;3;3;0,000124088108868402;0,000123294887923104;"cytosol, cytoplasm, protein complex, extracellular vesicular exosome";0,000302571860816944
"616";616;"P50990";"P50990";"TCPQ_HUMAN";"T-complex protein 1 subunit theta";"CCT8";7;12;0,000441292474669283;7;5;7;5;0,000516731869411848;0,000366734794369816;"zona pellucida receptor complex, aggresome, microtubule, cytosol, cell body, centrosome, intermediate filament cytoskeleton, cytoplasm, chaperonin-containing T-complex, extracellular vesicular exosome";0,000605143721633888
"617";617;"P50991";"P50991";"TCPD_HUMAN";"T-complex protein 1 subunit delta";"CCT4";6;13;0,000486049410875692;6;5;7;6;0,000525360045338947;0,000447430057101282;"zona pellucida receptor complex, nucleus, melanosome, centrosome, extracellular vesicular exosome, cytosol, microtubule, cytoplasm, cell body, chaperonin-containing T-complex";0,000655572365103379
"623";623;"P51553";"P51553";"IDH3G_HUMAN";"Isocitrate dehydrogenase [NAD] subunit gamma, mitochondrial";"IDH3G";3;5;0,000256391302076725;2;3;2;3;0,000205866277308392;0,000306825446281922;"nucleus, nucleolus, mitochondrion, mitochondrial matrix";0,000252143217347453
"633";633;"P51817";"P51817";"PRKX_HUMAN";"cAMP-dependent protein kinase catalytic subunit PRKX";"PRKX";1;3;0,000168874494496346;1;1;1;2;0,000112996434332679;0,000224548231636491;"cytoplasm, nucleus";0,000151285930408472
"635";635;"P51991";"P51991-1,P51991-2";"ROA3_HUMAN";"Heterogeneous nuclear ribonucleoprotein A3";"HNRNPA3";3;8;0,000213252448076514;3;3;4;4;0,000214035574026978;0,000212667372819745;"ribonucleoprotein complex, nucleoplasm, nucleus, catalytic step 2 spliceosome";0,000403429147755925
"642";642;"P52815";"P52815";"RM12_HUMAN";"39S ribosomal protein L12, mitochondrial";"MRPL12";2;2;0,000203559154982127;NA;2;NA;2;NA;0,000406001348110423;"mitochondrion, mitochondrial large ribosomal subunit";0,000100857286938981
"649";649;"P53999";"P53999";"TCP4_HUMAN";"Activated RNA polymerase II transcriptional coactivator p15";"SUB1";6;12;0,00190415965447848;6;6;6;6;0,00191115229091806;0,00189893543919363;"nucleolus, nucleus, extracellular vesicular exosome, transcription factor complex";0,000605143721633888
"651";651;"P54577";"P54577";"SYYC_HUMAN";"Tyrosine--tRNA ligase, cytoplasmic";"YARS";12;23;0,000877848855860424;11;10;12;11;0,000919380079343158;0,000837377780477746;"cytosol, cytoplasm, nucleus, extracellular space";0,00115985879979829
"678";678;"P58004";"P58004";"SESN2_HUMAN";"Sestrin-2";"SESN2";2;4;0,000167936302860255;2;2;2;2;0,000168553014546246;0,000167475556095549;"cytoplasm, nucleus";0,000201714573877963
"681";681;"P60174";"P60174-1,P60174-3";"TPIS_HUMAN";"Triosephosphate isomerase";"TPI1";3;6;0,000211388353250671;3;3;3;3;0,000212164633694575;0,000210808392288104;"cytosol, extracellular space, extracellular vesicular exosome, nucleus";0,000302571860816944
"684";684;"P60604";"P60604";"UB2G2_HUMAN";"Ubiquitin-conjugating enzyme E2 G2";"UBE2G2";2;2;0,000244270985978553;2;NA;2;NA;0,000490336042316351;NA;"endoplasmic reticulum, cytosol";0,000100857286938981
"697";697;"P61163";"P61163";"ACTZ_HUMAN";"Alpha-centractin";"ACTR1A";3;5;0,000267983462011045;3;2;3;2;0,0003227610916843;0,000213798582249637;"extracellular vesicular exosome, centrosome, dynactin complex, microtubule associated complex, cytosol, cytoplasm";0,000252143217347453
"702";702;"P61247";"P61247";"RS3A_HUMAN";"40S ribosomal protein S3a";"RPS3A";9;19;0,00145035897924766;9;8;10;9;0,0015323001322386;0,00137025454987268;"nucleolus, cytosolic small ribosomal subunit, ribonucleoprotein complex, extracellular vesicular exosome, cytoplasm, nucleus, cytosol";0,000958144225920323
"705";705;"P61313";"P61313";"RL15_HUMAN";"60S ribosomal protein L15";"RPL15";8;18;0,00177814908910858;6;8;8;10;0,00158638131337643;0,00197030065994764;"ribosome, cytosolic large ribosomal subunit, nucleus, extracellular vesicular exosome, cytosol";0,000907715582450832
"708";708;"P61513";"P61513";"RL37A_HUMAN";"60S ribosomal protein L37a";"RPL37A";1;2;0,000438094703113709;1;1;1;1;0,000439703516207597;0,000436892755031868;"nucleus, extracellular vesicular exosome, cytosol, cytosolic large ribosomal subunit";0,000100857286938981
"717";717;"P62136";"P62136-1,P62136-2";"PP1A_HUMAN";"Serine/threonine-protein phosphatase PP1-alpha catalytic subunit";"PPP1CA";2;3;0,000146562591587132;2;1;2;1;0,000163445347438784;0,000121800404433127;"extracellular vesicular exosome, dendritic spine, cytoplasm, perikaryon, cytosol, protein phosphatase type 1 complex, nucleus, nucleolus, glycogen granule, MLL5-L complex, PTW/PP1 phosphatase complex";0,000151285930408472
"726";726;"P62273";"P62273-1,P62273-2";"RS29_HUMAN";"40S ribosomal protein S29";"RPS29";1;3;0,000539795259193677;1;1;2;1;0,000722370062341052;0,00035887619163332;"small ribosomal subunit, cytoplasm, cytosol, extracellular vesicular exosome, cytosolic small ribosomal subunit";0,000151285930408472
"728";728;"P62304";"P62304";"RUXE_HUMAN";"Small nuclear ribonucleoprotein E";"SNRPE";1;1;0,000219047351556854;NA;1;NA;1;NA;0,000436892755031868;"U7 snRNP, U12-type spliceosomal complex, U4 snRNP, small nuclear ribonucleoprotein complex, U1 snRNP, pICln-Sm protein complex, extracellular vesicular exosome, spliceosomal complex, nucleus, SMN-Sm protein complex, nucleoplasm, methylosome, cytosol, catalytic step 2 spliceosome";5,04286434694907e-05
"729";729;"P62306";"P62306";"RUXF_HUMAN";"Small nuclear ribonucleoprotein F";"SNRPF";1;1;0,000234329724921286;NA;1;NA;1;NA;0,000467373644917812;"cytosol, nucleoplasm, U1 snRNP, methylosome, small nuclear ribonucleoprotein complex, U12-type spliceosomal complex, U7 snRNP, spliceosomal complex, SMN-Sm protein complex, U4 snRNP, pICln-Sm protein complex, catalytic step 2 spliceosome";5,04286434694907e-05
"734";734;"P62714";"P62714,P67775-1";"PP2AA_HUMAN, PP2AB_HUMAN";"Serine/threonine-protein phosphatase 2A catalytic subunit alpha isoform, Serine/threonine-protein phosphatase 2A catalytic subunit beta isoform";"PPP2CA, PPP2CB";4;7;0,00022826293592656;3;4;3;4;0,000196372444131548;0,000260156203643572;"cytosol, chromosome, centromeric region, extracellular vesicular exosome, spindle pole, protein phosphatase type 2A complex, nucleus";0,000353000504286435
"736";736;"P62750";"P62750";"RL23A_HUMAN";"60S ribosomal protein L23a";"RPL23A";6;11;0,00142099948574062;6;5;6;5;0,00155587398042688;0,0012882735084273;"extracellular vesicular exosome, cytosol, cytosolic large ribosomal subunit, nucleus";0,000554715078164397
"744";744;"P62851";"P62851";"RS25_HUMAN";"40S ribosomal protein S25";"RPS25";3;5;0,000806094253729224;3;2;3;2;0,000970865363786374;0,000643106135406909;"small ribosomal subunit, nucleus, nucleolus, extracellular vesicular exosome, cytosol, cytoplasm, cytosolic small ribosomal subunit, ribosome";0,000252143217347453
"746";746;"P62857";"P62857";"RS28_HUMAN";"40S ribosomal protein S28";"RPS28";2;4;0,00116825254163656;2;2;2;2;0,00117254270988693;0,00116504734675165;"cytoplasm, small ribosomal subunit, cytosol, extracellular vesicular exosome, cytosolic small ribosomal subunit";0,000201714573877963
"760";760;"P63173";"P63173";"RL38_HUMAN";"60S ribosomal protein L38";"RPL38";3;7;0,00217025376004022;3;3;3;4;0,00173368814961853;0,00267960889752879;"cytosol, cytosolic large ribosomal subunit, eukaryotic 80S initiation complex";0,000353000504286435
"762";762;"P63220";"P63220";"RS21_HUMAN";"40S ribosomal protein S21";"RPS21";1;1;0,000242799474014827;1;NA;1;NA;0,000487382210736132;NA;"small ribosomal subunit, cytosol, cytosolic small ribosomal subunit, cytoplasm";5,04286434694907e-05
"764";764;"P63244";"P63244";"GBLP_HUMAN";"Guanine nucleotide-binding protein subunit beta-2-like 1";"GNB2L1";4;7;0,00044500471420383;3;4;3;4;0,00038283334534163;0,000507181494800402;"small ribosomal subunit, extracellular vesicular exosome, midbody, cytoskeleton, neuronal cell body, dendrite, perikaryon, cytosol, nucleus, phagocytic cup, mitochondrion, cytoplasm, perinuclear region of cytoplasm";0,000353000504286435
"769";769;"P68363";"P68363";"TBA1B_HUMAN";"Tubulin alpha-1B chain";"TUBA1B";1;2;0,00166880464671205;1;1;1;1;0,00185221450131085;0,00152101968462831;"microtubule, extracellular vesicular exosome, cytoplasmic microtubule, cytoplasm";0,000100857286938981
"770";770;"P68366";"P68366";"TBA4A_HUMAN";"Tubulin alpha-4A chain";"TUBA4A";2;5;0,00245686033675814;2;2;2;3;0,00228449532215358;0,00257493667496907;"cytosol, extracellular region, extracellular vesicular exosome, microtubule";0,000252143217347453
"771";771;"P68371";"P68371";"TBB4B_HUMAN";"Tubulin beta-4B chain";"TUBB4B";1;2;0,000482844840831588;1;1;1;1;0,000414297426081472;0,000645920231014134;"extracellular vesicular exosome, nucleus, cytosol, microtubule, cytoskeleton";0,000100857286938981
"778";778;"P78371";"P78371-1,P78371-2";"TCPB_HUMAN";"T-complex protein 1 subunit beta";"CCT2";7;12;0,000226007734690437;6;5;7;5;0,000264643985455787;0,000187823053565102;"cell body, cytosol, zona pellucida receptor complex, extracellular vesicular exosome, chaperonin-containing T-complex, microtubule";0,000605143721633888
"781";781;"P82921";"P82921";"RT21_HUMAN";"28S ribosomal protein S21, mitochondrial";"MRPS21";1;1;0,000231636279807248;1;NA;1;NA;0,000464973833231022;NA;"mitochondrial small ribosomal subunit";5,04286434694907e-05
"782";782;"P82932";"P82932";"RT06_HUMAN";"28S ribosomal protein S6, mitochondrial";"MRPS6";1;2;0,00032243770149169;1;1;1;1;0,000323621787928791;0,000321553067703455;"small ribosomal subunit, mitochondrion";0,000100857286938981
"795";795;"Q01081";"Q01081-1,Q01081-2,Q01081-4";"U2AF1_HUMAN";"Splicing factor U2AF 35 kDa subunit";"U2AF1";1;1;2,79893838100425e-05;NA;1;NA;1;NA;5,58251853651831e-05;"catalytic step 2 spliceosome, nucleoplasm, spliceosomal complex, Cajal body, nuclear speck, nucleus";5,04286434694907e-05
"796";796;"Q01085";"Q01085-2";"TIAR_HUMAN";"Nucleolysin TIAR";"TIAL1";2;4;0,000300941854725577;1;2;1;3;0,000215747858619194;0,000401941334629318;"extracellular vesicular exosome, lysosome, nucleus, cytoplasmic stress granule, cytoplasm";0,000201714573877963
"797";797;"Q01130";"Q01130";"SRSF2_HUMAN";"Serine/arginine-rich splicing factor 2";"SRSF2";2;2;0,000182374265549598;NA;2;NA;2;NA;0,00036374781414418;"nucleus, nucleoplasm, extracellular vesicular exosome, nuclear speck";0,000100857286938981
"801";801;"Q02083";"Q02083-1,Q02083-2";"NAAA_HUMAN";"N-acylethanolamine-hydrolyzing acid amidase";"NAAA";5;9;0,000252606138007069;4;4;4;5;0,000225363362067404;0,000279903436371392;"extracellular vesicular exosome, lysosome, cytoplasm";0,000453857791225416
"806";806;"Q02880";"Q02880-1,Q02880-2";"TOP2B_HUMAN";"DNA topoisomerase 2-beta";"TOP2B";1;1;7,96745770027567e-06;1;0;1;0;1,5549171083602e-05;NA;"nucleus, nucleoplasm, cytosol, cytoplasm, DNA topoisomerase complex (ATP-hydrolyzing)";5,04286434694907e-05
"813";813;"Q04837";"Q04837";"SSBP_HUMAN";"Single-stranded DNA-binding protein, mitochondrial";"SSBP1";2;5;0,000680822849433466;2;2;2;3;0,000546658425555391;0,000814745948572943;"mitochondrial nucleoid, extracellular vesicular exosome, mitochondrion, nucleus";0,000252143217347453
"816";816;"Q05086";"Q05086-1,Q05086-2,Q05086-3";"UBE3A_HUMAN";"Ubiquitin-protein ligase E3A";"UBE3A";3;4;3,07083525230181e-05;2;2;2;2;3,08211226598849e-05;3,06241016860433e-05;"proteasome complex, cytoplasm, cytosol, nucleus";0,000201714573877963
"820";820;"Q06547";"Q06547-1,Q06547-2,Q06547-3,Q06547-4";"GABP1_HUMAN";"GA-binding protein subunit beta-1";"GABPB1";1;1;1,27546559134371e-05;1;NA;1;NA;2,56029895513284e-05;NA;"nucleus";5,04286434694907e-05
"821";821;"Q06830";"Q06830";"PRDX1_HUMAN";"Peroxiredoxin-1";"PRDX1";6;12;0,0012152174679335;5;6;6;6;0,00121968010525926;0,00121188342099292;"extracellular vesicular exosome, nuclear euchromatin, cytoplasm, peroxisomal matrix, melanosome, extracellular space, nucleus, cytosol, mitochondrial matrix, nucleolus";0,000605143721633888
"827";827;"Q07955";"Q07955-1";"SRSF1_HUMAN";"Serine/arginine-rich splicing factor 1";"SRSF1";5;7;0,00056881650968796;5;2;5;2;0,000815579102643124;0,000324146237604289;"nuclear speck, cytoplasm, nucleoplasm, extracellular vesicular exosome, catalytic step 2 spliceosome, nucleus";0,000353000504286435
"839";839;"Q12768";"Q12768";"STRUM_HUMAN";"WASH complex subunit strumpellin";"KIAA0196";2;4;6,95508415642126e-05;2;2;2;2;6,98062527887816e-05;6,9360023231979e-05;"cytosol, WASH complex, endoplasmic reticulum, endosome";0,000201714573877963
"840";840;"Q12769";"Q12769-1";"NU160_HUMAN";"Nuclear pore complex protein Nup160";"NUP160";5;7;9,82357203360823e-05;4;3;4;3;0,000112681681033702;8,39710309114175e-05;"cytosol, nuclear envelope, nuclear pore outer ring, nuclear pore";0,000353000504286435
"851";851;"Q13144";"Q13144";"EI2BE_HUMAN";"Translation initiation factor eIF-2B subunit epsilon";"EIF2B5";6;11;0,000307456199411285;5;6;5;6;0,000280532063045069;0,000334486547541735;"nucleus, eukaryotic translation initiation factor 2B complex, cytosol, cytoplasm";0,000554715078164397
"852";852;"Q13148";"Q13148-1,Q13148-2";"TADBP_HUMAN";"TAR DNA-binding protein 43";"TARDBP";7;17;0,00041375610849628;7;6;9;8;0,000439703516207597;0,000388349115583882;"nucleus";0,000857286938981341
"853";853;"Q13151";"Q13151";"ROA0_HUMAN";"Heterogeneous nuclear ribonucleoprotein A0";"HNRNPA0";2;5;0,00033036649743001;1;2;2;3;0,00026526376059737;0,00039535213242228;"nucleoplasm, ribonucleoprotein complex, nucleus";0,000252143217347453
"857";857;"Q13257";"Q13257";"MD2L1_HUMAN";"Mitotic spindle assembly checkpoint protein MAD2A";"MAD2L1";4;6;0,00058982506370431;3;3;3;3;0,000591991075479497;0,000588206831164856;"nucleus, cytosol, condensed chromosome kinetochore, kinetochore, perinuclear region of cytoplasm, spindle pole, mitotic spindle";0,000302571860816944
"858";858;"Q13263";"Q13263-1,Q13263-2";"TIF1B_HUMAN";"Transcription intermediary factor 1-beta";"TRIM28";6;11;0,000132740071721878;5;6;5;6;0,000121115938596105;0,000144410060345863;"nuclear euchromatin, nucleoplasm, nucleus, nuclear heterochromatin";0,000554715078164397
"861";861;"Q13347";"Q13347";"EIF3I_HUMAN";"Eukaryotic translation initiation factor 3 subunit I";"EIF3I";2;3;0,00018602175086059;2;1;2;1;0,000248939836868301;0,000123674256809021;"eukaryotic 48S preinitiation complex, extracellular vesicular exosome, cytosol, eukaryotic translation initiation factor 3 complex, eukaryotic 43S preinitiation complex";0,000151285930408472
"862";862;"Q13362";"Q13362-1";"2A5G_HUMAN";"Serine/threonine-protein phosphatase 2A 56 kDa regulatory subunit gamma isoform";"PPP2R5C";3;4;0,000232461447216231;2;2;2;2;0,000205866277308391;0,000260801629339634;"chromosome, centromeric region, protein phosphatase type 2A complex, nucleus";0,000201714573877963
"864";864;"Q13409";"Q13409-1,Q13409-2,Q13409-3,Q13409-5,Q13409-6";"DC1I2_HUMAN";"Cytoplasmic dynein 1 intermediate chain 2";"DYNC1I2";4;5;3,15867654282611e-05;2;3;2;3;2,53622090853285e-05;3,7800125513729e-05;"cytoplasmic dynein complex, cytoplasm, microtubule, centrosome, vesicle, cytosol";0,000252143217347453
"872";872;"Q13509";"Q13509";"TBB3_HUMAN";"Tubulin beta-3 chain";"TUBB3";0;0;0;0;0;0;0;0;0;"microtubule, nucleus, cytoplasm";0
"873";873;"Q13510";"Q13510-1,Q13510-2";"ASAH1_HUMAN";"Acid ceramidase";"ASAH1";8;16;0,000408148989229987;8;7;9;7;0,000460853811923912;0,000356150549671548;"lysosomal lumen, extracellular vesicular exosome";0,000806858295511851
"874";874;"Q13547";"Q13547";"HDAC1_HUMAN";"Histone deacetylase 1";"HDAC1";1;1;6,27148018980205e-05;NA;1;NA;1;NA;0,000125085477581738;"NuRD complex, cytosol, protein complex, nucleoplasm, histone deacetylase complex, Sin3 complex, cytoplasm, nucleus, nuclear chromatin";5,04286434694907e-05
"875";875;"Q13576";"Q13576-1";"IQGA2_HUMAN";"Ras GTPase-activating-like protein IQGAP2";"IQGAP2";37;74;0,000976124607690437;34;33;39;35;0,00102132739794521;0,000932037877401318;"extracellular vesicular exosome, microtubule, actin cytoskeleton, microvillus";0,00373171961674231
"880";880;"Q13765";"Q13765";"NACA_HUMAN";"Nascent polypeptide-associated complex subunit alpha";"NACA";2;4;0,000374927559874058;2;2;2;2;0,000376304404568362;0,00037389891593425;"nascent polypeptide-associated complex, nucleus, cytoplasm, extracellular vesicular exosome";0,000201714573877963
"881";881;"Q13885";"Q13885,Q9BVA1";"TBB2A_HUMAN, TBB2B_HUMAN";"Tubulin beta-2A chain, Tubulin beta-2B chain";"TUBB2A, TUBB2B";1;2;0,000106598951332993;0;1;0;2;0;0,000197168179154043;"cytoplasm, extracellular vesicular exosome, microtubule, nucleus";0,000100857286938981
"884";884;"Q14103";"Q14103-1,Q14103-3";"HNRPD_HUMAN";"Heterogeneous nuclear ribonucleoprotein D0";"HNRNPD";5;9;0,000306542885220973;3;5;4;5;0,000273483201066584;0,000339668733489565;"nucleus, ribonucleoprotein complex, nucleoplasm, extracellular vesicular exosome, cytosol";0,000453857791225416
"886";886;"Q14139";"Q14139-1,Q14139-2";"UBE4A_HUMAN";"Ubiquitin conjugation factor E4 A";"UBE4A";16;33;0,000311926716382087;13;15;16;17;0,000303585166912562;0,000320497311852646;"cytoplasm, ubiquitin ligase complex";0,00166414523449319
"887";887;"Q14145";"Q14145";"KEAP1_HUMAN";"Kelch-like ECH-associated protein 1";"KEAP1";1;2;6,45908857154827e-05;1;1;1;1;6,48280825177867e-05;6,44136754213651e-05;"midbody, endoplasmic reticulum, cytoplasm, nucleus, microtubule organizing center, Cul3-RING ubiquitin ligase complex";0,000100857286938981
"890";890;"Q14202";"Q14202-1,Q14202-2";"ZMYM3_HUMAN";"Zinc finger MYM-type protein 3";"ZMYM3";1;1;7,35487457782139e-06;NA;1;NA;1;NA;1,46693917747926e-05;"nucleus";5,04286434694907e-05
"894";894;"Q14257";"Q14257";"RCN2_HUMAN";"Reticulocalbin-2";"RCN2";9;19;0,00120786993855325;8;9;9;10;0,00114850003602489;0,001267953737001;"endoplasmic reticulum lumen, endoplasmic reticulum, nucleolus";0,000958144225920323
"899";899;"Q14566";"Q14566";"MCM6_HUMAN";"DNA replication licensing factor MCM6";"MCM6";3;5;0,000122730550202379;2;3;2;3;9,85450024143701e-05;0,00014687259487064;"nucleoplasm, nucleus, MCM complex";0,000252143217347453
"902";902;"Q14669";"Q14669-1,Q14669-2,Q14669-3,Q14669-4";"TRIPC_HUMAN";"E3 ubiquitin-protein ligase TRIP12";"TRIP12";2;2;5,05832237530888e-06;2;NA;2;NA;1,01537960570027e-05;NA;"nucleus, nucleoplasm, cytoplasm";0,000100857286938981
"903";903;"Q14671";"Q14671-1";"PUM1_HUMAN";"Pumilio homolog 1";"PUM1";9;18;0,000305853637586974;7;8;8;10;0,000272868286617868;0,000338905003903304;"cytosol";0,000907715582450832
"908";908;"Q14738";"Q14738-1,Q14738-2,Q14738-3";"2A5D_HUMAN";"Serine/threonine-protein phosphatase 2A 56 kDa regulatory subunit delta isoform";"PPP2R5D";3;5;6,19919907199169e-05;2;3;2;3;4,47981434009955e-05;8,01211962716249e-05;"protein phosphatase type 2A complex, cytosol, nucleoplasm, nucleus";0,000252143217347453
"912";912;"Q14978";"Q14978-1,Q14978-2,Q14978-3";"NOLC1_HUMAN";"Nucleolar and coiled-body phosphoprotein 1";"NOLC1";2;4;3,84403554472687e-05;2;2;2;2;3,85815197816871e-05;3,8334891237894e-05;"Cajal body, cytoplasm, nucleolus";0,000201714573877963
"918";918;"Q15008";"Q15008";"PSMD6_HUMAN";"26S proteasome non-ATPase regulatory subunit 6";"PSMD6";2;2;0,000103611086597587;2;NA;2;NA;0,000207983154195881;NA;"cytosol, proteasome complex, proteasome accessory complex, nucleoplasm, extracellular vesicular exosome";0,000100857286938981
"921";921;"Q15042";"Q15042-1";"RB3GP_HUMAN";"Rab3 GTPase-activating protein catalytic subunit";"RAB3GAP1";19;46;0,000944962682761068;16;17;21;25;0,000865960441705482;0,00102431532780152;"cytoplasm, extracellular vesicular exosome";0,00231971759959657
"931";931;"Q15293";"Q15293";"RCN1_HUMAN";"Reticulocalbin-1";"RCN1";7;15;0,000913248776883562;6;6;7;8;0,000855495662953754;0,00097145941904367;"endoplasmic reticulum, endoplasmic reticulum lumen";0,00075642965204236
"936";936;"Q15386";"Q15386-1";"UBE3C_HUMAN";"Ubiquitin-protein ligase E3C";"UBE3C";4;10;0,000186079005939341;4;3;5;5;0,00018676234298753;0,000185568483208365;"intracellular, nucleus, cytoplasm, proteasome complex";0,000504286434694907
"941";941;"Q15555";"Q15555-1";"MARE2_HUMAN";"Microtubule-associated protein RP/EB family member 2";"MAPRE2";10;26;0,00160232802729051;8;10;12;14;0,00148450361435225;0,00172084975070656;"microtubule cytoskeleton, cytoplasm, microtubule";0,00131114473020676
"943";943;"Q15645";"Q15645-1";"PCH2_HUMAN";"Pachytene checkpoint protein 2 homolog";"TRIP13";10;16;0,0007463835682678;7;8;7;9;0,000655483945457621;0,000837377780477746;"male germ cell nucleus, nucleus";0,000806858295511851
"953";953;"Q16537";"Q16537";"2A5E_HUMAN";"Serine/threonine-protein phosphatase 2A 56 kDa regulatory subunit epsilon isoform";"PPP2R5E";1;1;6,0413916232383e-05;1;0;1;0;0,000115496712322909;0;"cytoplasm, protein phosphatase type 2A complex";5,04286434694907e-05
"954";954;"Q16539";"Q16539-2";"MK14_HUMAN";"Mitogen-activated protein kinase 14";"MAPK14";1;2;0,00041051096254729;1;1;1;1;0,000337106029092491;0,000558251853651831;"spindle pole, cytoplasm, extracellular vesicular exosome, cytosol, nucleoplasm, mitochondrion, nucleus";0,000100857286938981
"955";955;"Q16539";"Q16539-1";"MK14_HUMAN";"Mitogen-activated protein kinase 14";"MAPK14";1;1;0,000205255481273645;1;0;1;0;0,000337106029092491;0;"spindle pole, cytoplasm, extracellular vesicular exosome, cytosol, nucleoplasm, mitochondrion, nucleus";5,04286434694907e-05
"957";957;"Q16576";"Q16576-1";"RBBP7_HUMAN";"Histone-binding protein RBBP7";"RBBP7";4;8;0,000379338472343164;4;4;4;4;0,000380731515210343;0,000378297726709947;"nucleoplasm, ESC/E(Z) complex, NuRD complex, nucleus";0,000403429147755925
"960";960;"Q16637";"Q16637-1,Q16637-2,Q16637-3,Q16637-4";"SMN_HUMAN";"Survival motor neuron protein";"SMN2,SMN1";3;5;8,56817871735995e-05;3;2;3;2;0,000103195723191579;6,83573698349181e-05;"SMN-Sm protein complex, nucleus, nucleoplasm, Cajal body, cytosol, cytoplasm, Z disc, Gemini of coiled bodies, SMN complex";0,000252143217347453
"962";962;"Q16698";"Q16698";"DECR_HUMAN";"2,4-dienoyl-CoA reductase, mitochondrial";"DECR1";3;6;0,000360937725550399;3;3;3;3;0,000362263195442677;0,000359947463847151;"cytoplasm, extracellular vesicular exosome, mitochondrial matrix, mitochondrion, nucleus";0,000302571860816944
"969";969;"Q27J81";"Q27J81-1,Q27J81-2";"INF2_HUMAN";"Inverted formin-2";"INF2";2;3;2,76596449867056e-05;1;2;1;2;1,61940446321453e-05;4,02263145145435e-05;"nucleus, perinuclear region of cytoplasm, cytoplasm, endoplasmic reticulum";0,000151285930408472
"973";973;"Q2TAL8";"Q2TAL8";"QRIC1_HUMAN";"Glutamine-rich protein 1";"QRICH1";5;10;0,000259695313701425;5;5;5;5;0,000260648991566359;0,000258982818704458;"nucleus";0,000504286434694907
"975";975;"Q3SXM5";"Q3SXM5-1,Q3SXM5-2";"HSDL1_HUMAN";"Inactive hydroxysteroid dehydrogenase-like protein 1";"HSDL1";1;2;6,10677464946382e-05;1;1;1;1;6,12920052895438e-05;6,09002022165634e-05;"mitochondrion";0,000100857286938981
"982";982;"Q53FT3";"Q53FT3";"HIKES_HUMAN";"Protein Hikeshi";"C11orf73";4;10;0,00102296225092541;4;4;4;6;0,000821375096265968;0,00122418680597762;"cell junction, cytosol, intracellular, extracellular vesicular exosome, nucleus";0,000504286434694907
"987";987;"Q53R41";"Q53R41-1,Q53R41-2";"FAKD1_HUMAN";"FAST kinase domain-containing protein 1";"FASTKD1";1;1;1,18963142522022e-05;NA;1;NA;1;NA;2,37273515129468e-05;"mitochondrion";5,04286434694907e-05
"990";990;"Q58FF6";"Q58FF6";"H90B4_HUMAN";"Putative heat shock protein HSP 90-beta 4";"HSP90AB4P";1;1;4,64475669654073e-05;1;0;1;0;9,56084809435107e-05;0;"cytoplasm";5,04286434694907e-05
"998";998;"Q5HYK3";"Q5HYK3-1";"COQ5_HUMAN";"2-methoxy-6-polyprenyl-1,4-benzoquinol methylase, mitochondrial";"COQ5";10;19;0,00117093201994306;8;9;8;11;0,000989669076234836;0,00135209623269801;"mitochondrion";0,000958144225920323
"1000";1000;"Q5JPH6";"Q5JPH6";"SYEM_HUMAN";"Probable glutamate--tRNA ligase, mitochondrial";"EARS2";3;6;0,000231193380610676;3;3;3;3;0,000232042390962327;0,000230559082961368;"mitochondrial matrix, mitochondrion";0,000302571860816944
"1003";1003;"Q5JTZ9";"Q5JTZ9";"SYAM_HUMAN";"Alanine--tRNA ligase, mitochondrial";"AARS2";1;1;2,04592450185082e-05;NA;1;NA;1;NA;4,08062268659206e-05;"mitochondrion";5,04286434694907e-05
"1007";1007;"Q5T160";"Q5T160";"SYRM_HUMAN";"Probable arginine--tRNA ligase, mitochondrial";"RARS2";6;10;0,000348656684138938;5;3;6;4;0,000419924465305525;0,000278160093169078;"mitochondrial matrix";0,000504286434694907
"1017";1017;"Q5XKP0";"Q5XKP0";"QIL1_HUMAN";"Protein QIL1";"QIL1";3;6;0,00102469608524901;3;3;3;3;0,0010284590718076;0,00102188474905759;"mitochondrion";0,000302571860816944
"1023";1023;"Q68D91";"Q68D91-1";"MBLC2_HUMAN";"Metallo-beta-lactamase domain-containing protein 2";"MBLAC2";5;9;0,000650076011071955;5;4;5;4;0,000724959202349443;0,00057625997796318;"extracellular vesicular exosome";0,000453857791225416
"1031";1031;"Q6JQN1";"Q6JQN1-1,Q6JQN1-2";"ACD10_HUMAN";"Acyl-CoA dehydrogenase family member 10";"ACAD10";2;2;1,9029609389264e-05;2;NA;2;NA;3,81989834665712e-05;NA;"mitochondrion";0,000100857286938981
"1032";1032;"Q6KC79";"Q6KC79-1,Q6KC79-2";"NIPBL_HUMAN";"Nipped-B-like protein";"NIPBL";1;2;7,18700297547454e-06;1;NA;2;NA;1,44267915446145e-05;NA;"extracellular vesicular exosome, nucleus, SMC loading complex, nucleoplasm";0,000100857286938981
"1049";1049;"Q6UW78";"Q6UW78";"CK083_HUMAN";"UPF0723 protein C11orf83";"C11orf83";2;4;0,000866768014762607;2;2;2;2;0,000869951042819332;0,000864389966944771;"extracellular region";0,000201714573877963
"1058";1058;"Q6ZRQ5";"Q6ZRQ5";"MMS22_HUMAN";"Protein MMS22-like";"MMS22L";3;5;8,10633803026171e-05;3;2;3;2;9,76332827621052e-05;6,46727811149346e-05;"nuclear replication fork";0,000252143217347453
"1066";1066;"Q7L0Y3";"Q7L0Y3";"MRRP1_HUMAN";"Mitochondrial ribonuclease P protein 1";"TRMT10C";4;7;0,000350040929038745;4;3;4;3;0,000401515865916615;0,000299211911634728;"nucleus, mitochondrial nucleoid, mitochondrion";0,000353000504286435
"1070";1070;"Q7L7V1";"Q7L7V1-1,Q7L7V1-2";"DHX32_HUMAN";"Putative pre-mRNA-splicing factor ATP-dependent RNA helicase DHX32";"DHX32";2;3;4,0684434071125e-05;1;2;1;2;2,72225595498647e-05;5,40970840685489e-05;"nucleus, mitochondrion";0,000151285930408472
"1071";1071;"Q7L8L6";"Q7L8L6";"FAKD5_HUMAN";"FAST kinase domain-containing protein 5";"FASTKD5";5;7;0,000184642008380385;2;5;2;5;0,000105897181913872;0,000263050611668402;"mitochondrion";0,000353000504286435
"1072";1072;"Q7LBC6";"Q7LBC6-1,Q7LBC6-2,Q7LBC6-3";"KDM3B_HUMAN";"Lysine-specific demethylase 3B";"KDM3B";2;4;1,52582671536859e-05;1;2;2;2;1,53143000155589e-05;1,52164048695559e-05;"nucleus";0,000201714573877963
"1075";1075;"Q7RTS9";"Q7RTS9-1";"DYM_HUMAN";"Dymeclin";"DYM";4;7;0,000257719886800989;3;4;3;4;0,000217682816992461;0,000300404584924752;"Golgi apparatus, cytoplasm";0,000353000504286435
"1078";1078;"Q7Z333";"Q7Z333-1,Q7Z333-3,Q7Z333-4";"SETX_HUMAN";"Probable helicase senataxin";"SETX";1;1;2,50932092432208e-06;NA;1;NA;1;NA;5,00487280076352e-06;"nucleoplasm, cytoplasm, nucleolus, nucleus";5,04286434694907e-05
"1080";1080;"Q7Z3D6";"Q7Z3D6-2,Q7Z3D6-3,Q7Z3D6-4";"CN159_HUMAN";"UPF0317 protein C14orf159, mitochondrial";"C14orf159";1;1;1,09049547311854e-05;1;NA;1;NA;2,18900018891228e-05;NA;"mitochondrion";5,04286434694907e-05
"1082";1082;"Q7Z3U7";"Q7Z3U7-1,Q7Z3U7-2,Q7Z3U7-4";"MON2_HUMAN";"Protein MON2 homolog";"MON2";12;26;0,000165669926677991;10;11;13;13;0,000167627977213795;0,000163771207357697;"trans-Golgi network";0,00131114473020676
"1083";1083;"Q7Z3U7";"Q7Z3U7-3";"MON2_HUMAN";"Protein MON2 homolog";"MON2";1;1;1,91157607705374e-05;1;0;1;0;3,86833793570296e-05;0;"trans-Golgi network";5,04286434694907e-05
"1088";1088;"Q7Z4R8";"Q7Z4R8";"CF120_HUMAN";"UPF0669 protein C6orf120";"C6orf120";2;3;0,000316529157223517;2;1;2;1;0,000423588727655486;0,000210440489334722;"extracellular vesicular exosome";0,000151285930408472
"1090";1090;"Q7Z5H3";"Q7Z5H3-1,Q7Z5H3-2,Q7Z5H3-3";"RHG22_HUMAN";"Rho GTPase-activating protein 22";"ARHGAP22";2;2;1,92477137948716e-05;NA;2;NA;2;NA;3,83898122855127e-05;"nucleus, cytosol";0,000100857286938981
"1103";1103;"Q86V21";"Q86V21-1,Q86V21-3";"AACS_HUMAN";"Acetoacetyl-CoA synthetase";"AACS";1;2;2,99886255107598e-05;1;1;1;1;3,00987525975438e-05;2,99063493027767e-05;"cytosol";0,000100857286938981
"1106";1106;"Q86VQ0";"Q86VQ0";"LCA5_HUMAN";"Lebercilin";"LCA5";2;2;5,78259866376775e-05;NA;2;NA;2;NA;0,000115334672777423;"cilium, cytoplasm, microtubule organizing center";0,000100857286938981
"1110";1110;"Q86Y56";"Q86Y56-1";"HEAT2_HUMAN";"HEAT repeat-containing protein 2";"HEATR2";20;42;0,000989940311597293;19;18;21;21;0,000993575664693658;0,000987224330668501;"cytoplasm";0,00211800302571861
"1114";1114;"Q86YZ3";"Q86YZ3";"HORN_HUMAN";"Hornerin";"HRNR";2;2;1,41420044513899e-05;NA;2;NA;2;NA;2,82064094476715e-05;"extracellular vesicular exosome, cornified envelope, nucleus";0,000100857286938981
"1115";1115;"Q8IV48";"Q8IV48";"ERI1_HUMAN";"3'-5' exoribonuclease 1";"ERI1";1;1;5,77431413846149e-05;NA;1;NA;1;NA;0,000115169436856538;"nucleolus, nucleus, histone pre-mRNA 3'end processing complex, cytoplasm";5,04286434694907e-05
"1116";1116;"Q8IWZ3";"Q8IWZ3-1,Q8IWZ3-4,Q8IWZ3-6";"ANKH1_HUMAN";"Ankyrin repeat and KH domain-containing protein 1";"ANKHD1";2;3;7,92775623258482e-06;1;2;1;2;5,30457952938617e-06;1,05413410603021e-05;"cytoplasm";0,000151285930408472
"1122";1122;"Q8IY67";"Q8IY67-1,Q8IY67-2";"RAVR1_HUMAN";"Ribonucleoprotein PTB-binding 1";"RAVER1";2;4;6,65094268753485e-05;2;2;2;2;6,6753669127226e-05;6,63269529091284e-05;"nucleus, cytoplasm";0,000201714573877963
"1131";1131;"Q8N163";"Q8N163-1,Q8N163-2";"CCAR2_HUMAN";"Cell cycle and apoptosis regulator protein 2";"CCAR2";1;2;2,18335388334026e-05;NA;1;NA;2;NA;4,35472735243032e-05;"DBIRD complex, nucleus, mitochondrial matrix, cytoplasm, nuclear chromatin";0,000100857286938981
"1132";1132;"Q8N183";"Q8N183";"MIMIT_HUMAN";"Mimitin, mitochondrial";"NDUFAF2";13;27;0,00321960722643329;13;11;14;13;0,00335111318861175;0,00309185642022553;"mitochondrion";0,00136157337367625
"1136";1136;"Q8N2K0";"Q8N2K0-1,Q8N2K0-2";"ABD12_HUMAN";"Monoacylglycerol lipase ABHD12";"ABHD12";5;11;0,000278487336401428;5;5;6;5;0,000304920026314816;0,000252475712706858;"alpha-amino-3-hydroxy-5-methyl-4-isoxazolepropionic acid selective glutamate receptor complex";0,000554715078164397
"1149";1149;"Q8N726";"Q8N726-1";"CD2A2_HUMAN";"Cyclin-dependent kinase inhibitor 2A, isoform 4";"CDKN2A";1;2;0,000305338732473191;1;1;1;1;0,000306460026447719;0,000304501011082817;"protein complex, mitochondrion, nucleoplasm, nucleolus, nucleus";0,000100857286938981
"1160";1160;"Q8NBN7";"Q8NBN7-1";"RDH13_HUMAN";"Retinol dehydrogenase 13";"RDH13";4;8;0,0004870660143379;4;4;4;4;0,000488854664545002;0,000485729709521835;"mitochondrion";0,000403429147755925
"1162";1162;"Q8NBQ5";"Q8NBQ5";"DHB11_HUMAN";"Estradiol 17-beta-dehydrogenase 11";"HSD17B11";12;33;0,00221675919775537;12;12;18;15;0,00242716340946594;0,00200970667314659;"extracellular region, lipid particle, cytoplasm";0,00166414523449319
"1180";1180;"Q8NI27";"Q8NI27-1";"THOC2_HUMAN";"THO complex subunit 2";"THOC2";2;4;5,06022758147661e-05;2;2;2;2;5,07881023114864e-05;5,04634443979056e-05;"THO complex, THO complex part of transcription export complex, transcription export complex, nuclear speck";0,000201714573877963
"1181";1181;"Q8NI37";"Q8NI37";"PPTC7_HUMAN";"Protein phosphatase PTC7 homolog";"PPTC7";1;1;6,62906458658901e-05;NA;1;NA;1;NA;0,00013221754428596;"mitochondrion";5,04286434694907e-05
"1182";1182;"Q8NI60";"Q8NI60-1";"ADCK3_HUMAN";"Chaperone activity of bc1 complex-like, mitochondrial";"ADCK3";6;9;0,000280326440632265;5;4;5;4;0,000312617646762743;0,0002484954155359;"mitochondrion";0,000453857791225416
"1188";1188;"Q8TC07";"Q8TC07-2";"TBC15_HUMAN";"TBC1 domain family member 15";"TBC1D15";16;29;0,000845757357385944;14;12;16;13;0,000936676665495778;0,000756184855308414;"mitochondrion, extracellular vesicular exosome, cytoplasm";0,00146243066061523
"1207";1207;"Q8WUY1";"Q8WUY1";"THEM6_HUMAN";"Protein THEM6";"THEM6";7;15;0,00145329492859836;7;7;7;8;0,00136138973287352;0,00154592821011276;"extracellular region";0,00075642965204236
"1213";1213;"Q8WWC4";"Q8WWC4";"CB047_HUMAN";"Uncharacterized protein C2orf47, mitochondrial";"C2orf47";5;9;0,000623268752883421;5;4;5;4;0,000695063977510291;0,000552496679902843;"mitochondrion";0,000453857791225416
"1214";1214;"Q8WWV3";"Q8WWV3-1,Q8WWV3-3";"RT4I1_HUMAN";"Reticulon-4-interacting protein 1, mitochondrial";"RTN4IP1";2;8;0,000203559154982127;2;2;2;6;0,00010215334214924;0,000304501011082817;"mitochondrion";0,000403429147755925
"1216";1216;"Q8WXX5";"Q8WXX5";"DNJC9_HUMAN";"DnaJ homolog subfamily C member 9";"DNAJC9";1;1;7,75090628585792e-05;1;NA;1;NA;0,000155587398042688;NA;"nucleus";5,04286434694907e-05
"1219";1219;"Q92485";"Q92485-1,Q92485-2";"ASM3B_HUMAN";"Acid sphingomyelinase-like phosphodiesterase 3b";"SMPDL3B";1;1;2,21454465310226e-05;1;NA;1;NA;4,44535422979109e-05;NA;"extracellular vesicular exosome, extracellular space";5,04286434694907e-05
"1224";1224;"Q92522";"Q92522";"H1X_HUMAN";"Histone H1x";"H1FX";1;3;0,000283836004834234;1;1;2;1;0,000379837779259145;0,000188704851938647;"nucleosome, nucleus, nucleolus";0,000151285930408472
"1232";1232;"Q92598";"Q92598-1,Q92598-2,Q92598-3";"HS105_HUMAN";"Heat shock protein 105 kDa";"HSPH1";2;3;2,34875948056301e-05;2;1;2;1;3,14317975843815e-05;1,56154364657855e-05;"cytosol, endocytic vesicle lumen, extracellular region, nucleus, cytoplasm, microtubule, extracellular vesicular exosome";0,000151285930408472
"1235";1235;"Q92609";"Q92609";"TBCD5_HUMAN";"TBC1 domain family member 5";"TBC1D5";6;12;0,000304186510841217;5;6;5;7;0,000254419644598106;0,000353910609107576;"retromer complex";0,000605143721633888
"1242";1242;"Q92769";"Q92769";"HDAC2_HUMAN";"Histone deacetylase 2";"HDAC2";1;1;6,19437182681268e-05;NA;1;NA;1;NA;0,000123547541381963;"NuRD complex, nucleoplasm, transcription factor complex, nucleus, Sin3 complex, ESC/E(Z) complex, replication fork, nuclear chromatin, heterochromatin, cytoplasm, protein complex";5,04286434694907e-05
"1246";1246;"Q92922";"Q92922";"SMRC1_HUMAN";"SWI/SNF complex subunit SMARCC1";"SMARCC1";2;2;3,64748531099196e-05;NA;2;NA;2;NA;7,27495628288359e-05;"nuclear chromatin, SWI/SNF complex, protein complex, nBAF complex, XY body, nucleus, npBAF complex";0,000100857286938981
"1250";1250;"Q92973";"Q92973-1,Q92973-2";"TNPO1_HUMAN";"Transportin-1";"TNPO1";15;36;0,000594484773414627;12;13;18;18;0,000623735671440621;0,000566955111949298;"nucleus, cytoplasm, cytosol";0,00181543116490166
"1252";1252;"Q92990";"Q92990-1";"GLMN_HUMAN";"Glomulin";"GLMN";7;13;0,000441044835794609;6;7;6;7;0,000408613368596959;0,00047366823946216;"Cul3-RING ubiquitin ligase complex, Cul2-RING ubiquitin ligase complex, Cul4A-RING E3 ubiquitin ligase complex, intracellular, cullin-RING ubiquitin ligase complex";0,000655572365103379
"1253";1253;"Q92997";"Q92997";"DVL3_HUMAN";"Segment polarity protein dishevelled homolog DVL-3";"DVL3";1;1;5,62914981654486e-05;0;1;0;1;0;0,000112274115818245;"cell cortex";5,04286434694907e-05
"1266";1266;"Q969Z0";"Q969Z0-1";"TBRG4_HUMAN";"Protein TBRG4";"TBRG4";8;21;0,000670680638998166;7;7;10;11;0,000641089120302677;0,000700690123759509;"mitochondrion";0,0010590015128593
"1272";1272;"Q96AE4";"Q96AE4-2";"FUBP1_HUMAN";"Far upstream element-binding protein 1";"FUBP1";1;1;0,000327759740848034;0;1;0;1;0;0,000555077846457155;"nucleus";5,04286434694907e-05
"1273";1273;"Q96AE4";"Q96AE4-1";"FUBP1_HUMAN";"Far upstream element-binding protein 1";"FUBP1";1;2;0,000655519481696068;1;1;1;1;0,000856674061509223;0,000555077846457155;"nucleus";0,000100857286938981
"1279";1279;"Q96C36";"Q96C36";"P5CR2_HUMAN";"Pyrroline-5-carboxylate reductase 2";"PYCR2";3;5;0,000314880567862978;2;2;3;2;0,000379244282729052;0,000251213334143324;"cytoplasm";0,000252143217347453
"1288";1288;"Q96EY4";"Q96EY4";"TMA16_HUMAN";"Translation machinery-associated protein 16";"TMA16";1;1;9,92726913459635e-05;1;NA;1;NA;0,000199274499956152;NA;"nucleus";5,04286434694907e-05
"1296";1296;"Q96HY6";"Q96HY6-1";"DDRGK_HUMAN";"DDRGK domain-containing protein 1";"DDRGK1";6;13;0,000834333224401267;5;6;6;7;0,000772981977536922;0,00089604756127555;"endoplasmic reticulum";0,000655572365103379
"1300";1300;"Q96JH7";"Q96JH7";"VCIP1_HUMAN";"Deubiquitinating protein VCIP135";"VCPIP1";2;3;4,94738699097314e-05;2;1;2;1;6,62074034224205e-05;3,28920895768673e-05;"cytoplasm, Golgi stack, endoplasmic reticulum";0,000151285930408472
"1309";1309;"Q96M27";"Q96M27-1,Q96M27-2,Q96M27-3,Q96M27-5";"PRRC1_HUMAN";"Protein PRRC1";"PRRC1";2;4;4,52861940297317e-05;2;2;2;2;4,54524983046055e-05;4,51619477111594e-05;"Golgi apparatus";0,000201714573877963
"1316";1316;"Q96PU8";"Q96PU8-1,Q96PU8-3,Q96PU8-5,Q96PU8-6,Q96PU8-8,Q96PU8-9";"QKI_HUMAN";"Protein quaking";"QKI";4;7;6,89474557197528e-05;4;3;4;3;7,90864584381211e-05;5,89356795644162e-05;"nucleus, cytoplasm";0,000353000504286435
"1322";1322;"Q96RU2";"Q96RU2-1,Q96RU2-2";"UBP28_HUMAN";"Ubiquitin carboxyl-terminal hydrolase 28";"USP28";2;2;1,87115657783014e-05;2;NA;2;NA;3,75605603445673e-05;NA;"nucleolus, protein complex, nucleoplasm, nucleus";0,000100857286938981
"1329";1329;"Q99417";"Q99417";"MYCBP_HUMAN";"C-Myc-binding protein";"MYCBP";3;6;0,00117392367047945;2;3;2;4;0,000785489776526193;0,00156093722186143;"nucleus, mitochondrion, centrosome, cytoplasm";0,000302571860816944
"1331";1331;"Q99504";"Q99504-1,Q99504-2";"EYA3_HUMAN";"Eyes absent homolog 3";"EYA3";1;2;3,51699063581686e-05;1;1;1;1;3,52990606379572e-05;3,50734148891203e-05;"nucleus, transcription factor complex, cytoplasm";0,000100857286938981
"1341";1341;"Q99729";"Q99729-1,Q99729-2,Q99729-3,Q99729-4";"ROAA_HUMAN";"Heterogeneous nuclear ribonucleoprotein A/B";"HNRNPAB";1;1;1,51749671259267e-05;NA;1;NA;1;NA;3,02666667642559e-05;"ribonucleoprotein complex, cytoplasm, nucleus";5,04286434694907e-05
"1342";1342;"Q99733";"Q99733";"NP1L4_HUMAN";"Nucleosome assembly protein 1-like 4";"NAP1L4";3;6;0,00032243770149169;3;2;4;2;0,000431495717238389;0,000214368711802303;"cytoplasm, nucleus";0,000302571860816944
"1346";1346;"Q99832";"Q99832-1,Q99832-3";"TCPH_HUMAN";"T-complex protein 1 subunit eta";"CCT7";8;17;0,000315460458411529;7;8;7;10;0,00026074499487817;0,00037011172617801;"microtubule, chaperonin-containing T-complex, zona pellucida receptor complex, cell body, cytosol, extracellular vesicular exosome, cytoplasm, mitochondrion";0,000857286938981341
"1348";1348;"Q99956";"Q99956";"DUS9_HUMAN";"Dual specificity protein phosphatase 9";"DUSP9";3;4;0,000209920378575319;3;NA;4;NA;0,000421382536365614;NA;"nucleus, cytoplasm";0,000201714573877963
"1351";1351;"Q9BQE3";"Q9BQE3";"TBA1C_HUMAN";"Tubulin alpha-1C chain";"TUBA1C";1;2;0,00163776714336957;1;1;1;1;0,00177036974743896;0,00152779482798969;"microtubule, nucleus, cytoplasmic microtubule, vesicle";0,000100857286938981
"1367";1367;"Q9BUF5";"Q9BUF5";"TBB6_HUMAN";"Tubulin beta-6 chain";"TUBB6";2;3;0,0005159266116408;1;2;1;2;0,000411934497433649;0,000616313922619814;"extracellular vesicular exosome, microtubule, nucleus, cytoplasm";0,000151285930408472
"1368";1368;"Q9BUJ2";"Q9BUJ2-1,Q9BUJ2-2,Q9BUJ2-4";"HNRL1_HUMAN";"Heterogeneous nuclear ribonucleoprotein U-like protein 1";"HNRNPUL1";3;3;2,35424723635871e-05;3;NA;3;NA;4,72578545456763e-05;NA;"ribonucleoprotein complex, nucleoplasm, nucleus";0,000151285930408472
"1372";1372;"Q9BV20";"Q9BV20-1,Q9BV20-2";"MTNA_HUMAN";"Methylthioribose-1-phosphate isomerase";"MRI1";1;2;5,46134318244732e-05;1;NA;2;NA;0,000109627976940648;NA;"nucleolus, cytoplasm, cell projection, cytosol";0,000100857286938981
"1374";1374;"Q9BVC4";"Q9BVC4-1,Q9BVC4-3,Q9BVC4-4";"LST8_HUMAN";"Target of rapamycin complex subunit LST8";"MLST8";1;1;2,06056813325466e-05;1;NA;1;NA;4,13627029561339e-05;NA;"cytoplasm, cytosol";5,04286434694907e-05
"1382";1382;"Q9BWF3";"Q9BWF3-1";"RBM4_HUMAN";"RNA-binding protein 4";"RBM4";5;9;0,000498272546948009;5;4;5;4;0,000555669278723886;0,000441693774317932;"cytoplasm, nucleus, nucleoplasm, cytoplasmic stress granule, nuclear speck, nucleolus";0,000453857791225416
"1383";1383;"Q9BWH2";"Q9BWH2";"FUND2_HUMAN";"FUN14 domain-containing protein 2";"FUNDC2";5;9;0,000959636016344314;5;4;5;4;0,00107017787013489;0,000850669491278981;"nucleus, mitochondrion";0,000453857791225416
"1384";1384;"Q9BWH6";"Q9BWH6-1,Q9BWH6-2";"RPAP1_HUMAN";"RNA polymerase II-associated protein 1";"RPAP1";6;9;6,5100935782152e-05;5;4;5;4;7,26000062654324e-05;5,77087343329962e-05;"nucleus";0,000453857791225416
"1392";1392;"Q9BY41";"Q9BY41-1,Q9BY41-2,Q9BY41-4,Q9BY41-5";"HDAC8_HUMAN";"Histone deacetylase 8";"HDAC8";2;4;5,3454526109365e-05;2;2;2;2;5,36508269112718e-05;5,33078693142332e-05;"cytosol, nuclear chromosome, nucleus, histone deacetylase complex, cytoplasm";0,000201714573877963
"1394";1394;"Q9BYD1";"Q9BYD1";"RM13_HUMAN";"39S ribosomal protein L13, mitochondrial";"MRPL13";1;2;0,000226430970148658;1;1;1;1;0,000227262491523028;0,000225809738555797;"mitochondrial large ribosomal subunit, mitochondrial ribosome";0,000100857286938981
"1395";1395;"Q9BZE1";"Q9BZE1";"RM37_HUMAN";"39S ribosomal protein L37, mitochondrial";"MRPL37";2;3;0,000142924513072557;1;2;1;2;9,56329160546074e-05;0,0001900431842219;"mitochondrion, mitochondrial ribosome";0,000151285930408472
"1400";1400;"Q9C0E2";"Q9C0E2";"XPO4_HUMAN";"Exportin-4";"XPO4";22;47;0,000822902474484655;21;19;24;23;0,000843497275227085;0,000803184248173269;"cytoplasm, nucleus";0,00237014624306606
"1404";1404;"Q9GZM7";"Q9GZM7-1";"TINAL_HUMAN";"Tubulointerstitial nephritis antigen-like";"TINAGL1";2;2;8,63055946176899e-05;NA;2;NA;2;NA;0,000172137616543605;"extracellular space, extracellular region, cytoplasm, extracellular vesicular exosome";0,000100857286938981
"1406";1406;"Q9GZT3";"Q9GZT3";"SLIRP_HUMAN";"SRA stem-loop-interacting RNA-binding protein, mitochondrial";"SLIRP";6;12;0,00221860803778686;6;5;7;5;0,00259788132511645;0,00184376759004274;"ribonucleoprotein complex, mitochondrion, nucleus";0,000605143721633888
"1409";1409;"Q9GZZ1";"Q9GZZ1-1,Q9GZZ1-2";"NAA50_HUMAN";"N-alpha-acetyltransferase 50";"NAA50";1;1;5,96223560450609e-05;1;NA;1;NA;0,000119682613878991;NA;"extracellular vesicular exosome, cytoplasm";5,04286434694907e-05
"1414";1414;"Q9H0P0";"Q9H0P0-4";"5NT3A_HUMAN";"Cytosolic 5'-nucleotidase 3A";"NT5C3A";3;4;0,000239909004086079;NA;3;NA;4;NA;0,000478501588844427;"mitochondrion, cytosol, endoplasmic reticulum, cytoplasm";0,000201714573877963
"1415";1415;"Q9H0Q0";"Q9H0Q0";"FA49A_HUMAN";"Protein FAM49A";"FAM49A";4;7;0,000499129568872585;4;3;4;3;0,000584456273349211;0,000419985140673049;"intracellular";0,000353000504286435
"1430";1430;"Q9H3U1";"Q9H3U1-1,Q9H3U1-2";"UN45A_HUMAN";"Protein unc-45 homolog A";"UNC45A";14;20;0,000213478351093544;10;10;10;10;0,000214262306626583;0,000212892656053664;"perinuclear region of cytoplasm, nucleus, Golgi apparatus, cytoplasm";0,00100857286938981
"1439";1439;"Q9H5N1";"Q9H5N1-1,Q9H5N1-2";"RABE2_HUMAN";"Rab GTPase-binding effector protein 2";"RABEP2";1;1;1,77085732365822e-05;1;NA;1;NA;3,55472086916511e-05;NA;"early endosome, nucleus, cytoplasm";5,04286434694907e-05
"1440";1440;"Q9H5Q4";"Q9H5Q4";"TFB2M_HUMAN";"Dimethyladenosine transferase 2, mitochondrial";"TFB2M";4;6;0,000305338732473191;4;2;4;2;0,000408613368596959;0,000203000674055211;"mitochondrial nucleoid, mitochondrial matrix";0,000302571860816944
"1441";1441;"Q9H5X1";"Q9H5X1-1,Q9H5X1-2";"FA96A_HUMAN";"MIP18 family protein FAM96A";"FAM96A";1;2;0,000125952227145191;1;1;1;1;0,000126414760909684;0,000125606667071662;"nucleus, cytoplasm";0,000100857286938981
"1442";1442;"Q9H6K4";"Q9H6K4-1";"OPA3_HUMAN";"Optic atrophy 3 protein";"OPA3";2;2;0,000225165992661794;NA;2;NA;2;NA;0,000449096463272981;"mitochondrion";0,000100857286938981
"1444";1444;"Q9H7B4";"Q9H7B4-1,Q9H7B4-3";"SMYD3_HUMAN";"Histone-lysine N-methyltransferase SMYD3";"SMYD3";3;6;0,000152120590657025;3;2;4;2;0,000189031418182705;0,000109563447912976;"nucleus, cytoplasm";0,000302571860816944
"1445";1445;"Q9H7D0";"Q9H7D0-1";"DOCK5_HUMAN";"Dedicator of cytokinesis protein 5";"DOCK5";3;4;4,45678867737539e-05;3;1;3;1;6,67516292901251e-05;2,23897802266777e-05;"cytoplasm";0,000201714573877963
"1447";1447;"Q9H845";"Q9H845";"ACAD9_HUMAN";"Acyl-CoA dehydrogenase family member 9, mitochondrial";"ACAD9";12;21;0,000681480649287991;11;10;11;10;0,000716553878264232;0,000647248525973137;"dendrite, nucleus, mitochondrion";0,0010590015128593
"1451";1451;"Q9H900";"Q9H900-1,Q9H900-2";"ZWILC_HUMAN";"Protein zwilch homolog";"ZWILCH";1;1;1,70493708487569e-05;1;NA;1;NA;3,42239623444153e-05;NA;"condensed chromosome kinetochore, cytosol, kinetochore";5,04286434694907e-05
"1458";1458;"Q9HAV4";"Q9HAV4";"XPO5_HUMAN";"Exportin-5";"XPO5";25;66;0,00110469727462892;25;24;35;31;0,00117595126427613;0,00103489878517516;"cytoplasm, nucleoplasm, nucleus, cytosol";0,00332829046898638
"1459";1459;"Q9HB40";"Q9HB40-1,Q9HB40-2";"RISC_HUMAN";"Retinoid-inducible serine carboxypeptidase";"SCPEP1";2;3;6,68772887496591e-05;1;2;1;2;4,47485879326316e-05;8,8925074033035e-05;"cytosol, extracellular vesicular exosome";0,000151285930408472
"1463";1463;"Q9HCG8";"Q9HCG8";"CWC22_HUMAN";"Pre-mRNA-splicing factor CWC22 homolog";"CWC22";2;5;0,000110971125238054;1;2;2;3;8,9102915178632e-05;0,000132800000428189;"spliceosomal complex, nuclear speck, catalytic step 2 spliceosome, cytoplasm, nucleus";0,000252143217347453
"1469";1469;"Q9NP92";"Q9NP92";"RT30_HUMAN";"28S ribosomal protein S30, mitochondrial";"MRPS30";1;1;4,59051397340105e-05;1;NA;1;NA;9,21474339204987e-05;NA;"mitochondrion, ribosome";5,04286434694907e-05
"1478";1478;"Q9NR31";"Q9NR31";"SAR1A_HUMAN";"GTP-binding protein SAR1a";"SAR1A";4;11;0,00174156165929153;4;4;5;6;0,00158905198898817;0,00189467295784864;"extracellular vesicular exosome, Golgi apparatus, sarcoplasmic reticulum";0,000554715078164397
"1479";1479;"Q9NR50";"Q9NR50-1,Q9NR50-2,Q9NR50-3";"EI2BG_HUMAN";"Translation initiation factor eIF-2B subunit gamma";"EIF2B3";3;4;5,94464788885858e-05;3;1;3;1;8,94971758652631e-05;2,9641691344345e-05;"cytoplasm, eukaryotic translation initiation factor 2B complex, cytosol";0,000201714573877963
"1484";1484;"Q9NRN7";"Q9NRN7";"ADPPT_HUMAN";"L-aminoadipate-semialdehyde dehydrogenase-phosphopantetheinyl transferase";"AASDHPPT";1;2;0,000130435963386606;1;NA;2;NA;0,000261829925508731;NA;"cytosol, extracellular vesicular exosome";0,000100857286938981
"1487";1487;"Q9NRV9";"Q9NRV9";"HEBP1_HUMAN";"Heme-binding protein 1";"HEBP1";2;2;0,000213252448076514;2;NA;2;NA;0,000428071148053957;NA;"extracellular region, mitochondrion, extracellular vesicular exosome, cytosol";0,000100857286938981
"1489";1489;"Q9NRY2";"Q9NRY2-1";"SOSSC_HUMAN";"SOSS complex subunit C";"INIP";1;1;0,000193772657146448;1;NA;1;NA;0,00038896849510672;NA;"nucleus, SOSS complex";5,04286434694907e-05
"1491";1491;"Q9NRZ9";"Q9NRZ9-1,Q9NRZ9-2,Q9NRZ9-3,Q9NRZ9-5,Q9NRZ9-6";"HELLS_HUMAN";"Lymphoid-specific helicase";"HELLS";1;1;4,80963158549656e-06;1;NA;1;NA;9,65458794536967e-06;NA;"nucleus, chromosome, centromeric region, centromeric heterochromatin";5,04286434694907e-05
"1495";1495;"Q9NTJ3";"Q9NTJ3-1,Q9NTJ3-2";"SMC4_HUMAN";"Structural maintenance of chromosomes protein 4";"SMC4";1;2;1,56462393969182e-05;NA;1;NA;2;NA;3,12066253594191e-05;"cytosol, cytoplasm, nucleoplasm, condensin complex, nucleus";0,000100857286938981
"1502";1502;"Q9NUQ7";"Q9NUQ7";"UFSP2_HUMAN";"Ufm1-specific protease 2";"UFSP2";1;1;4,2968776851238e-05;NA;1;NA;1;NA;8,57017771064645e-05;"cytoplasm, endoplasmic reticulum, nucleus";5,04286434694907e-05
"1503";1503;"Q9NUQ9";"Q9NUQ9";"FA49B_HUMAN";"Protein FAM49B";"FAM49B";5;7;0,000497589045511867;2;4;2;5;0,000291326197981165;0,000697814817064789;"cilium, extracellular vesicular exosome";0,000353000504286435
"1512";1512;"Q9NW13";"Q9NW13";"RBM28_HUMAN";"RNA-binding protein 28";"RBM28";2;2;5,31023882562071e-05;2;NA;2;NA;0,000106594791807902;NA;"spliceosomal complex, nucleolus";0,000100857286938981
"1515";1515;"Q9NWS8";"Q9NWS8-1,Q9NWS8-2";"RMND1_HUMAN";"Required for meiotic nuclear division protein 1 homolog";"RMND1";4;6;0,000134648260645193;3;3;3;3;0,000135142728812135;0,000134278842303781;"mitochondrion";0,000302571860816944
"1521";1521;"Q9NX58";"Q9NX58";"LYAR_HUMAN";"Cell growth-regulating nucleolar protein";"LYAR";5;9;0,000478551997596505;3;4;4;5;0,000426941672729276;0,000530265612967438;"nucleolus, nucleus";0,000453857791225416
"1531";1531;"Q9NYH9";"Q9NYH9";"UTP6_HUMAN";"U3 small nucleolar RNA-associated protein 6 homolog";"UTP6";2;3;0,000101268122327792;2;1;2;1;0,000135520011695474;6,73268567218289e-05;"nucleolus";0,000151285930408472
"1539";1539;"Q9NZJ6";"Q9NZJ6";"COQ3_HUMAN";"Hexaprenyldihydroxybenzoate methyltransferase, mitochondrial";"COQ3";2;4;0,000218453727297893;2;2;2;2;0,000219255953881295;0,00021785438191291;"mitochondrial matrix";0,000201714573877963
"1542";1542;"Q9NZQ3";"Q9NZQ3-1,Q9NZQ3-2,Q9NZQ3-3,Q9NZQ3-4,Q9NZQ3-5";"SPN90_HUMAN";"NCK-interacting protein with SH3 domain";"NCKIPSD";2;2;1,11647403563604e-05;2;NA;2;NA;2,24114811585036e-05;NA;"nucleus, cytosol, intermediate filament";0,000100857286938981
"1549";1549;"Q9P0K8";"Q9P0K8-1,Q9P0K8-2";"FOXJ2_HUMAN";"Forkhead box protein J2";"FOXJ2";1;1;1,75543173721521e-05;NA;1;NA;1;NA;3,50123113788605e-05;"nucleus, nucleolus";5,04286434694907e-05
"1556";1556;"Q9P258";"Q9P258";"RCC2_HUMAN";"Protein RCC2";"RCC2";1;2;7,72120932690828e-05;1;1;1;1;7,7495638871837e-05;7,70002556761146e-05;"mitotic spindle midzone, cytosol, midbody, chromosome, centromeric core region, nucleolus, microtubule";0,000100857286938981
"1561";1561;"Q9P2J5";"Q9P2J5";"SYLC_HUMAN";"Leucine--tRNA ligase, cytoplasmic";"LARS";8;15;0,000257045361520799;7;6;8;7;0,000275188595177544;0,000239250794422213;"cytoplasm, nucleus, cytosol";0,00075642965204236
"1566";1566;"Q9UBB9";"Q9UBB9-1";"TFP11_HUMAN";"Tuftelin-interacting protein 11";"TFIP11";6;11;0,000264845782288574;5;4;5;6;0,000241653067449814;0,00028812998898159;"nuclear speck, U2-type post-mRNA release spliceosomal complex, catalytic step 2 spliceosome, cytoplasm, spliceosomal complex, proteinaceous extracellular matrix";0,000554715078164397
"1580";1580;"Q9UHA4";"Q9UHA4";"LTOR3_HUMAN";"Ragulator complex protein LAMTOR3";"LAMTOR3";3;5;0,000812595013839944;2;3;2;3;0,000652463282114499;0,000972438712812867;"extracellular vesicular exosome, Ragulator complex";0,000252143217347453
"1581";1581;"Q9UHB9";"Q9UHB9-1";"SRP68_HUMAN";"Signal recognition particle subunit SRP68";"SRP68";4;6;0,000192845515246226;4;2;4;2;0,000258071601219132;0,00012821095203487;"signal recognition particle, endoplasmic reticulum targeting, ribosome, cytosol, nucleolus, endoplasmic reticulum";0,000302571860816944
"1588";1588;"Q9UI10";"Q9UI10-1,Q9UI10-2,Q9UI10-3";"EI2BD_HUMAN";"Translation initiation factor eIF-2B subunit delta";"EIF2B4";2;3;3,85322301017793e-05;NA;2;NA;3;NA;7,68530276537894e-05;"eukaryotic translation initiation factor 2B complex, cytosol, cytoplasm";0,000151285930408472
"1590";1590;"Q9UI26";"Q9UI26-1,Q9UI26-2";"IPO11_HUMAN";"Importin-11";"IPO11";15;33;0,000341039876577749;12;15;15;18;0,000311174796085376;0,000371022770427063;"cytoplasm, nucleus";0,00166414523449319
"1591";1591;"Q9UIA9";"Q9UIA9";"XPO7_HUMAN";"Exportin-7";"XPO7";35;99;0,00183540319961346;35;32;53;46;0,00197239590158992;0,00170094769024367;"nuclear pore, cytoplasm, nucleus";0,00499243570347958
"1592";1592;"Q9UII2";"Q9UII2-1";"ATIF1_HUMAN";"ATPase inhibitor, mitochondrial";"ATPIF1";4;13;0,00247151540058488;4;2;8;5;0,00305303573517728;0,00189594969164773;"cell surface, mitochondrion";0,000655572365103379
"1596";1596;"Q9UJX2";"Q9UJX2-1,Q9UJX2-3";"CDC23_HUMAN";"Cell division cycle protein 23 homolog";"CDC23";2;2;3,37560407759307e-05;NA;2;NA;2;NA;6,73268567218289e-05;"cytosol, intracellular, anaphase-promoting complex, nucleoplasm";0,000100857286938981
"1597";1597;"Q9UJX6";"Q9UJX6-1,Q9UJX6-2";"ANC2_HUMAN";"Anaphase-promoting complex subunit 2";"ANAPC2";4;6;7,35487457782139e-05;2;4;2;4;4,92125589916045e-05;9,77959451652843e-05;"nucleoplasm, cytosol, anaphase-promoting complex";0,000302571860816944
"1603";1603;"Q9ULK4";"Q9ULK4-1,Q9ULK4-3,Q9ULK4-4,Q9ULK4-5";"MED23_HUMAN";"Mediator of RNA polymerase II transcription subunit 23";"MED23";2;2;7,36562731843224e-06;2;NA;2;NA;1,47853521531794e-05;NA;"transcription factor complex, mediator complex, nucleoplasm";0,000100857286938981
"1604";1604;"Q9ULX6";"Q9ULX6-1,Q9ULX6-2";"AKP8L_HUMAN";"A-kinase anchor protein 8-like";"AKAP8L";2;2;3,11955980545365e-05;NA;2;NA;2;NA;6,22200208404518e-05;"nuclear matrix, nucleus, cytoplasm";0,000100857286938981
"1611";1611;"Q9UNS1";"Q9UNS1-1,Q9UNS1-2";"TIM_HUMAN";"Protein timeless homolog";"TIMELESS";2;2;1,66824141914161e-05;2;NA;2;NA;3,348735388336e-05;NA;"nuclear chromatin, nucleus";0,000100857286938981
"1615";1615;"Q9UQ35";"Q9UQ35-1";"SRRM2_HUMAN";"Serine/arginine repetitive matrix protein 2";"SRRM2";3;5;3,66140195189509e-05;2;3;2;3;2,93987816069033e-05;4,38162792110449e-05;"Cajal body, nuclear speck, nucleus, catalytic step 2 spliceosome";0,000252143217347453
"1618";1618;"Q9Y263";"Q9Y263";"PLAP_HUMAN";"Phospholipase A-2-activating protein";"PLAA";6;11;0,000278837634937782;5;6;5;6;0,000254419644598106;0,000303351950663637;"extracellular vesicular exosome";0,000554715078164397
"1630";1630;"Q9Y2Z9";"Q9Y2Z9-1,Q9Y2Z9-2,Q9Y2Z9-3";"COQ6_HUMAN";"Ubiquinone biosynthesis monooxygenase COQ6";"COQ6";3;5;7,17676507949808e-05;2;3;2;3;5,76249622380327e-05;8,58849005618202e-05;"mitochondrion, Golgi apparatus, cell projection";0,000252143217347453
"1631";1631;"Q9Y305";"Q9Y305-1,Q9Y305-2,Q9Y305-3,Q9Y305-4";"ACOT9_HUMAN";"Acyl-coenzyme A thioesterase 9, mitochondrial";"ACOT9";6;9;0,000103286564401524;5;4;5;4;0,000115184292400623;9,15583905761545e-05;"mitochondrion";0,000453857791225416
"1634";1634;"Q9Y375";"Q9Y375";"CIA30_HUMAN";"Complex I intermediate-associated protein 30, mitochondrial";"NDUFAF1";1;1;6,16280010496349e-05;1;NA;1;NA;0,000123708634529355;NA;"mitochondrial respiratory chain complex I, cytoplasm";5,04286434694907e-05
"1639";1639;"Q9Y3B7";"Q9Y3B7-1,Q9Y3B7-2";"RM11_HUMAN";"39S ribosomal protein L11, mitochondrial";"MRPL11";5;10;0,000524800946438297;5;4;6;4;0,000632073804548421;0,000418688890238873;"mitochondrial ribosome";0,000504286434694907
"1640";1640;"Q9Y3D0";"Q9Y3D0";"MIP18_HUMAN";"Mitotic spindle-associated MMXD complex subunit MIP18";"FAM96B";4;7;0,000865438615966958;3;4;3;4;0,00074452865321041;0,00098635910338483;"nucleus, cytoplasm, spindle, MMXD complex, CIA complex";0,000353000504286435
"1659";1659;"Q9Y5A9";"Q9Y5A9-1,Q9Y5A9-2";"YTHD2_HUMAN";"YTH domain-containing family protein 2";"YTHDF2";2;2;5,80090856166684e-05;1;1;1;1;5,23999008952059e-05;6,94199196250982e-05;"cytoplasmic mRNA processing body";0,000100857286938981
"1660";1660;"Q9Y5K5";"Q9Y5K5-1,Q9Y5K5-2,Q9Y5K5-3,Q9Y5K5-4";"UCHL5_HUMAN";"Ubiquitin carboxyl-terminal hydrolase isozyme L5";"UCHL5";5;11;0,0001684467475498;5;5;6;5;0,000184434909533886;0,000152713273035455;"nucleus, Ino80 complex, proteasome complex, cytosol";0,000554715078164397
"1669";1669;"Q9Y616";"Q9Y616-1,Q9Y616-2";"IRAK3_HUMAN";"Interleukin-1 receptor-associated kinase 3";"IRAK3";1;1;1,69063392141196e-05;NA;1;NA;1;NA;3,3719910623265e-05;"cytoplasm, nucleus";5,04286434694907e-05
"1677";1677;"Q9Y689";"Q9Y689-1";"ARL5A_HUMAN";"ADP-ribosylation factor-like protein 5A";"ARL5A";2;2;0,000225165992661794;2;NA;2;NA;0,000451985737330714;NA;"intracellular";0,000100857286938981
"1680";1680;"Q9Y6C2";"Q9Y6C2";"EMIL1_HUMAN";"EMILIN-1";"EMILIN1";1;1;1,98349964008175e-05;NA;1;NA;1;NA;3,95611549832006e-05;"extracellular vesicular exosome, extracellular region, proteinaceous extracellular matrix, collagen trimer";5,04286434694907e-05
"1686";1686;"Q9Y6I9";"Q9Y6I9";"TX264_HUMAN";"Testis-expressed sequence 264 protein";"TEX264";2;3;0,000193153575174734;2;1;2;1;0,000258483856173156;0,000128415761862402;"extracellular vesicular exosome";0,000151285930408472
"1688";1688;"Q9Y6M1";"Q9Y6M1-1,Q9Y6M1-2,Q9Y6M1-3,Q9Y6M1-4,Q9Y6M1-5,Q9Y6M1-6";"IF2B2_HUMAN";"Insulin-like growth factor 2 mRNA-binding protein 2";"IGF2BP2";5;9;5,04649991900599e-05;5;4;5;4;5,62781350738716e-05;4,4734706135706e-05;"cytosol, nucleus, cytoskeleton, cytoplasm";0,000453857791225416
